"DESCRIPTION","DURATION IN MS","NAME","PARENT SUITE","START TIME","STATUS","STOP TIME","SUB SUITE","SUITE","TEST CLASS","TEST METHOD"
"","0","test_is_done[Released-False]","tests.unit","Mon May 04 08:13:47 UTC 2026","passed","Mon May 04 08:13:47 UTC 2026","","test_metrics","",""
"","0","test_issue_factory_matches_is_done_expectations","tests.component","Mon May 04 08:13:46 UTC 2026","passed","Mon May 04 08:13:46 UTC 2026","","test_contracts","",""
"","0","test_import_app_logging_setup","tests.unit","Mon May 04 08:13:46 UTC 2026","passed","Mon May 04 08:13:46 UTC 2026","","test_imports","",""
"","1","test_setup_logging_attaches_file_handler","tests.unit","Mon May 04 08:13:47 UTC 2026","passed","Mon May 04 08:13:47 UTC 2026","","test_logging_setup","",""
"","2","test_ai_assisted_label_default","tests.unit","Mon May 04 08:13:45 UTC 2026","passed","Mon May 04 08:13:45 UTC 2026","","test_config","",""
"","0","test_timestamp_folder_name_valid_iso","tests.unit","Mon May 04 08:13:47 UTC 2026","passed","Mon May 04 08:13:47 UTC 2026","","test_main_helpers","",""
"","2","test_env_bool_values[0-False]","tests.unit","Mon May 04 08:13:46 UTC 2026","passed","Mon May 04 08:13:46 UTC 2026","","test_config","",""
"Eye button toggles token input between password and text.","221","test_token_show_hide_toggle[chromium]","tests.e2e","Mon May 04 08:14:45 UTC 2026","passed","Mon May 04 08:14:45 UTC 2026","","test_e2e_ui","",""
"URL and email fields are populated from the server config on load.","181","test_fields_prepopulated_from_server_config[chromium]","tests.e2e","Mon May 04 08:14:20 UTC 2026","passed","Mon May 04 08:14:20 UTC 2026","","test_e2e_connection","",""
"","2","test_env_bool_values[no-False]","tests.unit","Mon May 04 08:13:46 UTC 2026","passed","Mon May 04 08:13:46 UTC 2026","","test_config","",""
"","0","test_ai_usage_no_ai_issues","tests.unit","Mon May 04 08:13:47 UTC 2026","passed","Mon May 04 08:13:47 UTC 2026","","test_metrics","",""
"","30","test_ai_assistance_section_hidden_when_section_visibility_false","tests.component","Mon May 04 08:13:47 UTC 2026","passed","Mon May 04 08:13:47 UTC 2026","","test_report_html","",""
"","1","test_estimation_type_default_story_points","tests.unit","Mon May 04 08:13:46 UTC 2026","passed","Mon May 04 08:13:46 UTC 2026","","test_config","",""
"Email and API token must be masked.","1","test_sanitise_error_replaces_email_and_token","tests.unit","Mon May 04 08:13:46 UTC 2026","passed","Mon May 04 08:13:46 UTC 2026","","test_jira_client","",""
"","1","test_delete_schema_refuses_default","tests.unit","Mon May 04 08:13:47 UTC 2026","passed","Mon May 04 08:13:47 UTC 2026","","test_schema","",""
"","0","test_test_connection_empty_body","tests.component","Mon May 04 08:13:53 UTC 2026","passed","Mon May 04 08:13:53 UTC 2026","","test_server","",""
"","0","test_get_labels_missing_fields","tests.unit","Mon May 04 08:13:47 UTC 2026","passed","Mon May 04 08:13:47 UTC 2026","","test_metrics","",""
"Clicking 'New Survey' on the confirmation hides it and shows the form again.","185","test_new_survey_button_returns_to_form[chromium]","tests.e2e","Mon May 04 08:14:17 UTC 2026","passed","Mon May 04 08:14:17 UTC 2026","","test_dau_survey_ui","",""
"A token value that contains '=' characters must be stored verbatim.","1","test_token_with_equals_in_value","tests.component","Mon May 04 08:14:07 UTC 2026","passed","Mon May 04 08:14:07 UTC 2026","TestWriteEnvFields","test_server_config","",""
"When closed sprints span multiple pages, the NEWEST sprints are returned, not the oldest.","0","test_get_sprints_returns_newest_when_paginated","tests.unit","Mon May 04 08:13:46 UTC 2026","passed","Mon May 04 08:13:46 UTC 2026","","test_jira_client","",""
"","0","test_import_app_jira_client","tests.unit","Mon May 04 08:13:46 UTC 2026","passed","Mon May 04 08:13:46 UTC 2026","","test_imports","",""
"Editing schema_name to match an existing entry overwrites that entry (upsert).","4","test_post_schema_rename_collision_overwrites","tests.component","Mon May 04 08:14:05 UTC 2026","passed","Mon May 04 08:14:05 UTC 2026","","test_server","",""
"POST with empty schema dict returns 400 about schema_name.","8","test_post_schema_requires_schema_name","tests.unit","Mon May 04 08:13:47 UTC 2026","passed","Mon May 04 08:13:47 UTC 2026","","test_server_handlers","",""
"","0","test_ai_usage_empty_labels","tests.unit","Mon May 04 08:13:47 UTC 2026","passed","Mon May 04 08:13:47 UTC 2026","","test_metrics","",""
"","2","test_ai_exclude_labels_empty","tests.unit","Mon May 04 08:13:45 UTC 2026","passed","Mon May 04 08:13:45 UTC 2026","","test_config","",""
"GET /api/schemas?name=Nonexistent returns 404.","1","test_get_schema_not_found","tests.component","Mon May 04 08:14:01 UTC 2026","passed","Mon May 04 08:14:01 UTC 2026","","test_server","",""
"","30","test_html_dau_trend_absent_when_empty","tests.component","Mon May 04 08:13:47 UTC 2026","passed","Mon May 04 08:13:47 UTC 2026","","test_dau_report","",""
"","8","test_delete_schema_removes_existing_file","tests.unit","Mon May 04 08:13:47 UTC 2026","passed","Mon May 04 08:13:47 UTC 2026","","test_server_handlers","",""
"","0","test_ai_trend_fallback_uses_tool_labels_when_assisted_label_empty","tests.unit","Mon May 04 08:13:47 UTC 2026","passed","Mon May 04 08:13:47 UTC 2026","","test_metrics","",""
"Same user, different weeks → two records written.","1","test_dedup_different_weeks_both_kept","tests.unit","Mon May 04 08:13:46 UTC 2026","passed","Mon May 04 08:13:46 UTC 2026","","test_dau_normalizer","",""
"","261","test_test_connection_http_error","tests.component","Mon May 04 08:13:53 UTC 2026","passed","Mon May 04 08:13:53 UTC 2026","","test_server","",""
"All required form inputs carry aria-required='true' (NFR-A-003).","129","test_required_fields_have_aria_required[chromium]","tests.e2e","Mon May 04 08:14:57 UTC 2026","passed","Mon May 04 08:14:57 UTC 2026","","test_e2e_ui","",""
"_load_filters() creates config/jira_filters.json with the default when the file is absent.","7","test_load_filters_creates_file_when_missing","tests.unit","Mon May 04 08:13:46 UTC 2026","passed","Mon May 04 08:13:46 UTC 2026","","test_filter_handlers","",""
"","0","test_import_app_metrics","tests.unit","Mon May 04 08:13:46 UTC 2026","passed","Mon May 04 08:13:46 UTC 2026","","test_imports","",""
"","0","test_validate_cert_missing_file","tests.unit","Mon May 04 08:13:45 UTC 2026","passed","Mon May 04 08:13:45 UTC 2026","","test_cert_validation","",""
"","1","test_get_unknown_returns_404","tests.component","Mon May 04 08:13:50 UTC 2026","passed","Mon May 04 08:13:50 UTC 2026","","test_server","",""
"_build_jql_from_params() produces correct JQL clauses for each param combination.","8","test_build_jql_from_params[params3-project = PROJ-sprint in closedSprints()]","tests.unit","Mon May 04 08:13:46 UTC 2026","passed","Mon May 04 08:13:46 UTC 2026","","test_filter_handlers","",""
"","0","test_md_table_data_row","tests.component","Mon May 04 08:13:48 UTC 2026","passed","Mon May 04 08:13:48 UTC 2026","","test_report_md","",""
"End-to-end regression for the user-reported bug:

    Sprint 6's velocity should be 18, not 23. The 5-point ticket whose sprint
    field includes Sprint 7 (active, not fetched) must not inflate Sprint 6.
    ","0","test_velocity_excludes_ticket_carried_to_unfetched_active_sprint","tests.unit","Mon May 04 08:13:47 UTC 2026","passed","Mon May 04 08:13:47 UTC 2026","","test_metrics","",""
"ArrowDown key moves selection from the first to the second radio card.","64","test_radio_card_keyboard_navigation[chromium]","tests.e2e","Mon May 04 08:14:14 UTC 2026","passed","Mon May 04 08:14:14 UTC 2026","","test_dau_survey_ui","",""
"_handle_delete_filter() returns ok=False for an unknown slug.","7","test_delete_unknown_slug_returns_not_found","tests.unit","Mon May 04 08:13:46 UTC 2026","passed","Mon May 04 08:13:46 UTC 2026","","test_filter_handlers","",""
"Jira URL must be masked in error messages.","0","test_sanitise_error_replaces_url","tests.unit","Mon May 04 08:13:46 UTC 2026","passed","Mon May 04 08:13:46 UTC 2026","","test_jira_client","",""
"","30","test_ai_assistance_sprint_and_pct_present","tests.component","Mon May 04 08:13:47 UTC 2026","passed","Mon May 04 08:13:47 UTC 2026","","test_report_html","",""
"","0","test_logger_has_success_method","tests.unit","Mon May 04 08:13:46 UTC 2026","passed","Mon May 04 08:13:46 UTC 2026","","test_logging_setup","",""
"Two responses from same user in same week → only latest counts.","1","test_compute_dau_trend_dedup_applied","tests.unit","Mon May 04 08:13:46 UTC 2026","passed","Mon May 04 08:13:46 UTC 2026","","test_dau_metrics","",""
"Clicking submit replaces the form with the confirmation screen.","149","test_submit_hides_form_and_shows_confirmation[chromium]","tests.e2e","Mon May 04 08:14:14 UTC 2026","passed","Mon May 04 08:14:14 UTC 2026","","test_dau_survey_ui","",""
"python main.py with empty env → exit 1, stderr contains error.","302","test_cli_no_credentials_via_subprocess","tests.integration","Mon May 04 08:13:47 UTC 2026","passed","Mon May 04 08:13:47 UTC 2026","","test_cli_server","",""
"","0","test_template_file_exists","tests.component","Mon May 04 08:13:47 UTC 2026","passed","Mon May 04 08:13:47 UTC 2026","","test_report_html","",""
"Non-credential env vars (JIRA_BOARD_ID, etc.) must survive credential updates.","0","test_preserves_unrelated_optional_env_vars","tests.component","Mon May 04 08:14:07 UTC 2026","passed","Mon May 04 08:14:07 UTC 2026","TestWriteEnvFields","test_server_config","",""
"","1","test_get_in_progress_statuses_defaults","tests.unit","Mon May 04 08:13:47 UTC 2026","passed","Mon May 04 08:13:47 UTC 2026","","test_schema","",""
"JSR-AD-005: Null or structurally incomplete entries in the Jira fields response are tolerated.","0","test_build_schema_from_fields_tolerates_null_and_incomplete_entries","tests.unit","Mon May 04 08:13:47 UTC 2026","passed","Mon May 04 08:13:47 UTC 2026","","test_schema","",""
"","0","test_compute_velocity_no_issues","tests.unit","Mon May 04 08:13:47 UTC 2026","passed","Mon May 04 08:13:47 UTC 2026","","test_metrics","",""
"","0","test_get_issues_for_sprint_single_page","tests.unit","Mon May 04 08:13:46 UTC 2026","passed","Mon May 04 08:13:46 UTC 2026","","test_jira_client","",""
"_CLIENT_DISCONNECT must catch BrokenPipeError, ConnectionAbortedError, and ConnectionResetError.","8","test_client_disconnect_tuple_includes_all_error_types","tests.unit","Mon May 04 08:13:47 UTC 2026","passed","Mon May 04 08:13:47 UTC 2026","","test_server_handlers","",""
"Updating one credential must leave others byte-identical.","1","test_partial_update_preserves_untouched_key","tests.component","Mon May 04 08:14:07 UTC 2026","passed","Mon May 04 08:14:07 UTC 2026","TestWriteEnvFields","test_server_config","",""
"'Settings saved' flash appears after clicking Save.","373","test_save_shows_flash_confirmation[chromium]","tests.e2e","Mon May 04 08:14:26 UTC 2026","passed","Mon May 04 08:14:26 UTC 2026","","test_e2e_connection","",""
"Updating JIRA_URL must not disturb JIRA_EMAIL or JIRA_API_TOKEN.","1","test_preserves_other_credential_keys_when_updating_url","tests.component","Mon May 04 08:14:07 UTC 2026","passed","Mon May 04 08:14:07 UTC 2026","TestWriteEnvFields","test_server_config","",""
"","0","test_md_dau_shows_team_avg","tests.component","Mon May 04 08:13:47 UTC 2026","passed","Mon May 04 08:13:47 UTC 2026","","test_dau_report","",""
"","1","test_parse_args_no_args","tests.unit","Mon May 04 08:13:47 UTC 2026","passed","Mon May 04 08:13:47 UTC 2026","","test_main_helpers","",""
"GET /api/cert-status with a valid cert PEM returns all validity fields.","2","test_cert_status_with_valid_cert_returns_enriched_fields","tests.component","Mon May 04 08:13:57 UTC 2026","passed","Mon May 04 08:13:57 UTC 2026","","test_server","",""
"","1","test_replaces_existing_key","tests.component","Mon May 04 08:14:07 UTC 2026","passed","Mon May 04 08:14:07 UTC 2026","TestWriteEnvFields","test_server_config","",""
"ORDER BY stripping is case-insensitive.","0","test_get_filter_jql_strips_order_by_case_insensitive","tests.unit","Mon May 04 08:13:46 UTC 2026","passed","Mon May 04 08:13:46 UTC 2026","","test_jira_client","",""
"","1","test_load_schemas_invalid_json","tests.unit","Mon May 04 08:13:47 UTC 2026","passed","Mon May 04 08:13:47 UTC 2026","","test_schema","",""
"Saved PEM bundle includes the leaf cert followed by the certifi CA store.","1","test_fetch_cert_bundle_contains_certifi_cas","tests.integration","Mon May 04 08:13:47 UTC 2026","passed","Mon May 04 08:13:47 UTC 2026","","test_fetch_ssl_cert","",""
"","0","test_is_done[Done-True]","tests.unit","Mon May 04 08:13:47 UTC 2026","passed","Mon May 04 08:13:47 UTC 2026","","test_metrics","",""
"","0","test_dedup_different_weeks_kept_separate","tests.unit","Mon May 04 08:13:46 UTC 2026","passed","Mon May 04 08:13:46 UTC 2026","","test_dau_metrics","",""
"","1","test_breakdown_sorted_descending_by_count","tests.unit","Mon May 04 08:13:46 UTC 2026","passed","Mon May 04 08:13:46 UTC 2026","","test_dau_metrics","",""
"Import main.py via importlib without executing it — confirms 'from app import ...' resolves.","0","test_main_imports_resolve","tests.unit","Mon May 04 08:13:46 UTC 2026","passed","Mon May 04 08:13:46 UTC 2026","","test_imports","",""
"","1","test_fetch_cert_exits_on_os_error","tests.integration","Mon May 04 08:13:47 UTC 2026","passed","Mon May 04 08:13:47 UTC 2026","","test_fetch_ssl_cert","",""
"POST with a fresh schema_name saves and returns updated:false.","9","test_post_schema_inserts_new_entry","tests.unit","Mon May 04 08:13:47 UTC 2026","passed","Mon May 04 08:13:47 UTC 2026","","test_server_handlers","",""
"Verify test-connection returns the expected JSON shape for an error response.","241","test_server_test_connection_json_shape","tests.integration","Mon May 04 08:13:48 UTC 2026","passed","Mon May 04 08:13:48 UTC 2026","","test_integration","",""
"Posting the same name twice updates the existing entry; only one user filter exists.","4","test_post_filter_upserts_on_duplicate_name","tests.component","Mon May 04 08:14:24 UTC 2026","passed","Mon May 04 08:14:24 UTC 2026","","test_server_filters","",""
"","1","test_creates_env_from_example_when_env_missing","tests.component","Mon May 04 08:14:07 UTC 2026","passed","Mon May 04 08:14:07 UTC 2026","TestWriteEnvFields","test_server_config","",""
"","2","test_validate_config_warns_trailing_slash","tests.unit","Mon May 04 08:13:45 UTC 2026","passed","Mon May 04 08:13:45 UTC 2026","","test_config","",""
"","1","test_commented_out_lines_not_returned","tests.component","Mon May 04 08:14:09 UTC 2026","passed","Mon May 04 08:14:09 UTC 2026","TestGetConfig","test_server_config","",""
"","1","test_build_schema_from_fields_detects_sprint","tests.unit","Mon May 04 08:13:47 UTC 2026","passed","Mon May 04 08:13:47 UTC 2026","","test_schema","",""
"fetch_kanban_data() uses a single `updated >= oldest` JQL, not per-week resolutiondate ranges.

    Jira workflows (especially team-managed projects) often do not set resolutiondate when an
    issue transitions to Done. Using `updated` ensures issues are captured regardless.
    ","1","test_fetch_kanban_data_jql_uses_updated_not_resolutiondate","tests.unit","Mon May 04 08:13:46 UTC 2026","passed","Mon May 04 08:13:46 UTC 2026","","test_jira_client","",""
"Badge shows 'Valid' (success) when cert exists, is valid, and expires in > 7 days.","173","test_cert_badge_shows_valid_when_cert_valid[chromium]","tests.e2e","Mon May 04 08:14:30 UTC 2026","passed","Mon May 04 08:14:30 UTC 2026","","test_e2e_connection","",""
"","0","test_create_client_returns_jira_instance","tests.unit","Mon May 04 08:13:46 UTC 2026","passed","Mon May 04 08:13:46 UTC 2026","","test_jira_client","",""
"","0","test_fetch_sprint_data_passes_filter_jql_to_each_sprint","tests.unit","Mon May 04 08:13:46 UTC 2026","passed","Mon May 04 08:13:46 UTC 2026","","test_jira_client","",""
"Timestamp in saved JSON must be ISO 8601 +00:00 format, no milliseconds.","149","test_submit_timestamp_format[chromium]","tests.e2e","Mon May 04 08:14:14 UTC 2026","passed","Mon May 04 08:14:15 UTC 2026","","test_dau_survey_ui","",""
"Selecting Default_Jira_Cloud loads its JSON into the editor.","181","test_schema_load_into_editor_on_select[chromium]","tests.e2e","Mon May 04 08:14:40 UTC 2026","passed","Mon May 04 08:14:40 UTC 2026","","test_e2e_schema_ui","",""
"","2","test_ai_exclude_labels_parsed","tests.unit","Mon May 04 08:13:45 UTC 2026","passed","Mon May 04 08:13:45 UTC 2026","","test_config","",""
"Saved filename follows dau_<username>_<timestamp>.json pattern (DAU-F-014).","152","test_filename_matches_dau_username_timestamp_pattern[chromium]","tests.e2e","Mon May 04 08:14:15 UTC 2026","passed","Mon May 04 08:14:15 UTC 2026","","test_dau_survey_ui","",""
"","0","test_ai_trend_fallback_uses_action_labels_when_assisted_label_empty","tests.unit","Mon May 04 08:13:47 UTC 2026","passed","Mon May 04 08:13:47 UTC 2026","","test_metrics","",""
"","0","test_setup_logging_log_filename_matches_pattern","tests.unit","Mon May 04 08:13:47 UTC 2026","passed","Mon May 04 08:13:47 UTC 2026","","test_logging_setup","",""
"","2","test_jira_schema_name_custom","tests.unit","Mon May 04 08:13:46 UTC 2026","passed","Mon May 04 08:13:46 UTC 2026","","test_config","",""
"","1","test_malformed_json_skipped_no_exception","tests.unit","Mon May 04 08:13:46 UTC 2026","passed","Mon May 04 08:13:46 UTC 2026","","test_dau_normalizer","",""
"After the user types into filter-name, switching tabs and returning does not reset the value.","329","test_filter_name_not_overwritten_after_user_edit[chromium]","tests.e2e","Mon May 04 08:14:35 UTC 2026","passed","Mon May 04 08:14:35 UTC 2026","","test_e2e_filters","",""
"MD report currently does not render AI assistance trend section.","1","test_md_report_no_ai_assistance_section","tests.component","Mon May 04 08:13:48 UTC 2026","passed","Mon May 04 08:13:48 UTC 2026","","test_report_md","",""
"","30","test_velocity_value_present","tests.component","Mon May 04 08:13:47 UTC 2026","passed","Mon May 04 08:13:47 UTC 2026","","test_report_html","",""
"","1","test_dedup_different_users_same_week_both_kept","tests.unit","Mon May 04 08:13:46 UTC 2026","passed","Mon May 04 08:13:46 UTC 2026","","test_dau_normalizer","",""
"Invalid URL: Test Connection still proceeds but Jira call fails; Save remains disabled.","331","test_validation_error_invalid_url[chromium]","tests.e2e","Mon May 04 08:14:44 UTC 2026","passed","Mon May 04 08:14:45 UTC 2026","","test_e2e_ui","",""
"","0","test_build_metrics_dict_without_schema_backward_compat","tests.unit","Mon May 04 08:13:47 UTC 2026","passed","Mon May 04 08:13:47 UTC 2026","","test_metrics","",""
"#btn-save-jira-filter is disabled when Default_Jira_Filter is picked; re-enables otherwise.","192","test_save_disabled_when_default_filter_selected[chromium]","tests.e2e","Mon May 04 08:14:39 UTC 2026","passed","Mon May 04 08:14:39 UTC 2026","","test_e2e_filters","",""
"Status badge shows neutral/configured state on initial load, not 'Connected'.","184","test_badge_neutral_on_initial_load[chromium]","tests.e2e","Mon May 04 08:14:29 UTC 2026","passed","Mon May 04 08:14:29 UTC 2026","","test_e2e_connection","",""
"","1","test_save_schema_creates_file","tests.unit","Mon May 04 08:13:47 UTC 2026","passed","Mon May 04 08:13:47 UTC 2026","","test_schema","",""
"","0","test_is_done_with_custom_statuses","tests.unit","Mon May 04 08:13:47 UTC 2026","passed","Mon May 04 08:13:47 UTC 2026","","test_metrics","",""
"On page load with an empty filter-name field, the input is set to Default_Jira_Filter_<YYYY-MM-DD>.","247","test_filter_name_prepopulated_on_empty_load[chromium]","tests.e2e","Mon May 04 08:14:35 UTC 2026","passed","Mon May 04 08:14:35 UTC 2026","","test_e2e_filters","",""
"Reset clears role and radio selection; username remains (per DAU-F-003).","201","test_new_survey_button_clears_role_and_usage_but_keeps_username[chromium]","tests.e2e","Mon May 04 08:14:17 UTC 2026","passed","Mon May 04 08:14:17 UTC 2026","","test_dau_survey_ui","",""
"","0","test_compute_velocity_missing_sprint_id","tests.unit","Mon May 04 08:13:47 UTC 2026","passed","Mon May 04 08:13:47 UTC 2026","","test_metrics","",""
"","2","test_jira_url_multiple_trailing_slashes_stripped","tests.unit","Mon May 04 08:13:45 UTC 2026","passed","Mon May 04 08:13:45 UTC 2026","","test_config","",""
"","1","test_velocity_header_label_jira_tickets","tests.component","Mon May 04 08:13:48 UTC 2026","passed","Mon May 04 08:13:48 UTC 2026","","test_report_md","",""
"The Jira URL label has a visible red asterisk marking it as required.","192","test_required_star_visible_on_jira_url_label[chromium]","tests.e2e","Mon May 04 08:14:18 UTC 2026","passed","Mon May 04 08:14:18 UTC 2026","","test_e2e_connection","",""
"","0","test_velocity_row_has_required_keys","tests.component","Mon May 04 08:13:46 UTC 2026","passed","Mon May 04 08:13:46 UTC 2026","","test_contracts","",""
"Second POST for the same name returns updated:true.","15","test_post_schema_updates_existing_entry","tests.unit","Mon May 04 08:13:47 UTC 2026","passed","Mon May 04 08:13:47 UTC 2026","","test_server_handlers","",""
"","2","test_star_token_not_overwritten","tests.component","Mon May 04 08:14:13 UTC 2026","passed","Mon May 04 08:14:13 UTC 2026","TestPostConfig","test_server_config","",""
"When POST /api/fetch-cert returns ok=false, the error message appears in the cert log.","234","test_fetch_cert_failure_shows_error_in_log[chromium]","tests.e2e","Mon May 04 08:14:33 UTC 2026","passed","Mon May 04 08:14:33 UTC 2026","","test_e2e_connection","",""
"Username is persisted in localStorage when submit succeeds.","148","test_username_saved_to_localstorage_after_submit[chromium]","tests.e2e","Mon May 04 08:14:15 UTC 2026","passed","Mon May 04 08:14:15 UTC 2026","","test_dau_survey_ui","",""
"","0","test_get_board_id_raises_when_not_configured","tests.unit","Mon May 04 08:13:46 UTC 2026","passed","Mon May 04 08:13:46 UTC 2026","","test_jira_client","",""
"","0","test_validate_cert_corrupt_file","tests.unit","Mon May 04 08:13:45 UTC 2026","passed","Mon May 04 08:13:45 UTC 2026","","test_cert_validation","",""
"After submit the mocked FS receives valid JSON with all required fields.","148","test_submit_writes_valid_json_to_mocked_fs[chromium]","tests.e2e","Mon May 04 08:14:14 UTC 2026","passed","Mon May 04 08:14:14 UTC 2026","","test_dau_survey_ui","",""
"","2","test_board_id_numeric","tests.unit","Mon May 04 08:13:45 UTC 2026","passed","Mon May 04 08:13:45 UTC 2026","","test_config","",""
"","0","test_get_story_points_numeric_float","tests.unit","Mon May 04 08:13:47 UTC 2026","passed","Mon May 04 08:13:47 UTC 2026","","test_metrics","",""
"A second run replaces previously normalized files.","2","test_stale_normalized_files_cleared_on_rerun","tests.unit","Mon May 04 08:13:46 UTC 2026","passed","Mon May 04 08:13:46 UTC 2026","","test_dau_normalizer","",""
"","1","test_build_metrics_dict_story_points_velocity_unchanged","tests.unit","Mon May 04 08:13:47 UTC 2026","passed","Mon May 04 08:13:47 UTC 2026","","test_metrics","",""
"","2","test_env_bool_values[True-True]","tests.unit","Mon May 04 08:13:46 UTC 2026","passed","Mon May 04 08:13:46 UTC 2026","","test_config","",""
"","2","test_fetch_cert_happy_path","tests.integration","Mon May 04 08:13:47 UTC 2026","passed","Mon May 04 08:13:47 UTC 2026","","test_fetch_ssl_cert","",""
"Output file must be named dau_<username>_<compact_ts>.json.","1","test_output_filename_format","tests.unit","Mon May 04 08:13:46 UTC 2026","passed","Mon May 04 08:13:46 UTC 2026","","test_dau_normalizer","",""
"","1","test_get_story_points_custom_field","tests.unit","Mon May 04 08:13:47 UTC 2026","passed","Mon May 04 08:13:47 UTC 2026","","test_metrics","",""
"","2","test_jira_url_trailing_slash_stripped","tests.unit","Mon May 04 08:13:45 UTC 2026","passed","Mon May 04 08:13:45 UTC 2026","","test_config","",""
"","0","test_log_file_format","tests.unit","Mon May 04 08:13:47 UTC 2026","passed","Mon May 04 08:13:47 UTC 2026","","test_logging_setup","",""
"board_statuses overrides the static default status_mapping.","0","test_build_schema_from_fields_applies_board_statuses","tests.unit","Mon May 04 08:13:47 UTC 2026","passed","Mon May 04 08:13:47 UTC 2026","","test_schema","",""
"Clicking the Clear button empties the certificate log.","236","test_btn_clear_cert_log_clears_log_output[chromium]","tests.e2e","Mon May 04 08:14:33 UTC 2026","passed","Mon May 04 08:14:33 UTC 2026","","test_e2e_connection","",""
"","0","test_get_done_statuses_defaults","tests.unit","Mon May 04 08:13:47 UTC 2026","passed","Mon May 04 08:13:47 UTC 2026","","test_schema","",""
"","0","test_get_field_id","tests.unit","Mon May 04 08:13:47 UTC 2026","passed","Mon May 04 08:13:47 UTC 2026","","test_schema","",""
"","29","test_ai_usage_section_hidden_when_section_visibility_false","tests.component","Mon May 04 08:13:48 UTC 2026","passed","Mon May 04 08:13:48 UTC 2026","","test_report_html","",""
"Editing the token field after a successful test resets connectedOk and disables Save.","349","test_save_disabled_after_editing_token_following_success[chromium]","tests.e2e","Mon May 04 08:14:25 UTC 2026","passed","Mon May 04 08:14:25 UTC 2026","","test_e2e_connection","",""
"","1","test_line_without_equals_skipped","tests.component","Mon May 04 08:14:10 UTC 2026","passed","Mon May 04 08:14:10 UTC 2026","TestGetConfig","test_server_config","",""
"","1","test_empty_dir_returns_zero_count","tests.unit","Mon May 04 08:13:46 UTC 2026","passed","Mon May 04 08:13:46 UTC 2026","","test_dau_metrics","",""
"","0","test_get_active_schema_no_file_returns_hardcoded_default","tests.unit","Mon May 04 08:13:47 UTC 2026","passed","Mon May 04 08:13:47 UTC 2026","","test_schema","",""
"","0","test_build_schema_from_fields_detects_story_points_by_name","tests.unit","Mon May 04 08:13:47 UTC 2026","passed","Mon May 04 08:13:47 UTC 2026","","test_schema","",""
"","1","test_import_app_report_html","tests.unit","Mon May 04 08:13:46 UTC 2026","passed","Mon May 04 08:13:46 UTC 2026","","test_imports","",""
"","2","test_jira_url_no_trailing_slash_unchanged","tests.unit","Mon May 04 08:13:45 UTC 2026","passed","Mon May 04 08:13:45 UTC 2026","","test_config","",""
"","0","test_build_metrics_dict_keys","tests.unit","Mon May 04 08:13:47 UTC 2026","passed","Mon May 04 08:13:47 UTC 2026","","test_metrics","",""
"POST /api/filters with report_name stores it; GET returns the same value.","9","test_post_filter_saves_report_name","tests.unit","Mon May 04 08:13:47 UTC 2026","passed","Mon May 04 08:13:47 UTC 2026","","test_server_handlers","",""
"","0","test_get_issues_for_sprint_pagination","tests.unit","Mon May 04 08:13:46 UTC 2026","passed","Mon May 04 08:13:46 UTC 2026","","test_jira_client","",""
"The default filter exposes params.DAU_PATH = data/dau/default.","8","test_default_filter_carries_dau_path","tests.unit","Mon May 04 08:13:46 UTC 2026","passed","Mon May 04 08:13:46 UTC 2026","","test_filter_handlers","",""
"Parse report.html.j2 for metrics.X references and verify they exist in build_metrics_dict output.","1","test_template_variables_exist_in_metrics_dict","tests.component","Mon May 04 08:13:47 UTC 2026","passed","Mon May 04 08:13:47 UTC 2026","","test_contracts","",""
"","0","test_project_type_shown_in_md_header","tests.component","Mon May 04 08:13:48 UTC 2026","passed","Mon May 04 08:13:48 UTC 2026","","test_report_md","",""
"","1","test_project_type_kanban","tests.unit","Mon May 04 08:13:46 UTC 2026","passed","Mon May 04 08:13:46 UTC 2026","","test_config","",""
"","0","test_parse_iso[2026-03-01T10:00:00+00:00-True]","tests.unit","Mon May 04 08:13:47 UTC 2026","passed","Mon May 04 08:13:47 UTC 2026","","test_metrics","",""
"","0","test_save_schema_appends_new","tests.unit","Mon May 04 08:13:47 UTC 2026","passed","Mon May 04 08:13:47 UTC 2026","","test_schema","",""
"","1","test_get_labels_empty_list","tests.unit","Mon May 04 08:13:47 UTC 2026","passed","Mon May 04 08:13:47 UTC 2026","","test_metrics","",""
"","0","test_appends_missing_key","tests.component","Mon May 04 08:14:07 UTC 2026","passed","Mon May 04 08:14:07 UTC 2026","TestWriteEnvFields","test_server_config","",""
"DELETE /api/filters/no-such-slug returns ok=False with a descriptive error.","1","test_delete_unknown_slug_returns_not_found","tests.component","Mon May 04 08:14:25 UTC 2026","passed","Mon May 04 08:14:25 UTC 2026","","test_server_filters","",""
"","0","test_sprint_factory_has_keys_used_by_ai_trend","tests.component","Mon May 04 08:13:46 UTC 2026","passed","Mon May 04 08:13:46 UTC 2026","","test_contracts","",""
"","8","test_resolve_report_path_rejects_path_traversal","tests.unit","Mon May 04 08:13:47 UTC 2026","passed","Mon May 04 08:13:47 UTC 2026","","test_server_handlers","",""
"","0","test_dedup_empty_list","tests.unit","Mon May 04 08:13:46 UTC 2026","passed","Mon May 04 08:13:46 UTC 2026","","test_dau_metrics","",""
"","1","test_creates_env_from_example_template","tests.component","Mon May 04 08:14:12 UTC 2026","passed","Mon May 04 08:14:12 UTC 2026","TestPostConfig","test_server_config","",""
"","0","test_ai_trend_multiple_sprints","tests.unit","Mon May 04 08:13:47 UTC 2026","passed","Mon May 04 08:13:47 UTC 2026","","test_metrics","",""
"POST /api/config must not 404.","1","test_post_config_route_exists","tests.component","Mon May 04 08:14:17 UTC 2026","passed","Mon May 04 08:14:17 UTC 2026","TestPostConfig","test_server_config","",""
"DAU_RESPONSES_DIR resolves to <DAU_PATH>/original when DAU_PATH is set.","2","test_dau_path_env_var_drives_responses_dir","tests.unit","Mon May 04 08:13:46 UTC 2026","passed","Mon May 04 08:13:46 UTC 2026","","test_config","",""
"","29","test_velocity_totals_row_present","tests.component","Mon May 04 08:13:47 UTC 2026","passed","Mon May 04 08:13:47 UTC 2026","","test_report_html","",""
"JQL without ORDER BY is returned verbatim.","0","test_get_filter_jql_no_order_by_unchanged","tests.unit","Mon May 04 08:13:46 UTC 2026","passed","Mon May 04 08:13:46 UTC 2026","","test_jira_client","",""
"","0","test_setup_logging_creates_log_directory","tests.unit","Mon May 04 08:13:47 UTC 2026","passed","Mon May 04 08:13:47 UTC 2026","","test_logging_setup","",""
"Active sprint must be index 0 so the template's .reverse() places it rightmost in charts.","0","test_get_sprints_active_sprint_comes_first","tests.unit","Mon May 04 08:13:46 UTC 2026","passed","Mon May 04 08:13:46 UTC 2026","","test_jira_client","",""
"","2","test_jira_url_empty_string_safe","tests.unit","Mon May 04 08:13:45 UTC 2026","passed","Mon May 04 08:13:45 UTC 2026","","test_config","",""
"","1","test_velocity_value_present","tests.component","Mon May 04 08:13:48 UTC 2026","passed","Mon May 04 08:13:48 UTC 2026","","test_report_md","",""
"GET /api/reports returns folders sorted newest-first with ts/html_file/md_file keys.","2","test_get_reports_returns_sorted_list","tests.component","Mon May 04 08:13:56 UTC 2026","passed","Mon May 04 08:13:56 UTC 2026","","test_server","",""
"","1","test_build_metrics_dict_with_schema","tests.unit","Mon May 04 08:13:47 UTC 2026","passed","Mon May 04 08:13:47 UTC 2026","","test_metrics","",""
"","0","test_parse_iso[2026-03-01T10:00:00Z-True]","tests.unit","Mon May 04 08:13:47 UTC 2026","passed","Mon May 04 08:13:47 UTC 2026","","test_metrics","",""
"","32","test_validate_config_all_missing","tests.unit","Mon May 04 08:13:45 UTC 2026","passed","Mon May 04 08:13:45 UTC 2026","","test_config","",""
"","2","test_estimation_type_invalid_falls_back","tests.unit","Mon May 04 08:13:46 UTC 2026","passed","Mon May 04 08:13:46 UTC 2026","","test_config","",""
"AI labels are per-filter (in jira_filters.json), not global config —
        POST /api/config must not write them to defaults.env.","1","test_post_ignores_ai_labels","tests.component","Mon May 04 08:14:18 UTC 2026","passed","Mon May 04 08:14:18 UTC 2026","TestPostConfig","test_server_config","",""
"Delete button is disabled when Default_Jira_Cloud is selected.","172","test_schema_delete_button_disabled_for_default[chromium]","tests.e2e","Mon May 04 08:14:41 UTC 2026","passed","Mon May 04 08:14:41 UTC 2026","","test_e2e_schema_ui","",""
"When names are ambiguous, populated_fields presence breaks the tie.","0","test_build_schema_from_fields_uses_populated_fields_for_disambiguation","tests.unit","Mon May 04 08:13:47 UTC 2026","passed","Mon May 04 08:13:47 UTC 2026","","test_schema","",""
"","0","test_success_level_name_registered","tests.unit","Mon May 04 08:13:46 UTC 2026","passed","Mon May 04 08:13:46 UTC 2026","","test_logging_setup","",""
"Files not matching dau_*.json should not be read.","0","test_non_dau_files_are_ignored","tests.unit","Mon May 04 08:13:46 UTC 2026","passed","Mon May 04 08:13:46 UTC 2026","","test_dau_metrics","",""
"When board_statuses is None the default status_mapping is preserved.","0","test_build_schema_from_fields_none_board_statuses_uses_defaults","tests.unit","Mon May 04 08:13:47 UTC 2026","passed","Mon May 04 08:13:47 UTC 2026","","test_schema","",""
"","1","test_velocity_section_hidden_when_section_visibility_false","tests.component","Mon May 04 08:13:48 UTC 2026","passed","Mon May 04 08:13:48 UTC 2026","","test_report_md","",""
"Full positive E2E: Fetch Certificate → badge transitions from 'No certificate' to 'Valid'.

    Steps: load with no cert → badge neutral → fill URL → click Fetch Certificate
    → /api/fetch-cert returns ok=true → /api/cert-status re-polled → badge shows 'Valid'.
    Covers JCR-SSL-006.
    ","353","test_positive_e2e_fetch_cert_then_badge_shows_valid[chromium]","tests.e2e","Mon May 04 08:14:34 UTC 2026","passed","Mon May 04 08:14:34 UTC 2026","","test_e2e_connection","",""
"","1","test_duplicate_key_only_first_occurrence_replaced","tests.component","Mon May 04 08:14:07 UTC 2026","passed","Mon May 04 08:14:07 UTC 2026","TestWriteEnvFields","test_server_config","",""
"","0","test_ai_usage_dedup_across_sprints","tests.unit","Mon May 04 08:13:47 UTC 2026","passed","Mon May 04 08:13:47 UTC 2026","","test_metrics","",""
"Survey form is visible and the confirmation screen is hidden on load.","51","test_form_visible_and_confirmation_hidden_on_load[chromium]","tests.e2e","Mon May 04 08:14:12 UTC 2026","passed","Mon May 04 08:14:12 UTC 2026","","test_dau_survey_ui","",""
"","0","test_md_has_dau_heading_when_data_present","tests.component","Mon May 04 08:13:47 UTC 2026","passed","Mon May 04 08:13:47 UTC 2026","","test_dau_report","",""
"","2","test_board_id_non_numeric","tests.unit","Mon May 04 08:13:45 UTC 2026","passed","Mon May 04 08:13:45 UTC 2026","","test_config","",""
"","1","test_get_sprints_sorted_desc_by_start_date","tests.unit","Mon May 04 08:13:46 UTC 2026","passed","Mon May 04 08:13:46 UTC 2026","","test_jira_client","",""
"","1","test_empty_raw_dir_creates_normalized_dir_and_returns_zero","tests.unit","Mon May 04 08:13:46 UTC 2026","passed","Mon May 04 08:13:46 UTC 2026","","test_dau_normalizer","",""
"","0","test_ai_usage_fallback_uses_tool_or_action_labels","tests.unit","Mon May 04 08:13:47 UTC 2026","passed","Mon May 04 08:13:47 UTC 2026","","test_metrics","",""
"An explicit DAU_NORMALIZED_DIR wins over the value derived from DAU_PATH.","2","test_dau_normalized_dir_env_overrides_dau_path","tests.unit","Mon May 04 08:13:46 UTC 2026","passed","Mon May 04 08:13:46 UTC 2026","","test_config","",""
"Even if Jira's API returns an issue only under sprint 5, the sprint
    field's max ID is the source of truth. If max ID == 6 and 6 is fetched,
    the issue is attributed to 6.","0","test_dedup_attributes_to_latest_sprint_field_id_not_jira_membership","tests.unit","Mon May 04 08:13:47 UTC 2026","passed","Mon May 04 08:13:47 UTC 2026","","test_metrics","",""
"Generate button is disabled when all metric checkboxes are unchecked (RG-MT-006).","583","test_generate_button_disabled_when_all_metrics_unchecked[chromium]","tests.e2e","Mon May 04 08:14:56 UTC 2026","passed","Mon May 04 08:14:56 UTC 2026","","test_e2e_ui","",""
"","1","test_build_metrics_dict_has_all_expected_keys","tests.component","Mon May 04 08:13:46 UTC 2026","passed","Mon May 04 08:13:46 UTC 2026","","test_contracts","",""
"","1","test_fetch_sprint_data_orchestration","tests.unit","Mon May 04 08:13:46 UTC 2026","passed","Mon May 04 08:13:46 UTC 2026","","test_jira_client","",""
"Complete positive user journey: configure → filter → preview → generate.","770","test_positive_end_to_end_flow[chromium]","tests.e2e","Mon May 04 08:14:57 UTC 2026","passed","Mon May 04 08:14:58 UTC 2026","","test_positive_e2e_flow","",""
"","0","test_dedup_three_sprints_kept_in_last","tests.unit","Mon May 04 08:13:47 UTC 2026","passed","Mon May 04 08:13:47 UTC 2026","","test_metrics","",""
"","2","test_metric_toggles_explicit_false","tests.unit","Mon May 04 08:13:46 UTC 2026","passed","Mon May 04 08:13:46 UTC 2026","","test_config","",""
"","0","test_parse_iso[None-False]","tests.unit","Mon May 04 08:13:47 UTC 2026","passed","Mon May 04 08:13:47 UTC 2026","","test_metrics","",""
"5.0 + 3.5 + 1.5 = 10.0 / 3 ≈ 3.33","1","test_mixed_scores_correct_avg","tests.unit","Mon May 04 08:13:46 UTC 2026","passed","Mon May 04 08:13:46 UTC 2026","","test_dau_metrics","",""
"Issues with resolutiondate are done regardless of status name (covers KANBAN custom statuses).","1","test_is_done_resolutiondate_fallback","tests.unit","Mon May 04 08:13:47 UTC 2026","passed","Mon May 04 08:13:47 UTC 2026","","test_metrics","",""
"Generate tab shows metric toggle checkboxes, all checked by default (RG-MT-001).","409","test_metric_toggle_checkboxes_visible[chromium]","tests.e2e","Mon May 04 08:14:52 UTC 2026","passed","Mon May 04 08:14:53 UTC 2026","","test_e2e_ui","",""
"","5","test_build_metrics_dict_includes_dau_key","tests.unit","Mon May 04 08:13:46 UTC 2026","passed","Mon May 04 08:13:46 UTC 2026","","test_dau_metrics","",""
"","0","test_get_story_points_missing_field","tests.unit","Mon May 04 08:13:47 UTC 2026","passed","Mon May 04 08:13:47 UTC 2026","","test_metrics","",""
"_build_jql_from_params() produces correct JQL clauses for each param combination.","8","test_build_jql_from_params[params1-project IN (A, B)-None]","tests.unit","Mon May 04 08:13:46 UTC 2026","passed","Mon May 04 08:13:46 UTC 2026","","test_filter_handlers","",""
"","1","test_non_dau_files_ignored","tests.unit","Mon May 04 08:13:46 UTC 2026","passed","Mon May 04 08:13:46 UTC 2026","","test_dau_normalizer","",""
"All required-star spans carry aria-hidden='true' (NFR-A-004).","140","test_decorative_icons_have_aria_hidden[chromium]","tests.e2e","Mon May 04 08:14:57 UTC 2026","passed","Mon May 04 08:14:57 UTC 2026","","test_e2e_ui","",""
"Clicking Test Connection with empty fields shows error badge without hitting the server.","222","test_badge_shows_error_when_fields_empty[chromium]","tests.e2e","Mon May 04 08:14:22 UTC 2026","passed","Mon May 04 08:14:23 UTC 2026","","test_e2e_connection","",""
"Removing a saved filter makes it disappear from the list.","536","test_remove_filter[chromium]","tests.e2e","Mon May 04 08:14:47 UTC 2026","passed","Mon May 04 08:14:47 UTC 2026","","test_e2e_ui","",""
"","30","test_ai_assistance_section_present","tests.component","Mon May 04 08:13:47 UTC 2026","passed","Mon May 04 08:13:47 UTC 2026","","test_report_html","",""
"","0","test_get_filter_jql_api_error","tests.unit","Mon May 04 08:13:46 UTC 2026","passed","Mon May 04 08:13:46 UTC 2026","","test_jira_client","",""
"","1","test_estimation_type_jira_tickets","tests.unit","Mon May 04 08:13:46 UTC 2026","passed","Mon May 04 08:13:46 UTC 2026","","test_config","",""
"","1","test_ai_usage_tool_breakdown","tests.unit","Mon May 04 08:13:47 UTC 2026","passed","Mon May 04 08:13:47 UTC 2026","","test_metrics","",""
"","30","test_velocity_section_hidden_when_section_visibility_false","tests.component","Mon May 04 08:13:48 UTC 2026","passed","Mon May 04 08:13:48 UTC 2026","","test_report_html","",""
"","0","test_ai_trend_no_ai_label","tests.unit","Mon May 04 08:13:47 UTC 2026","passed","Mon May 04 08:13:47 UTC 2026","","test_metrics","",""
"","1","test_compute_dau_trend_empty_dir","tests.unit","Mon May 04 08:13:46 UTC 2026","passed","Mon May 04 08:13:46 UTC 2026","","test_dau_metrics","",""
"Username and password must be passed as separate kwargs, not embedded anywhere else.","0","test_create_client_credentials_in_auth_kwargs_only","tests.unit","Mon May 04 08:13:46 UTC 2026","passed","Mon May 04 08:13:46 UTC 2026","","test_jira_client","",""
"When server returns '***' for token, placeholder text changes to indicate a saved token.","178","test_token_placeholder_updated_when_server_token_exists[chromium]","tests.e2e","Mon May 04 08:14:20 UTC 2026","passed","Mon May 04 08:14:20 UTC 2026","","test_e2e_connection","",""
"","0","test_malformed_json_file_is_skipped","tests.unit","Mon May 04 08:13:46 UTC 2026","passed","Mon May 04 08:13:46 UTC 2026","","test_dau_metrics","",""
"Clear button empties the log output panel.","1257","test_log_clear_button[chromium]","tests.e2e","Mon May 04 08:14:49 UTC 2026","passed","Mon May 04 08:14:51 UTC 2026","","test_e2e_ui","",""
"POST /api/filters body.params.schema_name equals the dropdown value — not localStorage.","265","test_save_sends_schema_from_filter_dropdown[chromium]","tests.e2e","Mon May 04 08:14:38 UTC 2026","passed","Mon May 04 08:14:39 UTC 2026","","test_e2e_filters","",""
"","0","test_get_story_points_non_numeric_string","tests.unit","Mon May 04 08:13:47 UTC 2026","passed","Mon May 04 08:13:47 UTC 2026","","test_metrics","",""
"POST /api/fetch-cert with an unparseable hostname returns HTTP 400.","1","test_fetch_cert_invalid_url_returns_400","tests.component","Mon May 04 08:13:59 UTC 2026","passed","Mon May 04 08:13:59 UTC 2026","","test_server","",""
"Entries written by _save_filters() are returned by a fresh _load_filters() call.","16","test_filter_data_persists_across_loads","tests.unit","Mon May 04 08:13:46 UTC 2026","passed","Mon May 04 08:13:46 UTC 2026","","test_filter_handlers","",""
"","0","test_build_schema_from_fields_preserves_team_jql_name","tests.unit","Mon May 04 08:13:47 UTC 2026","passed","Mon May 04 08:13:47 UTC 2026","","test_schema","",""
"POST with no top-level 'schema' returns 400.","1","test_post_schema_missing_schema_key","tests.component","Mon May 04 08:14:02 UTC 2026","passed","Mon May 04 08:14:02 UTC 2026","","test_server","",""
"POST /api/fetch-cert for an unreachable host returns 200 with ok=False.","10","test_fetch_cert_unreachable_host_returns_error","tests.component","Mon May 04 08:13:59 UTC 2026","passed","Mon May 04 08:13:59 UTC 2026","","test_server","",""
"Unrecognized LOG_LEVEL values fall back to DEBUG rather than raising.","0","test_setup_logging_unknown_level_falls_back_to_debug","tests.unit","Mon May 04 08:13:47 UTC 2026","passed","Mon May 04 08:13:47 UTC 2026","","test_logging_setup","",""
"Generate with a filter triggers SSE, shows log output, re-enables button.","1240","test_generate_with_filter_sse_streaming[chromium]","tests.e2e","Mon May 04 08:14:48 UTC 2026","passed","Mon May 04 08:14:49 UTC 2026","","test_e2e_ui","",""
"","1","test_get_sprints_excludes_active_when_closed_only","tests.unit","Mon May 04 08:13:46 UTC 2026","passed","Mon May 04 08:13:46 UTC 2026","","test_jira_client","",""
"","36","test_doctype_present","tests.component","Mon May 04 08:13:47 UTC 2026","passed","Mon May 04 08:13:47 UTC 2026","","test_report_html","",""
"","1","test_md_dau_section_absent_when_no_responses","tests.component","Mon May 04 08:13:47 UTC 2026","passed","Mon May 04 08:13:47 UTC 2026","","test_dau_report","",""
"report_name query param is forwarded as REPORT_NAME env var to main.py.","9","test_generate_exports_report_name_to_subprocess","tests.unit","Mon May 04 08:13:47 UTC 2026","passed","Mon May 04 08:13:47 UTC 2026","","test_server_handlers","",""
"","2","test_env_bool_values[-True]","tests.unit","Mon May 04 08:13:46 UTC 2026","passed","Mon May 04 08:13:46 UTC 2026","","test_config","",""
"When /api/cert-status reports no cert, the badge shows 'No certificate'.","151","test_cert_status_badge_no_cert[chromium]","tests.e2e","Mon May 04 08:14:51 UTC 2026","passed","Mon May 04 08:14:51 UTC 2026","","test_e2e_ui","",""
"","0","test_file_created","tests.component","Mon May 04 08:13:48 UTC 2026","passed","Mon May 04 08:13:48 UTC 2026","","test_report_md","",""
"2026-03-30 (Monday) is in 2026-W14.","0","test_derive_iso_week_monday","tests.unit","Mon May 04 08:13:46 UTC 2026","passed","Mon May 04 08:13:46 UTC 2026","","test_dau_normalizer","",""
"2026-04-05 (Sunday) is still in 2026-W14.","0","test_derive_iso_week_sunday","tests.unit","Mon May 04 08:13:46 UTC 2026","passed","Mon May 04 08:13:46 UTC 2026","","test_dau_normalizer","",""
"Arbitrary keys in .env must not leak through GET /api/config.","1","test_only_whitelisted_keys_returned","tests.component","Mon May 04 08:14:22 UTC 2026","passed","Mon May 04 08:14:22 UTC 2026","TestGetConfigExtended","test_server_config","",""
"python main.py --clean → exit 0.","966","test_cli_clean_via_subprocess","tests.integration","Mon May 04 08:13:46 UTC 2026","passed","Mon May 04 08:13:47 UTC 2026","","test_cli_server","",""
"","0","test_is_done[-False]","tests.unit","Mon May 04 08:13:47 UTC 2026","passed","Mon May 04 08:13:47 UTC 2026","","test_metrics","",""
"","1","test_success_level_message_written_to_file","tests.unit","Mon May 04 08:13:47 UTC 2026","passed","Mon May 04 08:13:47 UTC 2026","","test_logging_setup","",""
"Second POST with the same schema_name returns updated:true.","3","test_post_schema_updates_existing","tests.component","Mon May 04 08:14:04 UTC 2026","passed","Mon May 04 08:14:04 UTC 2026","","test_server","",""
"Run tools/fetch_ssl_cert.py as a subprocess with no JIRA_URL -> should exit 1.","64","test_fetch_cert_subprocess_smoke","tests.integration","Mon May 04 08:13:47 UTC 2026","passed","Mon May 04 08:13:47 UTC 2026","","test_fetch_ssl_cert","",""
"Save button becomes enabled after all fields filled and Test Connection succeeds.","344","test_save_enabled_after_successful_test_connection[chromium]","tests.e2e","Mon May 04 08:14:23 UTC 2026","passed","Mon May 04 08:14:23 UTC 2026","","test_e2e_connection","",""
"","2","test_ai_action_labels_parsed","tests.unit","Mon May 04 08:13:45 UTC 2026","passed","Mon May 04 08:13:45 UTC 2026","","test_config","",""
"","1","test_fetch_cert_creates_certs_dir","tests.integration","Mon May 04 08:13:47 UTC 2026","passed","Mon May 04 08:13:47 UTC 2026","","test_fetch_ssl_cert","",""
"When JIRA_API_TOKEN is saved on the server ('***') and the user leaves the token field
    empty, Test Connection proceeds (hasServerToken=true bypasses the empty-token guard) and
    Save POSTs '***' as JIRA_API_TOKEN — signaling the server to keep the existing stored token.
    ","362","test_save_with_server_token_sends_star_token[chromium]","tests.e2e","Mon May 04 08:14:27 UTC 2026","passed","Mon May 04 08:14:27 UTC 2026","","test_e2e_connection","",""
"","1","test_example_not_modified_after_create","tests.component","Mon May 04 08:14:13 UTC 2026","passed","Mon May 04 08:14:13 UTC 2026","TestPostConfig","test_server_config","",""
"","0","test_delete_schema_removes_entry","tests.unit","Mon May 04 08:13:47 UTC 2026","passed","Mon May 04 08:13:47 UTC 2026","","test_schema","",""
"Clicking Connection tab shows its panel and hides others.","161","test_click_connection_tab[chromium]","tests.e2e","Mon May 04 08:14:43 UTC 2026","passed","Mon May 04 08:14:43 UTC 2026","","test_e2e_ui","",""
"Clicking Test Connection with empty fields shows validation errors via badge.","211","test_validation_error_empty_fields[chromium]","tests.e2e","Mon May 04 08:14:44 UTC 2026","passed","Mon May 04 08:14:44 UTC 2026","","test_e2e_ui","",""
"","1","test_get_index_html_returns_200","tests.component","Mon May 04 08:13:49 UTC 2026","passed","Mon May 04 08:13:49 UTC 2026","","test_server","",""
"","1","test_load_dau_records_skips_malformed","tests.unit","Mon May 04 08:13:46 UTC 2026","passed","Mon May 04 08:13:46 UTC 2026","","test_dau_metrics","",""
"","1","test_title_present","tests.component","Mon May 04 08:13:48 UTC 2026","passed","Mon May 04 08:13:48 UTC 2026","","test_report_md","",""
"No credentials → exit 1 with error message.","1","test_main_pipeline_config_fail","tests.integration","Mon May 04 08:13:48 UTC 2026","passed","Mon May 04 08:13:48 UTC 2026","","test_integration","",""
"Mock jira_client functions, call main.main(), verify HTML/MD files are created.","269","test_main_pipeline_success","tests.integration","Mon May 04 08:13:47 UTC 2026","passed","Mon May 04 08:13:48 UTC 2026","","test_integration","",""
"POST /api/fetch-cert writes the server cert + certifi CA bundle to disk.","3","test_fetch_cert_saves_full_ca_bundle","tests.component","Mon May 04 08:14:00 UTC 2026","passed","Mon May 04 08:14:00 UTC 2026","","test_server","",""
"LOG_LEVEL env var (set in config/defaults.env or .env) overrides the default.","0","test_setup_logging_level_configurable_via_env[DEBUG-10]","tests.unit","Mon May 04 08:13:47 UTC 2026","passed","Mon May 04 08:13:47 UTC 2026","","test_logging_setup","",""
"GET /api/schemas returns ok:true with a schemas list.","1","test_get_schemas_returns_list","tests.component","Mon May 04 08:14:00 UTC 2026","passed","Mon May 04 08:14:00 UTC 2026","","test_server","",""
"","1","test_fetch_cert_parses_custom_port","tests.integration","Mon May 04 08:13:47 UTC 2026","passed","Mon May 04 08:13:47 UTC 2026","","test_fetch_ssl_cert","",""
"","2","test_project_type_default_scrum","tests.unit","Mon May 04 08:13:46 UTC 2026","passed","Mon May 04 08:13:46 UTC 2026","","test_config","",""
"The API Token label has a visible red asterisk.","189","test_required_star_visible_on_token_label[chromium]","tests.e2e","Mon May 04 08:14:19 UTC 2026","passed","Mon May 04 08:14:19 UTC 2026","","test_e2e_connection","",""
"POST with empty 'schema' object returns 400 about schema_name.","2","test_post_schema_missing_name","tests.component","Mon May 04 08:14:02 UTC 2026","passed","Mon May 04 08:14:02 UTC 2026","","test_server","",""
"Schema Setup tab sits between Jira Connection and Filter Builder.","187","test_schema_tab_visible_between_connection_and_filter[chromium]","tests.e2e","Mon May 04 08:14:40 UTC 2026","passed","Mon May 04 08:14:40 UTC 2026","","test_e2e_schema_ui","",""
"GET /api/filters returns the default filter as the first entry.","1","test_get_filters_default_is_first","tests.component","Mon May 04 08:14:22 UTC 2026","passed","Mon May 04 08:14:22 UTC 2026","","test_server_filters","",""
"An unrecognised usage string counts as score 0.","0","test_unknown_usage_falls_back_to_zero","tests.unit","Mon May 04 08:13:46 UTC 2026","passed","Mon May 04 08:13:46 UTC 2026","","test_dau_metrics","",""
"KANBAN week periods with resolved issues (custom status + resolutiondate) count correctly.","0","test_compute_velocity_kanban_periods","tests.unit","Mon May 04 08:13:47 UTC 2026","passed","Mon May 04 08:13:47 UTC 2026","","test_metrics","",""
"_handle_post_filter() returns ok=False when both JIRA_PROJECT and JIRA_FILTER_ID are absent.","8","test_post_filter_rejects_blank_project_and_filter_id","tests.unit","Mon May 04 08:13:46 UTC 2026","passed","Mon May 04 08:13:46 UTC 2026","","test_filter_handlers","",""
"_load_filters() prepends the default entry at position 0 if the file has no is_default entry.","8","test_load_filters_injects_default_when_absent_from_file","tests.unit","Mon May 04 08:13:46 UTC 2026","passed","Mon May 04 08:13:46 UTC 2026","","test_filter_handlers","",""
"","1","test_compute_dau_metrics_subdirectory_files","tests.unit","Mon May 04 08:13:46 UTC 2026","passed","Mon May 04 08:13:46 UTC 2026","","test_dau_metrics","",""
"All three tab buttons are present in the tab bar.","126","test_all_three_tabs_visible[chromium]","tests.e2e","Mon May 04 08:14:43 UTC 2026","passed","Mon May 04 08:14:43 UTC 2026","","test_e2e_ui","",""
"","30","test_chart_script_absent_when_velocity_empty","tests.component","Mon May 04 08:13:47 UTC 2026","passed","Mon May 04 08:13:47 UTC 2026","","test_report_html","",""
"validate_cert() returns the full set of keys consumed by _handle_cert_status.","36","test_validate_cert_response_has_all_keys_when_valid","tests.component","Mon May 04 08:13:47 UTC 2026","passed","Mon May 04 08:13:47 UTC 2026","","test_contracts","",""
"An absolute DAU_PATH is used directly without prepending project root.","2","test_dau_path_absolute_env_var_used_verbatim","tests.unit","Mon May 04 08:13:46 UTC 2026","passed","Mon May 04 08:13:46 UTC 2026","","test_config","",""
"","0","test_compute_velocity_all_done","tests.unit","Mon May 04 08:13:47 UTC 2026","passed","Mon May 04 08:13:47 UTC 2026","","test_metrics","",""
"Submit button stays disabled with 2 of 3 fields and enables at 3 of 3.","101","test_submit_enabled_only_when_all_fields_are_valid[chromium]","tests.e2e","Mon May 04 08:14:13 UTC 2026","passed","Mon May 04 08:14:13 UTC 2026","","test_dau_survey_ui","",""
"","0","test_sprint_name_present","tests.component","Mon May 04 08:13:48 UTC 2026","passed","Mon May 04 08:13:48 UTC 2026","","test_report_md","",""
"Running Test Connection twice with different mock outcomes reflects the last result.","491","test_multiple_test_connection_attempts_last_result_wins[chromium]","tests.e2e","Mon May 04 08:14:29 UTC 2026","passed","Mon May 04 08:14:29 UTC 2026","","test_e2e_connection","",""
"","31","test_velocity_header_reflects_estimation_type_tickets","tests.component","Mon May 04 08:13:48 UTC 2026","passed","Mon May 04 08:13:48 UTC 2026","","test_report_html","",""
"","2","test_env_bool_values[true-True]","tests.unit","Mon May 04 08:13:46 UTC 2026","passed","Mon May 04 08:13:46 UTC 2026","","test_config","",""
"","24","test_get_root_returns_200","tests.component","Mon May 04 08:13:49 UTC 2026","passed","Mon May 04 08:13:49 UTC 2026","","test_server","",""
"","0","test_dau_section_hidden_when_section_visibility_false","tests.component","Mon May 04 08:13:48 UTC 2026","passed","Mon May 04 08:13:48 UTC 2026","","test_report_md","",""
"","0","test_get_sprints_capped_at_sprint_count","tests.unit","Mon May 04 08:13:46 UTC 2026","passed","Mon May 04 08:13:46 UTC 2026","","test_jira_client","",""
"Badge shows 'No certificate' (neutral) when /api/cert-status returns exists=false.","181","test_cert_badge_shows_no_certificate_when_no_cert[chromium]","tests.e2e","Mon May 04 08:14:30 UTC 2026","passed","Mon May 04 08:14:30 UTC 2026","","test_e2e_connection","",""
"validate_cert() on a missing file returns the error-shape consumed by _handle_cert_status.","0","test_validate_cert_response_has_all_keys_when_missing","tests.component","Mon May 04 08:13:47 UTC 2026","passed","Mon May 04 08:13:47 UTC 2026","","test_contracts","",""
"","1","test_main_clean_removes_reports","tests.integration","Mon May 04 08:13:48 UTC 2026","passed","Mon May 04 08:13:48 UTC 2026","","test_integration","",""
"Clicking Fetch Certificate logs success and updates the badge to 'Valid'.","226","test_fetch_cert_button_success[chromium]","tests.e2e","Mon May 04 08:14:51 UTC 2026","passed","Mon May 04 08:14:52 UTC 2026","","test_e2e_ui","",""
"DAU_NORMALIZED_DIR resolves to <DAU_PATH>/normalized when DAU_PATH is set.","2","test_dau_path_env_var_drives_normalized_dir","tests.unit","Mon May 04 08:13:46 UTC 2026","passed","Mon May 04 08:13:46 UTC 2026","","test_config","",""
"","1","test_build_metrics_dict_jira_tickets_velocity_uses_issue_count","tests.unit","Mon May 04 08:13:47 UTC 2026","passed","Mon May 04 08:13:47 UTC 2026","","test_metrics","",""
"_load_filters() returns exactly one default entry with the correct name and params.","8","test_default_filter_entry_is_present_and_correct","tests.unit","Mon May 04 08:13:46 UTC 2026","passed","Mon May 04 08:13:46 UTC 2026","","test_filter_handlers","",""
"POST where fields is not an object returns 400.","1","test_post_schema_rejects_non_dict_fields","tests.component","Mon May 04 08:14:03 UTC 2026","passed","Mon May 04 08:14:03 UTC 2026","","test_server","",""
"","47","test_html_has_dau_section_when_data_present","tests.component","Mon May 04 08:13:47 UTC 2026","passed","Mon May 04 08:13:47 UTC 2026","","test_dau_report","",""
"After editing a field (disabling Save), running Test Connection again re-enables Save.","494","test_can_re_test_after_field_edit_to_re_enable_save[chromium]","tests.e2e","Mon May 04 08:14:27 UTC 2026","passed","Mon May 04 08:14:28 UTC 2026","","test_e2e_connection","",""
"","0","test_all_not_used_avg_is_zero","tests.unit","Mon May 04 08:13:46 UTC 2026","passed","Mon May 04 08:13:46 UTC 2026","","test_dau_metrics","",""
"","31","test_html_has_dau_trend_section","tests.component","Mon May 04 08:13:47 UTC 2026","passed","Mon May 04 08:13:47 UTC 2026","","test_dau_report","",""
"Save Filter with empty fields shows error in filter log.","242","test_save_filter_missing_required_fields[chromium]","tests.e2e","Mon May 04 08:14:46 UTC 2026","passed","Mon May 04 08:14:46 UTC 2026","","test_e2e_ui","",""
"After a successful POST /api/fetch-cert, loadCertStatus re-runs and badge shows Valid.","337","test_fetch_cert_success_updates_badge[chromium]","tests.e2e","Mon May 04 08:14:32 UTC 2026","passed","Mon May 04 08:14:33 UTC 2026","","test_e2e_connection","",""
"","0","test_compute_dau_trend_single_week","tests.unit","Mon May 04 08:13:46 UTC 2026","passed","Mon May 04 08:13:46 UTC 2026","","test_dau_metrics","",""
"POST with missing done_statuses returns 400.","1","test_post_schema_rejects_invalid_status_mapping","tests.component","Mon May 04 08:14:03 UTC 2026","passed","Mon May 04 08:14:03 UTC 2026","","test_server","",""
"","1","test_multiple_keys_written_in_one_call","tests.component","Mon May 04 08:14:07 UTC 2026","passed","Mon May 04 08:14:07 UTC 2026","TestWriteEnvFields","test_server_config","",""
"Badge shows 'Expiring soon · Nd' (warning) when days_remaining <= 7.","187","test_cert_badge_shows_expiring_soon[chromium]","tests.e2e","Mon May 04 08:14:31 UTC 2026","passed","Mon May 04 08:14:31 UTC 2026","","test_e2e_connection","",""
"","1","test_save_schema_updates_existing","tests.unit","Mon May 04 08:13:47 UTC 2026","passed","Mon May 04 08:13:47 UTC 2026","","test_schema","",""
"LOG_LEVEL env var (set in config/defaults.env or .env) overrides the default.","0","test_setup_logging_level_configurable_via_env[info-20]","tests.unit","Mon May 04 08:13:47 UTC 2026","passed","Mon May 04 08:13:47 UTC 2026","","test_logging_setup","",""
"","30","test_html_dau_section_hidden_when_visibility_false","tests.component","Mon May 04 08:13:47 UTC 2026","passed","Mon May 04 08:13:47 UTC 2026","","test_dau_report","",""
"","0","test_is_done[To Do-False]","tests.unit","Mon May 04 08:13:47 UTC 2026","passed","Mon May 04 08:13:47 UTC 2026","","test_metrics","",""
"fetch_kanban_data() combines JIRA_FILTER_JQL with updated constraint when JIRA_FILTER_ID absent.","1","test_fetch_kanban_data_uses_config_filter_jql_as_fallback","tests.unit","Mon May 04 08:13:46 UTC 2026","passed","Mon May 04 08:13:46 UTC 2026","","test_jira_client","",""
"MD report currently does not render AI usage details section.","0","test_md_report_no_ai_usage_section","tests.component","Mon May 04 08:13:48 UTC 2026","passed","Mon May 04 08:13:48 UTC 2026","","test_report_md","",""
"POST /api/filters with report_name stores it; GET returns the same value.","3","test_post_filter_round_trip_preserves_report_name","tests.component","Mon May 04 08:14:27 UTC 2026","passed","Mon May 04 08:14:27 UTC 2026","","test_server_filters","",""
"Deleting a filter leaves its data/dau/<slug>/ folder intact.","17","test_delete_filter_does_not_remove_dau_data","tests.unit","Mon May 04 08:13:46 UTC 2026","passed","Mon May 04 08:13:46 UTC 2026","","test_filter_handlers","",""
"Progress count advances 1 → 2 → 3 as each field is completed.","104","test_progress_increments_with_each_field[chromium]","tests.e2e","Mon May 04 08:14:12 UTC 2026","passed","Mon May 04 08:14:12 UTC 2026","","test_dau_survey_ui","",""
"","0","test_timestamp_folder_name_empty_string","tests.unit","Mon May 04 08:13:47 UTC 2026","passed","Mon May 04 08:13:47 UTC 2026","","test_main_helpers","",""
"","0","test_parse_iso[-False]","tests.unit","Mon May 04 08:13:47 UTC 2026","passed","Mon May 04 08:13:47 UTC 2026","","test_metrics","",""
"","0","test_get_done_statuses","tests.unit","Mon May 04 08:13:47 UTC 2026","passed","Mon May 04 08:13:47 UTC 2026","","test_schema","",""
"Generate without a filter selected shows error and marks dropdown invalid.","268","test_generate_without_filter_selected[chromium]","tests.e2e","Mon May 04 08:14:48 UTC 2026","passed","Mon May 04 08:14:48 UTC 2026","","test_e2e_ui","",""
"","2","test_metric_toggles_default_true","tests.unit","Mon May 04 08:13:46 UTC 2026","passed","Mon May 04 08:13:46 UTC 2026","","test_config","",""
"Fetch Certificate button shows 'Refresh Certificate' text when a valid cert exists.","187","test_fetch_cert_button_label_is_refresh_when_cert_valid[chromium]","tests.e2e","Mon May 04 08:14:32 UTC 2026","passed","Mon May 04 08:14:32 UTC 2026","","test_e2e_connection","",""
"#filter-name-select shows '— New filter —' plus every saved filter (default tagged).","182","test_filter_name_dropdown_lists_existing_filters[chromium]","tests.e2e","Mon May 04 08:14:37 UTC 2026","passed","Mon May 04 08:14:37 UTC 2026","","test_e2e_filters","",""
"","1","test_ai_trend_explicit_label_overrides_fallback","tests.unit","Mon May 04 08:13:47 UTC 2026","passed","Mon May 04 08:13:47 UTC 2026","","test_metrics","",""
"","1","test_no_velocity_data_message","tests.component","Mon May 04 08:13:48 UTC 2026","passed","Mon May 04 08:13:48 UTC 2026","","test_report_md","",""
"","0","test_dedup_basic_issue_kept_in_last_sprint","tests.unit","Mon May 04 08:13:47 UTC 2026","passed","Mon May 04 08:13:47 UTC 2026","","test_metrics","",""
"#filter-schema-select is populated from /api/schemas and defaults to Default_Jira_Cloud.","162","test_filter_schema_dropdown_populated_on_load[chromium]","tests.e2e","Mon May 04 08:14:37 UTC 2026","passed","Mon May 04 08:14:37 UTC 2026","","test_e2e_filters","",""
"","0","test_get_story_points_nested_value_dict","tests.unit","Mon May 04 08:13:47 UTC 2026","passed","Mon May 04 08:13:47 UTC 2026","","test_metrics","",""
"Save is disabled on page load when no config is set.","188","test_save_button_disabled_on_load_with_empty_config[chromium]","tests.e2e","Mon May 04 08:14:19 UTC 2026","passed","Mon May 04 08:14:19 UTC 2026","","test_e2e_connection","",""
"When showDirectoryPicker is undefined the app uses browser download (DAU-F-011).","150","test_fs_api_unavailable_falls_back_to_download[chromium]","tests.e2e","Mon May 04 08:14:16 UTC 2026","passed","Mon May 04 08:14:17 UTC 2026","","test_dau_survey_ui","",""
"Re-run removes stale normalized files from nested output subdirectories.","2","test_stale_nested_normalized_files_cleared_on_rerun","tests.unit","Mon May 04 08:13:46 UTC 2026","passed","Mon May 04 08:13:46 UTC 2026","","test_dau_normalizer","",""
"","1","test_empty_body_is_noop_and_returns_ok","tests.component","Mon May 04 08:14:15 UTC 2026","passed","Mon May 04 08:14:15 UTC 2026","TestPostConfig","test_server_config","",""
"","0","test_dedup_kanban_string_sprint_ids","tests.unit","Mon May 04 08:13:47 UTC 2026","passed","Mon May 04 08:13:47 UTC 2026","","test_metrics","",""
"Clicking Fetch Certificate without a Jira URL shows a warning in the cert log.","217","test_fetch_cert_requires_url_to_be_filled[chromium]","tests.e2e","Mon May 04 08:14:32 UTC 2026","passed","Mon May 04 08:14:32 UTC 2026","","test_e2e_connection","",""
"DELETE /api/filters/default_jira_filter returns ok=False.","1","test_delete_default_filter_returns_error","tests.component","Mon May 04 08:14:23 UTC 2026","passed","Mon May 04 08:14:23 UTC 2026","","test_server_filters","",""
"_handle_post_filter() substitutes the schema's team.jql_name in the JQL clause.","9","test_post_filter_uses_schema_team_jql_field","tests.unit","Mon May 04 08:13:46 UTC 2026","passed","Mon May 04 08:13:46 UTC 2026","","test_filter_handlers","",""
"POST /api/fetch-cert saves the PEM file with LF-only line endings (no CRLF on Windows).

    Ensures the write_bytes fix is effective: ssl.get_server_certificate returns a PEM
    string with \n endings; the saved bytes must not contain \r\n sequences, which would
    make cryptography fail to parse the cert on Windows.
    ","3","test_fetch_cert_saves_pem_without_crlf_line_endings","tests.component","Mon May 04 08:14:06 UTC 2026","passed","Mon May 04 08:14:06 UTC 2026","","test_server","",""
"Issues without a sprint field (legacy / unusual data) fall back to
    most-recent-membership attribution.","0","test_dedup_falls_back_when_sprint_field_missing","tests.unit","Mon May 04 08:13:47 UTC 2026","passed","Mon May 04 08:13:47 UTC 2026","","test_metrics","",""
"ArrowRight on a focused tab activates the next tab.","174","test_keyboard_arrow_right_navigation[chromium]","tests.e2e","Mon May 04 08:14:43 UTC 2026","passed","Mon May 04 08:14:44 UTC 2026","","test_e2e_ui","",""
"","9","test_handle_test_connection_returns_user_details_on_success","tests.unit","Mon May 04 08:13:47 UTC 2026","passed","Mon May 04 08:13:47 UTC 2026","","test_server_handlers","",""
"","5","test_env_path_points_to_project_root","tests.unit","Mon May 04 08:13:45 UTC 2026","passed","Mon May 04 08:13:45 UTC 2026","","test_config","",""
"","1","test_create_client_passes_verify_ssl","tests.unit","Mon May 04 08:13:46 UTC 2026","passed","Mon May 04 08:13:46 UTC 2026","","test_jira_client","",""
"_serve_file must suppress all _CLIENT_DISCONNECT exceptions during write.","7","test_serve_file_catches_client_disconnect[ConnectionAbortedError]","tests.unit","Mon May 04 08:13:47 UTC 2026","passed","Mon May 04 08:13:47 UTC 2026","","test_server_handlers","",""
"GET /api/cert-status with a corrupt (non-PEM) cert file returns exists=True and error key.","1","test_cert_status_with_corrupt_cert_returns_error","tests.component","Mon May 04 08:13:58 UTC 2026","passed","Mon May 04 08:13:58 UTC 2026","","test_server","",""
"","1","test_project_type_invalid_falls_back","tests.unit","Mon May 04 08:13:46 UTC 2026","passed","Mon May 04 08:13:46 UTC 2026","","test_config","",""
"When saving with a newly typed token, the POST payload contains the typed token verbatim.

    The server pre-loads URL and email (JIRA_API_TOKEN='***' → hasServerToken=true). The user
    types a new token, passes Test Connection, then saves. JIRA_API_TOKEN in the POST body must
    be the new token value, not '***'.
    ","370","test_save_with_new_token_sends_real_token[chromium]","tests.e2e","Mon May 04 08:14:26 UTC 2026","passed","Mon May 04 08:14:27 UTC 2026","","test_e2e_connection","",""
"When estimation_type=JiraTickets, each done issue counts as 1 regardless of SP.","0","test_ai_trend_jira_tickets_mode_counts_issues_not_story_points","tests.unit","Mon May 04 08:13:47 UTC 2026","passed","Mon May 04 08:13:47 UTC 2026","","test_metrics","",""
"","30","test_ai_usage_details_section_present","tests.component","Mon May 04 08:13:47 UTC 2026","passed","Mon May 04 08:13:47 UTC 2026","","test_report_html","",""
"","2","test_main_keeps_running_when_filter_name_lookup_fails","tests.unit","Mon May 04 08:13:45 UTC 2026","passed","Mon May 04 08:13:45 UTC 2026","","test_cli","",""
"A filter written via POST is returned by a fresh server instance reading the same file.","504","test_filter_persists_across_server_restart","tests.component","Mon May 04 08:14:26 UTC 2026","passed","Mon May 04 08:14:26 UTC 2026","","test_server_filters","",""
"","0","test_is_done_custom_statuses_case_insensitive","tests.unit","Mon May 04 08:13:47 UTC 2026","passed","Mon May 04 08:13:47 UTC 2026","","test_metrics","",""
"","0","test_get_active_schema_by_name","tests.unit","Mon May 04 08:13:47 UTC 2026","passed","Mon May 04 08:13:47 UTC 2026","","test_schema","",""
"Credentials must NOT appear embedded in the url parameter.","0","test_create_client_no_credentials_in_url_kwarg","tests.unit","Mon May 04 08:13:46 UTC 2026","passed","Mon May 04 08:13:46 UTC 2026","","test_jira_client","",""
"An explicit DAU_RESPONSES_DIR wins over the value derived from DAU_PATH.","2","test_dau_responses_dir_env_overrides_dau_path","tests.unit","Mon May 04 08:13:46 UTC 2026","passed","Mon May 04 08:13:46 UTC 2026","","test_config","",""
"Comments and blank lines must not be removed by _write_env_fields.","0","test_preserves_comment_lines_and_blanks","tests.component","Mon May 04 08:14:07 UTC 2026","passed","Mon May 04 08:14:07 UTC 2026","TestWriteEnvFields","test_server_config","",""
"Switching back to '— New filter —' unhides the name input and clears every param field.","208","test_new_filter_option_resets_form[chromium]","tests.e2e","Mon May 04 08:14:38 UTC 2026","passed","Mon May 04 08:14:38 UTC 2026","","test_e2e_filters","",""
"A record without 'week' gets it derived from 'timestamp'.","1","test_load_dau_records_derives_week_from_timestamp","tests.unit","Mon May 04 08:13:46 UTC 2026","passed","Mon May 04 08:13:46 UTC 2026","","test_dau_metrics","",""
"Start server.py subprocess on an OS-assigned port, poll until ready, GET / → 200.","529","test_server_health_check","tests.integration","Mon May 04 08:13:47 UTC 2026","passed","Mon May 04 08:13:47 UTC 2026","","test_cli_server","",""
"","0","test_velocity_header_label_story_points","tests.component","Mon May 04 08:13:48 UTC 2026","passed","Mon May 04 08:13:48 UTC 2026","","test_report_md","",""
"LOG_LEVEL env var (set in config/defaults.env or .env) overrides the default.","1","test_setup_logging_level_configurable_via_env[WARNING-30]","tests.unit","Mon May 04 08:13:47 UTC 2026","passed","Mon May 04 08:13:47 UTC 2026","","test_logging_setup","",""
"_handle_cert_status returns exists=True plus error key when validate_cert fails.","8","test_handle_cert_status_returns_error_key_when_cert_unreadable","tests.unit","Mon May 04 08:13:47 UTC 2026","passed","Mon May 04 08:13:47 UTC 2026","","test_server_handlers","",""
"","9","test_handle_test_connection_uses_custom_ssl_context","tests.unit","Mon May 04 08:13:47 UTC 2026","passed","Mon May 04 08:13:47 UTC 2026","","test_server_handlers","",""
"","1","test_compute_dau_trend_multiple_weeks_sorted","tests.unit","Mon May 04 08:13:46 UTC 2026","passed","Mon May 04 08:13:46 UTC 2026","","test_dau_metrics","",""
"","0","test_fetch_cert_exits_when_url_empty","tests.integration","Mon May 04 08:13:47 UTC 2026","passed","Mon May 04 08:13:47 UTC 2026","","test_fetch_ssl_cert","",""
"Unknown keys in the POST body must not be written to .env.","2","test_post_config_ignores_unknown_keys","tests.component","Mon May 04 08:14:20 UTC 2026","passed","Mon May 04 08:14:20 UTC 2026","TestPostConfig","test_server_config","",""
"JSR-R-004: A non-existent named schema falls back to the default silently.","0","test_get_active_schema_named_fallback_uses_default","tests.unit","Mon May 04 08:13:47 UTC 2026","passed","Mon May 04 08:13:47 UTC 2026","","test_schema","",""
"","1","test_validate_cert_expired","tests.unit","Mon May 04 08:13:45 UTC 2026","passed","Mon May 04 08:13:45 UTC 2026","","test_cert_validation","",""
"GET /api/reports with an empty directory returns {""reports"": []}.","1","test_get_reports_returns_empty_list_when_no_reports","tests.component","Mon May 04 08:13:56 UTC 2026","passed","Mon May 04 08:13:56 UTC 2026","","test_server","",""
"","2","test_ai_tool_labels_parsed","tests.unit","Mon May 04 08:13:45 UTC 2026","passed","Mon May 04 08:13:45 UTC 2026","","test_config","",""
"","2","test_jira_ssl_cert_returns_true_when_no_file","tests.unit","Mon May 04 08:13:45 UTC 2026","passed","Mon May 04 08:13:45 UTC 2026","","test_config","",""
"","0","test_md_table_separator_row","tests.component","Mon May 04 08:13:48 UTC 2026","passed","Mon May 04 08:13:48 UTC 2026","","test_report_md","",""
"","0","test_dedup_mixed_unique_and_duplicate","tests.unit","Mon May 04 08:13:47 UTC 2026","passed","Mon May 04 08:13:47 UTC 2026","","test_metrics","",""
"","1","test_import_app_report_md","tests.unit","Mon May 04 08:13:46 UTC 2026","passed","Mon May 04 08:13:46 UTC 2026","","test_imports","",""
"","0","test_sprint_factory_has_keys_used_by_compute_velocity","tests.component","Mon May 04 08:13:46 UTC 2026","passed","Mon May 04 08:13:46 UTC 2026","","test_contracts","",""
"","0","test_get_active_schema_hardcoded_uses_builtin_story_points","tests.unit","Mon May 04 08:13:47 UTC 2026","passed","Mon May 04 08:13:47 UTC 2026","","test_schema","",""
"","30","test_date_present","tests.component","Mon May 04 08:13:47 UTC 2026","passed","Mon May 04 08:13:47 UTC 2026","","test_report_html","",""
"POST with missing in_progress_statuses returns 400.","8","test_post_schema_requires_status_mapping_lists","tests.unit","Mon May 04 08:13:47 UTC 2026","passed","Mon May 04 08:13:47 UTC 2026","","test_server_handlers","",""
"","8","test_handle_generate_emits_error_event_for_nonzero_exit","tests.unit","Mon May 04 08:13:47 UTC 2026","passed","Mon May 04 08:13:47 UTC 2026","","test_server_handlers","",""
"","8","test_delete_schema_rejects_invalid_filename","tests.unit","Mon May 04 08:13:47 UTC 2026","passed","Mon May 04 08:13:47 UTC 2026","","test_server_handlers","",""
"","2","test_validate_config_all_set","tests.unit","Mon May 04 08:13:45 UTC 2026","passed","Mon May 04 08:13:45 UTC 2026","","test_config","",""
"Changing the Schema Setup dropdown must not affect the Filter Builder's Active Schema.","206","test_schema_setup_does_not_set_active_schema_for_filter[chromium]","tests.e2e","Mon May 04 08:14:42 UTC 2026","passed","Mon May 04 08:14:42 UTC 2026","","test_e2e_schema_ui","",""
"A record that already has 'week' keeps it unchanged.","1","test_load_dau_records_preserves_existing_week","tests.unit","Mon May 04 08:13:46 UTC 2026","passed","Mon May 04 08:13:46 UTC 2026","","test_dau_metrics","",""
"","1","test_ai_trend_row_has_required_keys","tests.component","Mon May 04 08:13:46 UTC 2026","passed","Mon May 04 08:13:46 UTC 2026","","test_contracts","",""
"","1","test_get_filter_jql_valid","tests.unit","Mon May 04 08:13:46 UTC 2026","passed","Mon May 04 08:13:46 UTC 2026","","test_jira_client","",""
"","2","test_jira_schema_name_default","tests.unit","Mon May 04 08:13:46 UTC 2026","passed","Mon May 04 08:13:46 UTC 2026","","test_config","",""
"","1","test_post_saves_filter_fields_to_env","tests.component","Mon May 04 08:14:17 UTC 2026","passed","Mon May 04 08:14:17 UTC 2026","TestPostConfig","test_server_config","",""
"","0","test_ai_trend_no_done_issues","tests.unit","Mon May 04 08:13:47 UTC 2026","passed","Mon May 04 08:13:47 UTC 2026","","test_metrics","",""
"","0","test_dedup_no_duplicates_unchanged","tests.unit","Mon May 04 08:13:47 UTC 2026","passed","Mon May 04 08:13:47 UTC 2026","","test_metrics","",""
"","8","test_read_env_credentials_reads_values_from_env_file","tests.unit","Mon May 04 08:13:47 UTC 2026","passed","Mon May 04 08:13:47 UTC 2026","","test_server_handlers","",""
"","49","test_empty_velocity_shows_no_data_message","tests.component","Mon May 04 08:13:47 UTC 2026","passed","Mon May 04 08:13:47 UTC 2026","","test_report_html","",""
"2026-04-06 (Monday) starts 2026-W15.","0","test_derive_iso_week_week_boundary","tests.unit","Mon May 04 08:13:46 UTC 2026","passed","Mon May 04 08:13:46 UTC 2026","","test_dau_normalizer","",""
"","0","test_fetch_cert_exits_when_hostname_unparseable","tests.integration","Mon May 04 08:13:47 UTC 2026","passed","Mon May 04 08:13:47 UTC 2026","","test_fetch_ssl_cert","",""
"","0","test_get_board_id_from_config","tests.unit","Mon May 04 08:13:46 UTC 2026","passed","Mon May 04 08:13:46 UTC 2026","","test_jira_client","",""
"Metric toggle state persists across page reloads via localStorage (RG-MT-005).","1108","test_metric_toggles_persist_in_localstorage[chromium]","tests.e2e","Mon May 04 08:14:54 UTC 2026","passed","Mon May 04 08:14:56 UTC 2026","","test_e2e_ui","",""
"A username stored in localStorage is pre-filled in the input on load.","49","test_username_restored_from_localstorage_on_page_load[chromium]","tests.e2e","Mon May 04 08:14:15 UTC 2026","passed","Mon May 04 08:14:15 UTC 2026","","test_dau_survey_ui","",""
"POST /api/filters with params.schema_name stores it; GET returns the same value.","3","test_post_filter_round_trip_preserves_schema_name","tests.component","Mon May 04 08:14:27 UTC 2026","passed","Mon May 04 08:14:27 UTC 2026","","test_server_filters","",""
"create_client() must pass timeout=55 to the Jira constructor.","1","test_create_client_passes_timeout","tests.unit","Mon May 04 08:13:46 UTC 2026","passed","Mon May 04 08:13:46 UTC 2026","","test_jira_client","",""
"","0","test_ai_trend_fallback_no_labels_yields_zero","tests.unit","Mon May 04 08:13:47 UTC 2026","passed","Mon May 04 08:13:47 UTC 2026","","test_metrics","",""
"_build_jql_from_params() produces correct JQL clauses for each param combination.","8","test_build_jql_from_params[params4-type IN (Story, Bug)-None]","tests.unit","Mon May 04 08:13:46 UTC 2026","passed","Mon May 04 08:13:46 UTC 2026","","test_filter_handlers","",""
"Fetch Certificate button shows 'Fetch Certificate' text when no cert exists.","174","test_fetch_cert_button_label_is_fetch_when_no_cert[chromium]","tests.e2e","Mon May 04 08:14:31 UTC 2026","passed","Mon May 04 08:14:32 UTC 2026","","test_e2e_connection","",""
"Empty/None config values must not cause errors.","0","test_sanitise_error_handles_none_config_values","tests.unit","Mon May 04 08:13:46 UTC 2026","passed","Mon May 04 08:13:46 UTC 2026","","test_jira_client","",""
"","2","test_env_bool_values[1-True]","tests.unit","Mon May 04 08:13:46 UTC 2026","passed","Mon May 04 08:13:46 UTC 2026","","test_config","",""
"_serve_file must suppress all _CLIENT_DISCONNECT exceptions during write.","8","test_serve_file_catches_client_disconnect[ConnectionResetError]","tests.unit","Mon May 04 08:13:47 UTC 2026","passed","Mon May 04 08:13:47 UTC 2026","","test_server_handlers","",""
"","0","test_fetch_sprint_data_skips_sprints_without_id","tests.unit","Mon May 04 08:13:46 UTC 2026","passed","Mon May 04 08:13:46 UTC 2026","","test_jira_client","",""
"","2","test_validate_config_missing_url","tests.unit","Mon May 04 08:13:45 UTC 2026","passed","Mon May 04 08:13:45 UTC 2026","","test_config","",""
"","2","test_overwrites_existing_env_fields","tests.component","Mon May 04 08:14:12 UTC 2026","passed","Mon May 04 08:14:12 UTC 2026","TestPostConfig","test_server_config","",""
"LOG_LEVEL env var (set in config/defaults.env or .env) overrides the default.","0","test_setup_logging_level_configurable_via_env[ERROR-40]","tests.unit","Mon May 04 08:13:47 UTC 2026","passed","Mon May 04 08:13:47 UTC 2026","","test_logging_setup","",""
"_serve_file must suppress all _CLIENT_DISCONNECT exceptions during write.","8","test_serve_file_catches_client_disconnect[BrokenPipeError]","tests.unit","Mon May 04 08:13:47 UTC 2026","passed","Mon May 04 08:13:47 UTC 2026","","test_server_handlers","",""
"GET /api/filters always includes the default filter, even after all user filters are removed.","3","test_get_filters_always_includes_default_after_user_delete","tests.component","Mon May 04 08:14:23 UTC 2026","passed","Mon May 04 08:14:23 UTC 2026","","test_server_filters","",""
"Badge shows 'Error' and mentions access denied for a 403 response.","348","test_badge_shows_error_on_403[chromium]","tests.e2e","Mon May 04 08:14:22 UTC 2026","passed","Mon May 04 08:14:22 UTC 2026","","test_e2e_connection","",""
"DELETE /api/schemas without ?name= returns 400.","1","test_delete_schema_no_name_returns_400","tests.component","Mon May 04 08:14:05 UTC 2026","passed","Mon May 04 08:14:05 UTC 2026","","test_server","",""
"When JIRA_CLOSED_SPRINTS_ONLY=True period 0 starts on last Monday, not current Monday.","1","test_fetch_kanban_data_closed_sprints_only_excludes_current_week","tests.unit","Mon May 04 08:13:46 UTC 2026","passed","Mon May 04 08:13:46 UTC 2026","","test_jira_client","",""
"Badge shows 'Certificate unreadable' (error) when cert-status returns an error key.","190","test_cert_badge_shows_unreadable_on_error[chromium]","tests.e2e","Mon May 04 08:14:31 UTC 2026","passed","Mon May 04 08:14:31 UTC 2026","","test_e2e_connection","",""
"","0","test_bar_chart_present_when_velocity_nonzero","tests.component","Mon May 04 08:13:48 UTC 2026","passed","Mon May 04 08:13:48 UTC 2026","","test_report_md","",""
"","31","test_filter_name_shown_when_present","tests.component","Mon May 04 08:13:48 UTC 2026","passed","Mon May 04 08:13:48 UTC 2026","","test_report_html","",""
"Float custom type is detected as story_points.","1","test_build_schema_from_fields_detects_story_points_by_float_type","tests.unit","Mon May 04 08:13:47 UTC 2026","passed","Mon May 04 08:13:47 UTC 2026","","test_schema","",""
"build_metrics_dict + generate_html + generate_md finish in under 5 s.","34","test_report_generation_completes_within_time_limit","tests.component","Mon May 04 08:13:48 UTC 2026","passed","Mon May 04 08:13:48 UTC 2026","","test_report_performance","",""
"GET /api/schemas?name=<default> returns the full schema.","2","test_get_schema_by_name","tests.component","Mon May 04 08:14:01 UTC 2026","passed","Mon May 04 08:14:01 UTC 2026","","test_server","",""
"POST with fields not being an object returns 400.","8","test_post_schema_requires_dict_fields","tests.unit","Mon May 04 08:13:47 UTC 2026","passed","Mon May 04 08:13:47 UTC 2026","","test_server_handlers","",""
"DELETE /api/schemas?name=<default> refuses deletion.","2","test_delete_default_schema_returns_400","tests.component","Mon May 04 08:14:06 UTC 2026","passed","Mon May 04 08:14:06 UTC 2026","","test_server","",""
"POST /api/fetch-cert with empty url and no JIRA_URL fallback returns HTTP 400.","1","test_fetch_cert_missing_url_returns_400","tests.component","Mon May 04 08:13:58 UTC 2026","passed","Mon May 04 08:13:58 UTC 2026","","test_server","",""
"","2","test_sprint_count_custom","tests.unit","Mon May 04 08:13:45 UTC 2026","passed","Mon May 04 08:13:45 UTC 2026","","test_config","",""
"","8","test_resolve_report_path_allows_files_under_reports","tests.unit","Mon May 04 08:13:47 UTC 2026","passed","Mon May 04 08:13:47 UTC 2026","","test_server_handlers","",""
"","1","test_by_role_sorted_alphabetically","tests.unit","Mon May 04 08:13:46 UTC 2026","passed","Mon May 04 08:13:46 UTC 2026","","test_dau_metrics","",""
"Non-AbortError from showDirectoryPicker silently falls back to download (DAU-F-013).","154","test_fs_api_non_abort_error_falls_back_to_download[chromium]","tests.e2e","Mon May 04 08:14:16 UTC 2026","passed","Mon May 04 08:14:16 UTC 2026","","test_dau_survey_ui","",""
"","1","test_by_role_correct_avg_and_count","tests.unit","Mon May 04 08:13:46 UTC 2026","passed","Mon May 04 08:13:46 UTC 2026","","test_dau_metrics","",""
"","31","test_html_dau_shows_team_avg","tests.component","Mon May 04 08:13:47 UTC 2026","passed","Mon May 04 08:13:47 UTC 2026","","test_dau_report","",""
"","0","test_load_schemas_returns_list_from_file","tests.unit","Mon May 04 08:13:47 UTC 2026","passed","Mon May 04 08:13:47 UTC 2026","","test_schema","",""
"When report_name is omitted from POST body, it defaults to the filter name.","8","test_post_filter_report_name_defaults_to_filter_name","tests.unit","Mon May 04 08:13:47 UTC 2026","passed","Mon May 04 08:13:47 UTC 2026","","test_server_handlers","",""
"POST then GET should reflect saved values (token masked).","2","test_round_trip_url_email_token","tests.component","Mon May 04 08:14:16 UTC 2026","passed","Mon May 04 08:14:16 UTC 2026","TestPostConfig","test_server_config","",""
"","0","test_missing_dir_returns_zero_count","tests.unit","Mon May 04 08:13:46 UTC 2026","passed","Mon May 04 08:13:46 UTC 2026","","test_dau_metrics","",""
"Saving a filter with valid inputs shows JQL and adds to list.","336","test_save_filter_success[chromium]","tests.e2e","Mon May 04 08:14:46 UTC 2026","passed","Mon May 04 08:14:47 UTC 2026","","test_e2e_ui","",""
"DELETE /api/filters/<slug> removes the entry; subsequent GET does not include it.","3","test_delete_filter_removes_entry","tests.component","Mon May 04 08:14:25 UTC 2026","passed","Mon May 04 08:14:25 UTC 2026","","test_server_filters","",""
"main() must use ThreadPoolExecutor(max_workers=2) for parallel report generation.","2","test_main_generates_reports_in_parallel","tests.unit","Mon May 04 08:13:45 UTC 2026","passed","Mon May 04 08:13:45 UTC 2026","","test_cli","",""
"When report_name is omitted, it defaults to the filter name.","3","test_post_filter_report_name_defaults_to_filter_name","tests.component","Mon May 04 08:14:28 UTC 2026","passed","Mon May 04 08:14:28 UTC 2026","","test_server_filters","",""
"","1","test_creates_env_from_scratch_when_both_absent","tests.component","Mon May 04 08:14:07 UTC 2026","passed","Mon May 04 08:14:07 UTC 2026","TestWriteEnvFields","test_server_config","",""
"","0","test_parse_args_clean_flag","tests.unit","Mon May 04 08:13:47 UTC 2026","passed","Mon May 04 08:13:47 UTC 2026","","test_main_helpers","",""
"","1","test_get_filter_jql_none","tests.unit","Mon May 04 08:13:46 UTC 2026","passed","Mon May 04 08:13:46 UTC 2026","","test_jira_client","",""
"Certificate expiring in 5 days is still valid=True (not yet expired).

    days_remaining <= 7 is a UI-only warning threshold; validate_cert itself
    has no 7-day cutoff — it only checks days_remaining >= 0.
    ","0","test_validate_cert_expiring_soon","tests.unit","Mon May 04 08:13:45 UTC 2026","passed","Mon May 04 08:13:45 UTC 2026","","test_cert_validation","",""
"Full positive E2E: absent cert file (neutral badge) is a valid operational state.

    Steps: load Connection tab → badge shows 'No certificate' (neutral) → fill credentials
    → Test Connection succeeds → Save button enabled → save confirmation appears.
    Cert badge must remain neutral throughout — no cert is required for standard Jira Cloud.
    Covers JCR-SSL-007.
    ","392","test_positive_e2e_no_cert_is_acceptable_state[chromium]","tests.e2e","Mon May 04 08:14:34 UTC 2026","passed","Mon May 04 08:14:34 UTC 2026","","test_e2e_connection","",""
"","0","test_is_done[Resolved-True]","tests.unit","Mon May 04 08:13:47 UTC 2026","passed","Mon May 04 08:13:47 UTC 2026","","test_metrics","",""
"Mirror of the bug fix: when the active sprint IS in the fetch
    (JIRA_CLOSED_SPRINTS_ONLY=False), the ticket lands in the active sprint.","0","test_dedup_keeps_issue_in_active_sprint_when_fetched","tests.unit","Mon May 04 08:13:47 UTC 2026","passed","Mon May 04 08:13:47 UTC 2026","","test_metrics","",""
"Accepts timestamps using the 'Z' suffix (via fromisoformat on Python 3.11+).","1","test_derive_iso_week_zulu_suffix","tests.unit","Mon May 04 08:13:46 UTC 2026","passed","Mon May 04 08:13:46 UTC 2026","","test_dau_normalizer","",""
"","1","test_is_done[In Progress-False]","tests.unit","Mon May 04 08:13:47 UTC 2026","passed","Mon May 04 08:13:47 UTC 2026","","test_metrics","",""
"Reports list shows only HTML links, no MD files (RG-RO-003).","126","test_reports_list_links_only_html[chromium]","tests.e2e","Mon May 04 08:14:56 UTC 2026","passed","Mon May 04 08:14:56 UTC 2026","","test_e2e_ui","",""
"If ssl.enum_certificates raises, _get_windows_ca_certs returns [] (never raises).","0","test_get_windows_ca_certs_returns_empty_on_enum_certificates_error","tests.unit","Mon May 04 08:13:45 UTC 2026","passed","Mon May 04 08:13:45 UTC 2026","","test_cert_handlers","",""
"","0","test_dedup_keeps_latest_per_user_week","tests.unit","Mon May 04 08:13:46 UTC 2026","passed","Mon May 04 08:13:46 UTC 2026","","test_dau_metrics","",""
"","1","test_example_file_is_not_modified","tests.component","Mon May 04 08:14:07 UTC 2026","passed","Mon May 04 08:14:07 UTC 2026","TestWriteEnvFields","test_server_config","",""
"","1","test_compute_velocity_sprint_absent_from_issues_dict","tests.unit","Mon May 04 08:13:47 UTC 2026","passed","Mon May 04 08:13:47 UTC 2026","","test_metrics","",""
"","1","test_main_returns_1_when_config_invalid","tests.unit","Mon May 04 08:13:45 UTC 2026","passed","Mon May 04 08:13:45 UTC 2026","","test_cli","",""
"","1","test_single_file_without_week_gets_week_derived","tests.unit","Mon May 04 08:13:46 UTC 2026","passed","Mon May 04 08:13:46 UTC 2026","","test_dau_normalizer","",""
"","30","test_project_key_shown_when_present","tests.component","Mon May 04 08:13:48 UTC 2026","passed","Mon May 04 08:13:48 UTC 2026","","test_report_html","",""
"","2","test_optional_fields_included_when_present","tests.component","Mon May 04 08:14:10 UTC 2026","passed","Mon May 04 08:14:10 UTC 2026","TestGetConfig","test_server_config","",""
"","0","test_md_dau_trend_absent_when_empty","tests.component","Mon May 04 08:13:47 UTC 2026","passed","Mon May 04 08:13:47 UTC 2026","","test_dau_report","",""
"Clicking Filter tab shows its panel and hides others.","171","test_click_filter_tab[chromium]","tests.e2e","Mon May 04 08:14:43 UTC 2026","passed","Mon May 04 08:14:43 UTC 2026","","test_e2e_ui","",""
"Test Connection with empty fields shows error in badge.","208","test_test_connection_missing_fields[chromium]","tests.e2e","Mon May 04 08:14:45 UTC 2026","passed","Mon May 04 08:14:45 UTC 2026","","test_e2e_ui","",""
"","8","test_get_schema_detail_returns_saved_schema_json","tests.unit","Mon May 04 08:13:47 UTC 2026","passed","Mon May 04 08:13:47 UTC 2026","","test_server_handlers","",""
"A new filter POSTed to /api/filters appears in the subsequent GET response.","3","test_post_filter_creates_new_and_get_returns_it","tests.component","Mon May 04 08:14:24 UTC 2026","passed","Mon May 04 08:14:24 UTC 2026","","test_server_filters","",""
"POST body without top-level 'schema' returns 400.","8","test_post_schema_requires_schema_key","tests.unit","Mon May 04 08:13:47 UTC 2026","passed","Mon May 04 08:13:47 UTC 2026","","test_server_handlers","",""
"Username containing a space shows an inline error.","60","test_username_rejects_space[chromium]","tests.e2e","Mon May 04 08:14:13 UTC 2026","passed","Mon May 04 08:14:13 UTC 2026","","test_dau_survey_ui","",""
"","0","test_setup_logging_creates_log_file","tests.unit","Mon May 04 08:13:46 UTC 2026","passed","Mon May 04 08:13:46 UTC 2026","","test_logging_setup","",""
"","166","test_test_connection_valid_creds","tests.component","Mon May 04 08:13:52 UTC 2026","passed","Mon May 04 08:13:52 UTC 2026","","test_server","",""
"Page loads with the correct <title> and <h1>.","65","test_survey_page_loads_with_title[chromium]","tests.e2e","Mon May 04 08:14:12 UTC 2026","passed","Mon May 04 08:14:12 UTC 2026","","test_dau_survey_ui","",""
"","1","test_get_sprints_empty","tests.unit","Mon May 04 08:13:46 UTC 2026","passed","Mon May 04 08:13:46 UTC 2026","","test_jira_client","",""
"Custom terminal status name without resolutiondate is not considered done.","0","test_is_done_no_resolutiondate_custom_status","tests.unit","Mon May 04 08:13:47 UTC 2026","passed","Mon May 04 08:13:47 UTC 2026","","test_metrics","",""
"","0","test_crlf_file_does_not_crash","tests.component","Mon May 04 08:14:07 UTC 2026","passed","Mon May 04 08:14:07 UTC 2026","TestWriteEnvFields","test_server_config","",""
"When DAU_PATH env is unset, the default filter's DAU_PATH (data/dau/default) is used.","2","test_dau_path_falls_back_to_default_filter_when_env_unset","tests.unit","Mon May 04 08:13:46 UTC 2026","passed","Mon May 04 08:13:46 UTC 2026","","test_config","",""
"GET /api/cert-status when no cert file exists returns exists=False with path key.","1","test_cert_status_no_cert_returns_exists_false","tests.component","Mon May 04 08:13:57 UTC 2026","passed","Mon May 04 08:13:57 UTC 2026","","test_server","",""
"Verify generate endpoint returns SSE-formatted response.","302","test_server_generate_sse_format","tests.integration","Mon May 04 08:13:49 UTC 2026","passed","Mon May 04 08:13:49 UTC 2026","","test_integration","",""
"Filling valid inputs, testing connection, then clicking Save shows confirmation flash.","355","test_save_connection_valid_inputs[chromium]","tests.e2e","Mon May 04 08:14:44 UTC 2026","passed","Mon May 04 08:14:44 UTC 2026","","test_e2e_ui","",""
"","0","test_load_dau_records_empty_dir","tests.unit","Mon May 04 08:13:46 UTC 2026","passed","Mon May 04 08:13:46 UTC 2026","","test_dau_metrics","",""
"","0","test_get_field_jql_name_falls_back_to_id","tests.unit","Mon May 04 08:13:47 UTC 2026","passed","Mon May 04 08:13:47 UTC 2026","","test_schema","",""
"Validate the path fix: templates/ should be at project root, not inside app/.","0","test_templates_dir_not_inside_app","tests.component","Mon May 04 08:13:47 UTC 2026","passed","Mon May 04 08:13:47 UTC 2026","","test_report_html","",""
"","1","test_md_dau_shows_role_in_table","tests.component","Mon May 04 08:13:47 UTC 2026","passed","Mon May 04 08:13:47 UTC 2026","","test_dau_report","",""
"Clicking the second radio card adds 'selected' only to that card.","90","test_radio_card_click_marks_it_selected[chromium]","tests.e2e","Mon May 04 08:14:13 UTC 2026","passed","Mon May 04 08:14:13 UTC 2026","","test_dau_survey_ui","",""
"Estimation type selection persists across page reloads via localStorage (RG-ET-004).","604","test_estimation_type_persists_in_localstorage[chromium]","tests.e2e","Mon May 04 08:14:54 UTC 2026","passed","Mon May 04 08:14:54 UTC 2026","","test_e2e_ui","",""
"","0","test_get_schema_not_found","tests.unit","Mon May 04 08:13:47 UTC 2026","passed","Mon May 04 08:13:47 UTC 2026","","test_schema","",""
"","0","test_issue_with_labels_factory_matches_get_labels","tests.component","Mon May 04 08:13:46 UTC 2026","passed","Mon May 04 08:13:46 UTC 2026","","test_contracts","",""
"","1","test_partial_env_returns_configured_false","tests.component","Mon May 04 08:14:08 UTC 2026","passed","Mon May 04 08:14:08 UTC 2026","TestGetConfig","test_server_config","",""
"","1","test_compute_velocity_rounding","tests.unit","Mon May 04 08:13:47 UTC 2026","passed","Mon May 04 08:13:47 UTC 2026","","test_metrics","",""
"","2","test_board_id_absent_when_not_set","tests.component","Mon May 04 08:14:21 UTC 2026","passed","Mon May 04 08:14:21 UTC 2026","TestGetConfigExtended","test_server_config","",""
"","33","test_filter_metadata_in_html","tests.integration","Mon May 04 08:13:48 UTC 2026","passed","Mon May 04 08:13:48 UTC 2026","","test_integration","",""
"","1","test_md_table_header_row","tests.component","Mon May 04 08:13:48 UTC 2026","passed","Mon May 04 08:13:48 UTC 2026","","test_report_md","",""
"Filter Builder tab shows StoryPoints / JiraTickets radio buttons (RG-ET-001).","180","test_estimation_type_radios_visible[chromium]","tests.e2e","Mon May 04 08:14:52 UTC 2026","passed","Mon May 04 08:14:52 UTC 2026","","test_e2e_ui","",""
"When no report_name query param is given, the filter's stored report_name is used.","8","test_generate_uses_stored_report_name_when_no_param","tests.unit","Mon May 04 08:13:47 UTC 2026","passed","Mon May 04 08:13:47 UTC 2026","","test_server_handlers","",""
"Second POST with the same name returns updated=True and replaces the entry in-place.","16","test_post_filter_updates_existing_entry","tests.unit","Mon May 04 08:13:46 UTC 2026","passed","Mon May 04 08:13:46 UTC 2026","","test_filter_handlers","",""
"'New Schema' → edit → Save persists and the new name appears in the dropdown.","361","test_schema_save_round_trip[chromium]","tests.e2e","Mon May 04 08:14:41 UTC 2026","passed","Mon May 04 08:14:41 UTC 2026","","test_e2e_schema_ui","",""
"","0","test_load_dau_records_reads_from_subdirectory","tests.unit","Mon May 04 08:13:46 UTC 2026","passed","Mon May 04 08:13:46 UTC 2026","","test_dau_metrics","",""
"","324","test_generate_returns_sse_content_type","tests.component","Mon May 04 08:13:54 UTC 2026","passed","Mon May 04 08:13:54 UTC 2026","","test_server","",""
"Progress label shows '0 of 3 answered' and bar width is 0% on load.","68","test_progress_starts_at_zero[chromium]","tests.e2e","Mon May 04 08:14:12 UTC 2026","passed","Mon May 04 08:14:12 UTC 2026","","test_dau_survey_ui","",""
"","1","test_invalid_json_returns_400","tests.component","Mon May 04 08:14:15 UTC 2026","passed","Mon May 04 08:14:15 UTC 2026","TestPostConfig","test_server_config","",""
"","0","test_ai_trend_ai_labeled_done_issues","tests.unit","Mon May 04 08:13:47 UTC 2026","passed","Mon May 04 08:13:47 UTC 2026","","test_metrics","",""
"","32","test_title_present","tests.component","Mon May 04 08:13:47 UTC 2026","passed","Mon May 04 08:13:47 UTC 2026","","test_report_html","",""
"","30","test_ai_usage_cases_canvas_present","tests.component","Mon May 04 08:13:47 UTC 2026","passed","Mon May 04 08:13:48 UTC 2026","","test_report_html","",""
"A non-default user filter list item contains a Remove button.","179","test_user_filter_has_remove_button[chromium]","tests.e2e","Mon May 04 08:14:36 UTC 2026","passed","Mon May 04 08:14:36 UTC 2026","","test_e2e_filters","",""
"","1","test_get_labels_missing_key","tests.unit","Mon May 04 08:13:47 UTC 2026","passed","Mon May 04 08:13:47 UTC 2026","","test_metrics","",""
"","1","test_single_file_with_existing_week_keeps_it","tests.unit","Mon May 04 08:13:46 UTC 2026","passed","Mon May 04 08:13:46 UTC 2026","","test_dau_normalizer","",""
"","0","test_setup_logging_attaches_stream_handler","tests.unit","Mon May 04 08:13:47 UTC 2026","passed","Mon May 04 08:13:47 UTC 2026","","test_logging_setup","",""
"","0","test_ai_trend_exclude_labels","tests.unit","Mon May 04 08:13:47 UTC 2026","passed","Mon May 04 08:13:47 UTC 2026","","test_metrics","",""
"LOG_LEVEL env var (set in config/defaults.env or .env) overrides the default.","0","test_setup_logging_level_configurable_via_env[SUCCESS-25]","tests.unit","Mon May 04 08:13:47 UTC 2026","passed","Mon May 04 08:13:47 UTC 2026","","test_logging_setup","",""
"Editing the URL field after a successful test resets connectedOk and disables Save.","354","test_save_disabled_after_editing_url_following_success[chromium]","tests.e2e","Mon May 04 08:14:24 UTC 2026","passed","Mon May 04 08:14:24 UTC 2026","","test_e2e_connection","",""
"Same (username, week) in two different subdirs both survive — dedup is per-directory.","1","test_dedup_per_directory_independent","tests.unit","Mon May 04 08:13:46 UTC 2026","passed","Mon May 04 08:13:46 UTC 2026","","test_dau_normalizer","",""
"","8","test_slugify_returns_safe_filename[!!!-schema]","tests.unit","Mon May 04 08:13:47 UTC 2026","passed","Mon May 04 08:13:47 UTC 2026","","test_server_handlers","",""
"","1","test_subset_of_keys_only_updates_those_keys","tests.component","Mon May 04 08:14:14 UTC 2026","passed","Mon May 04 08:14:14 UTC 2026","TestPostConfig","test_server_config","",""
"_build_jql_from_params() produces correct JQL clauses for each param combination.","8","test_build_jql_from_params[params2-""Team[Team]"" = T1-None]","tests.unit","Mon May 04 08:13:46 UTC 2026","passed","Mon May 04 08:13:46 UTC 2026","","test_filter_handlers","",""
"","0","test_ai_usage_explicit_label_overrides_fallback","tests.unit","Mon May 04 08:13:47 UTC 2026","passed","Mon May 04 08:13:47 UTC 2026","","test_metrics","",""
"","0","test_compute_velocity_preserves_sprint_name","tests.unit","Mon May 04 08:13:47 UTC 2026","passed","Mon May 04 08:13:47 UTC 2026","","test_metrics","",""
"","1","test_empty_value_not_included","tests.component","Mon May 04 08:14:09 UTC 2026","passed","Mon May 04 08:14:09 UTC 2026","TestGetConfig","test_server_config","",""
"Save stays disabled when token is empty even after a successful test (all fields required).","242","test_save_not_enabled_when_token_missing_despite_success[chromium]","tests.e2e","Mon May 04 08:14:25 UTC 2026","passed","Mon May 04 08:14:25 UTC 2026","","test_e2e_connection","",""
"","1","test_build_metrics_dict_generated_at_is_iso","tests.unit","Mon May 04 08:13:47 UTC 2026","passed","Mon May 04 08:13:47 UTC 2026","","test_metrics","",""
"","0","test_ai_usage_action_breakdown","tests.unit","Mon May 04 08:13:47 UTC 2026","passed","Mon May 04 08:13:47 UTC 2026","","test_metrics","",""
"","1","test_timestamp_folder_name_none","tests.unit","Mon May 04 08:13:47 UTC 2026","passed","Mon May 04 08:13:47 UTC 2026","","test_main_helpers","",""
"","0","test_parse_iso[not-a-date-False]","tests.unit","Mon May 04 08:13:47 UTC 2026","passed","Mon May 04 08:13:47 UTC 2026","","test_metrics","",""
"Project type selection persists across page reloads via localStorage (RG-PT-004).","621","test_project_type_persists_in_localstorage[chromium]","tests.e2e","Mon May 04 08:14:53 UTC 2026","passed","Mon May 04 08:14:53 UTC 2026","","test_e2e_ui","",""
"","35","test_html_dau_trend_hidden_when_visibility_false","tests.component","Mon May 04 08:13:47 UTC 2026","passed","Mon May 04 08:13:47 UTC 2026","","test_dau_report","",""
"","30","test_sprint_name_present","tests.component","Mon May 04 08:13:47 UTC 2026","passed","Mon May 04 08:13:47 UTC 2026","","test_report_html","",""
"","1","test_three_response_files_counted","tests.unit","Mon May 04 08:13:46 UTC 2026","passed","Mon May 04 08:13:46 UTC 2026","","test_dau_metrics","",""
"When a filter has a non-empty jql field, JIRA_FILTER_JQL is forwarded to the subprocess env.","3","test_generate_passes_filter_jql_env_var","tests.component","Mon May 04 08:13:56 UTC 2026","passed","Mon May 04 08:13:56 UTC 2026","","test_server","",""
"Single-character username triggers the 'at least 2 characters' error.","62","test_username_too_short_shows_error[chromium]","tests.e2e","Mon May 04 08:14:13 UTC 2026","passed","Mon May 04 08:14:13 UTC 2026","","test_dau_survey_ui","",""
"Saving a filter creates <DAU_PATH>/original/.gitkeep on disk.","9","test_post_filter_creates_dau_original_folder_with_gitkeep","tests.unit","Mon May 04 08:13:46 UTC 2026","passed","Mon May 04 08:13:46 UTC 2026","","test_filter_handlers","",""
"","2","test_jira_filter_jql_from_env","tests.unit","Mon May 04 08:13:46 UTC 2026","passed","Mon May 04 08:13:46 UTC 2026","","test_config","",""
"","1","test_test_connection_invalid_json","tests.component","Mon May 04 08:13:51 UTC 2026","passed","Mon May 04 08:13:51 UTC 2026","","test_server","",""
"_build_jql_from_params() produces correct JQL clauses for each param combination.","8","test_build_jql_from_params[params0-project = PROJ-None]","tests.unit","Mon May 04 08:13:46 UTC 2026","passed","Mon May 04 08:13:46 UTC 2026","","test_filter_handlers","",""
"","1","test_compact_timestamp_format","tests.unit","Mon May 04 08:13:46 UTC 2026","passed","Mon May 04 08:13:46 UTC 2026","","test_dau_normalizer","",""
"","0","test_build_schema_from_fields_preserves_defaults_for_missing","tests.unit","Mon May 04 08:13:47 UTC 2026","passed","Mon May 04 08:13:47 UTC 2026","","test_schema","",""
"","1","test_test_connection_missing_fields","tests.component","Mon May 04 08:13:51 UTC 2026","passed","Mon May 04 08:13:51 UTC 2026","","test_server","",""
"","2","test_creates_env_from_scratch_when_both_absent","tests.component","Mon May 04 08:14:14 UTC 2026","passed","Mon May 04 08:14:14 UTC 2026","TestPostConfig","test_server_config","",""
"","1","test_write_creates_newline_terminated_file","tests.component","Mon May 04 08:14:07 UTC 2026","passed","Mon May 04 08:14:07 UTC 2026","TestWriteEnvFields","test_server_config","",""
"Selecting a filter that has JIRA_PROJECT auto-expands the JQL Builder section.","198","test_loading_filter_with_project_opens_jql_builder[chromium]","tests.e2e","Mon May 04 08:14:40 UTC 2026","passed","Mon May 04 08:14:40 UTC 2026","","test_e2e_filters","",""
"LOG_LEVEL env var (set in config/defaults.env or .env) overrides the default.","0","test_setup_logging_level_configurable_via_env[  WARNING  -30]","tests.unit","Mon May 04 08:13:47 UTC 2026","passed","Mon May 04 08:13:47 UTC 2026","","test_logging_setup","",""
"KANBAN issues that carry a Jira sprint custom field must NOT be dropped.

    Real Jira KANBAN boards (especially those built on top of SCRUM-capable projects)
    return issues whose ``customfield_10020`` carries one or more sprint IDs. The
    SCRUM attribution rule ""drop if owner sprint not in fetched window"" makes the
    entire KANBAN report empty because none of the integer Jira sprint IDs match
    the string period IDs (``week-2026-W17`` etc.) — fall back to placement instead.
    ","0","test_dedup_kanban_keeps_issues_with_sprint_field","tests.unit","Mon May 04 08:13:47 UTC 2026","passed","Mon May 04 08:13:47 UTC 2026","","test_metrics","",""
"","1","test_get_active_schema_falls_back_to_default","tests.unit","Mon May 04 08:13:47 UTC 2026","passed","Mon May 04 08:13:47 UTC 2026","","test_schema","",""
"","7","test_delete_schema_returns_404_when_missing","tests.unit","Mon May 04 08:13:47 UTC 2026","passed","Mon May 04 08:13:47 UTC 2026","","test_server_handlers","",""
"","1","test_get_story_points_custom_field_missing","tests.unit","Mon May 04 08:13:47 UTC 2026","passed","Mon May 04 08:13:47 UTC 2026","","test_metrics","",""
"AbortError from showDirectoryPicker leaves the form visible (DAU-F-012).","637","test_fs_api_abort_keeps_form_intact[chromium]","tests.e2e","Mon May 04 08:14:15 UTC 2026","passed","Mon May 04 08:14:16 UTC 2026","","test_dau_survey_ui","",""
"","1","test_uncomments_commented_key","tests.component","Mon May 04 08:14:07 UTC 2026","passed","Mon May 04 08:14:07 UTC 2026","TestWriteEnvFields","test_server_config","",""
"","1","test_get_issues_for_sprint_empty","tests.unit","Mon May 04 08:13:46 UTC 2026","passed","Mon May 04 08:13:46 UTC 2026","","test_jira_client","",""
"Files in a nested subdirectory of raw_dir are discovered and processed.","1","test_nested_folders_are_traversed","tests.unit","Mon May 04 08:13:46 UTC 2026","passed","Mon May 04 08:13:46 UTC 2026","","test_dau_normalizer","",""
"","0","test_get_field_jql_name_with_explicit_jql_name","tests.unit","Mon May 04 08:13:47 UTC 2026","passed","Mon May 04 08:13:47 UTC 2026","","test_schema","",""
"","1","test_get_in_progress_statuses","tests.unit","Mon May 04 08:13:47 UTC 2026","passed","Mon May 04 08:13:47 UTC 2026","","test_schema","",""
"jira_client returns sprints newest-first; dedup must still attribute to the most recent sprint.","0","test_dedup_newest_first_input_still_keeps_issue_in_most_recent","tests.unit","Mon May 04 08:13:47 UTC 2026","passed","Mon May 04 08:13:47 UTC 2026","","test_metrics","",""
"JIRA_API_TOKEN, JIRA_EMAIL, and JIRA_URL values must never appear in logs.","0","test_credentials_not_in_log_output","tests.unit","Mon May 04 08:13:47 UTC 2026","passed","Mon May 04 08:13:47 UTC 2026","","test_logging_setup","",""
"_handle_delete_filter('default_jira_filter') returns ok=False.","8","test_delete_default_filter_is_blocked","tests.unit","Mon May 04 08:13:46 UTC 2026","passed","Mon May 04 08:13:46 UTC 2026","","test_filter_handlers","",""
"","0","test_compute_velocity_mixed_statuses","tests.unit","Mon May 04 08:13:47 UTC 2026","passed","Mon May 04 08:13:47 UTC 2026","","test_metrics","",""
"","30","test_ai_assistance_no_data_message_when_empty","tests.component","Mon May 04 08:13:47 UTC 2026","passed","Mon May 04 08:13:47 UTC 2026","","test_report_html","",""
"When JIRA_CLOSED_SPRINTS_ONLY=False period 0 is the current partial week (active state).","1","test_fetch_kanban_data_open_sprints_includes_current_week","tests.unit","Mon May 04 08:13:46 UTC 2026","passed","Mon May 04 08:13:46 UTC 2026","","test_jira_client","",""
"","0","test_import_app_cert_utils","tests.unit","Mon May 04 08:13:46 UTC 2026","passed","Mon May 04 08:13:46 UTC 2026","","test_imports","",""
"","0","test_import_app_config","tests.unit","Mon May 04 08:13:46 UTC 2026","passed","Mon May 04 08:13:46 UTC 2026","","test_imports","",""
"","0","test_compute_velocity_custom_field_and_statuses","tests.unit","Mon May 04 08:13:47 UTC 2026","passed","Mon May 04 08:13:47 UTC 2026","","test_metrics","",""
"","0","test_get_labels_normal","tests.unit","Mon May 04 08:13:47 UTC 2026","passed","Mon May 04 08:13:47 UTC 2026","","test_metrics","",""
"Selecting a filter from #filter-name-select populates the form with its params.","196","test_selecting_existing_filter_loads_form[chromium]","tests.e2e","Mon May 04 08:14:38 UTC 2026","passed","Mon May 04 08:14:38 UTC 2026","","test_e2e_filters","",""
"","1","test_missing_env_file_returns_empty_config","tests.component","Mon May 04 08:14:08 UTC 2026","passed","Mon May 04 08:14:08 UTC 2026","TestGetConfig","test_server_config","",""
"Two responses from same user in same week → response_count is 1, latest score used.","0","test_compute_dau_metrics_dedup_applied","tests.unit","Mon May 04 08:13:46 UTC 2026","passed","Mon May 04 08:13:46 UTC 2026","","test_dau_metrics","",""
"_handle_cert_status returns exists=True plus all validity fields when cert parses OK.","9","test_handle_cert_status_returns_validity_fields_for_valid_cert","tests.unit","Mon May 04 08:13:47 UTC 2026","passed","Mon May 04 08:13:47 UTC 2026","","test_server_handlers","",""
"","310","test_generate_ends_with_close_event","tests.component","Mon May 04 08:13:55 UTC 2026","passed","Mon May 04 08:13:55 UTC 2026","","test_server","",""
"","31","test_chart_canvas_present_when_velocity_nonempty","tests.component","Mon May 04 08:13:47 UTC 2026","passed","Mon May 04 08:13:47 UTC 2026","","test_report_html","",""
"","0","test_fetch_cert_exits_on_ssl_error","tests.integration","Mon May 04 08:13:47 UTC 2026","passed","Mon May 04 08:13:47 UTC 2026","","test_fetch_ssl_cert","",""
"","2","test_env_bool_values[yes-True]","tests.unit","Mon May 04 08:13:46 UTC 2026","passed","Mon May 04 08:13:46 UTC 2026","","test_config","",""
"","1","test_unknown_keys_not_included_in_response","tests.component","Mon May 04 08:14:11 UTC 2026","passed","Mon May 04 08:14:11 UTC 2026","TestGetConfig","test_server_config","",""
"Changing #filter-schema-select leaves localStorage.jira_schema_name untouched.","176","test_filter_builder_schema_does_not_write_localstorage[chromium]","tests.e2e","Mon May 04 08:14:39 UTC 2026","passed","Mon May 04 08:14:39 UTC 2026","","test_e2e_filters","",""
"","1","test_filter_id_numeric","tests.unit","Mon May 04 08:13:45 UTC 2026","passed","Mon May 04 08:13:45 UTC 2026","","test_config","",""
"Clicking Save sends the correct JIRA_URL, JIRA_EMAIL, JIRA_API_TOKEN to POST /api/config.","406","test_save_posts_correct_payload[chromium]","tests.e2e","Mon May 04 08:14:25 UTC 2026","passed","Mon May 04 08:14:26 UTC 2026","","test_e2e_connection","",""
"_handle_generate() merges the selected filter's JIRA_PROJECT and JIRA_TEAM_ID into env.","8","test_generate_applies_filter_params_to_subprocess_env","tests.unit","Mon May 04 08:13:46 UTC 2026","passed","Mon May 04 08:13:46 UTC 2026","","test_filter_handlers","",""
"A local JIRA_FILTER_JQL with ORDER BY is normalised before being wrapped in parens.","1","test_fetch_kanban_data_strips_order_by_from_local_filter_jql","tests.unit","Mon May 04 08:13:46 UTC 2026","passed","Mon May 04 08:13:46 UTC 2026","","test_jira_client","",""
"","0","test_is_done[done-True]","tests.unit","Mon May 04 08:13:47 UTC 2026","passed","Mon May 04 08:13:47 UTC 2026","","test_metrics","",""
"","0","test_date_present","tests.component","Mon May 04 08:13:48 UTC 2026","passed","Mon May 04 08:13:48 UTC 2026","","test_report_md","",""
"","1","test_get_schema_found","tests.unit","Mon May 04 08:13:47 UTC 2026","passed","Mon May 04 08:13:47 UTC 2026","","test_schema","",""
"","1","test_creates_normalized_dir_if_missing","tests.unit","Mon May 04 08:13:46 UTC 2026","passed","Mon May 04 08:13:46 UTC 2026","","test_dau_normalizer","",""
"A Windows-style DAU_PATH ('data\dau\foo') is stored with forward slashes.","9","test_post_filter_normalises_backslashes_in_dau_path","tests.unit","Mon May 04 08:13:46 UTC 2026","passed","Mon May 04 08:13:46 UTC 2026","","test_filter_handlers","",""
"","30","test_file_created","tests.component","Mon May 04 08:13:47 UTC 2026","passed","Mon May 04 08:13:47 UTC 2026","","test_report_html","",""
"Bug fix: when JIRA_CLOSED_SPRINTS_ONLY=True, the active sprint is not
    fetched. A ticket carried into the active sprint must NOT be attributed
    to the most-recent closed sprint — it should be dropped until the active
    sprint enters the fetch window. Reproduces the user-reported case where
    a ticket in [Sprint 5, Sprint 6, Sprint 7] (Sprint 7 active, not fetched)
    was incorrectly counted in Sprint 6's velocity.
    ","0","test_dedup_drops_issue_owned_by_active_sprint_outside_fetch","tests.unit","Mon May 04 08:13:47 UTC 2026","passed","Mon May 04 08:13:47 UTC 2026","","test_metrics","",""
"The 'url' keyword passed to Jira() must be exactly the configured JIRA_URL.","0","test_create_client_url_kwarg_matches_config_exactly","tests.unit","Mon May 04 08:13:46 UTC 2026","passed","Mon May 04 08:13:46 UTC 2026","","test_jira_client","",""
"","1","test_md_has_dau_trend_heading","tests.component","Mon May 04 08:13:47 UTC 2026","passed","Mon May 04 08:13:47 UTC 2026","","test_dau_report","",""
"","30","test_project_type_shown_in_header","tests.component","Mon May 04 08:13:48 UTC 2026","passed","Mon May 04 08:13:48 UTC 2026","","test_report_html","",""
"","1","test_create_client_uses_config_values","tests.unit","Mon May 04 08:13:46 UTC 2026","passed","Mon May 04 08:13:46 UTC 2026","","test_jira_client","",""
"","2","test_returns_configured_true_when_all_fields_set","tests.component","Mon May 04 08:14:07 UTC 2026","passed","Mon May 04 08:14:07 UTC 2026","TestGetConfig","test_server_config","",""
"","1","test_post_unknown_returns_404","tests.component","Mon May 04 08:13:53 UTC 2026","passed","Mon May 04 08:13:53 UTC 2026","","test_server","",""
"","0","test_get_story_points_integer_stored_as_int","tests.unit","Mon May 04 08:13:47 UTC 2026","passed","Mon May 04 08:13:47 UTC 2026","","test_metrics","",""
"AI labels live per-filter in jira_filters.json — they are not part of
        the global /api/config response, even when present in env files.","1","test_ai_label_fields_never_returned","tests.component","Mon May 04 08:14:20 UTC 2026","passed","Mon May 04 08:14:20 UTC 2026","TestGetConfigExtended","test_server_config","",""
"","0","test_load_dau_records_returns_list","tests.unit","Mon May 04 08:13:46 UTC 2026","passed","Mon May 04 08:13:46 UTC 2026","","test_dau_metrics","",""
"Badge shows 'Error' and mentions authentication failure for a 401 response.","344","test_badge_shows_error_on_401[chromium]","tests.e2e","Mon May 04 08:14:21 UTC 2026","passed","Mon May 04 08:14:22 UTC 2026","","test_e2e_connection","",""
"Username containing '_' shows an inline error and gets is-error class.","62","test_username_rejects_underscore[chromium]","tests.e2e","Mon May 04 08:14:13 UTC 2026","passed","Mon May 04 08:14:13 UTC 2026","","test_dau_survey_ui","",""
"","0","test_templates_dir_exists","tests.component","Mon May 04 08:13:47 UTC 2026","passed","Mon May 04 08:13:47 UTC 2026","","test_report_html","",""
"","2","test_validate_config_missing_email","tests.unit","Mon May 04 08:13:45 UTC 2026","passed","Mon May 04 08:13:45 UTC 2026","","test_config","",""
"","30","test_estimation_type_shown_in_header","tests.component","Mon May 04 08:13:48 UTC 2026","passed","Mon May 04 08:13:48 UTC 2026","","test_report_html","",""
"Filter Builder tab shows SCRUM / KANBAN radio buttons (RG-PT-001).","166","test_project_type_radios_visible[chromium]","tests.e2e","Mon May 04 08:14:52 UTC 2026","passed","Mon May 04 08:14:52 UTC 2026","","test_e2e_ui","",""
"","2","test_ai_assisted_label_custom","tests.unit","Mon May 04 08:13:45 UTC 2026","passed","Mon May 04 08:13:45 UTC 2026","","test_config","",""
"","2","test_jira_filter_jql_default_empty","tests.unit","Mon May 04 08:13:46 UTC 2026","passed","Mon May 04 08:13:46 UTC 2026","","test_config","",""
"Saved JSON must NOT contain 'week' — it is derived server-side during normalization.","152","test_survey_payload_has_no_week_field[chromium]","tests.e2e","Mon May 04 08:14:15 UTC 2026","passed","Mon May 04 08:14:15 UTC 2026","","test_dau_survey_ui","",""
"","1","test_options_returns_204_with_cors","tests.component","Mon May 04 08:13:50 UTC 2026","passed","Mon May 04 08:13:50 UTC 2026","","test_server","",""
"Page loads with correct title and heading.","119","test_page_loads_with_title[chromium]","tests.e2e","Mon May 04 08:14:42 UTC 2026","passed","Mon May 04 08:14:42 UTC 2026","","test_e2e_ui","",""
"","0","test_is_done[Complete-True]","tests.unit","Mon May 04 08:13:47 UTC 2026","passed","Mon May 04 08:13:47 UTC 2026","","test_metrics","",""
"The Default_Jira_Filter list item does not contain a Remove button.","168","test_default_filter_has_no_remove_button[chromium]","tests.e2e","Mon May 04 08:14:36 UTC 2026","passed","Mon May 04 08:14:36 UTC 2026","","test_e2e_filters","",""
"Submit button is disabled before any fields are filled.","50","test_submit_button_initially_disabled[chromium]","tests.e2e","Mon May 04 08:14:12 UTC 2026","passed","Mon May 04 08:14:12 UTC 2026","","test_dau_survey_ui","",""
"","1","test_md_dau_trend_shows_week","tests.component","Mon May 04 08:13:47 UTC 2026","passed","Mon May 04 08:13:47 UTC 2026","","test_dau_report","",""
"","30","test_html_dau_section_absent_when_no_responses","tests.component","Mon May 04 08:13:47 UTC 2026","passed","Mon May 04 08:13:47 UTC 2026","","test_dau_report","",""
"","3","test_env_bool_values[false-False]","tests.unit","Mon May 04 08:13:46 UTC 2026","passed","Mon May 04 08:13:46 UTC 2026","","test_config","",""
"","2","test_jira_ssl_cert_returns_path_when_file_exists","tests.unit","Mon May 04 08:13:45 UTC 2026","passed","Mon May 04 08:13:45 UTC 2026","","test_config","",""
"","1","test_get_story_points_with_custom_field","tests.unit","Mon May 04 08:13:47 UTC 2026","passed","Mon May 04 08:13:47 UTC 2026","","test_metrics","",""
"POST with a fresh schema_name inserts and returns updated:false.","3","test_post_schema_creates_new_entry","tests.component","Mon May 04 08:14:04 UTC 2026","passed","Mon May 04 08:14:04 UTC 2026","","test_server","",""
"LOG_LEVEL env var (set in config/defaults.env or .env) overrides the default.","0","test_setup_logging_level_configurable_via_env[INFO-20]","tests.unit","Mon May 04 08:13:47 UTC 2026","passed","Mon May 04 08:13:47 UTC 2026","","test_logging_setup","",""
"","2","test_validate_config_missing_token","tests.unit","Mon May 04 08:13:45 UTC 2026","passed","Mon May 04 08:13:45 UTC 2026","","test_config","",""
"POST every supported field, then GET and verify each one.

        AI labels are intentionally excluded — they live per-filter in
        config/jira_filters.json, not in the global config endpoint.
        ","2","test_round_trip_all_fields","tests.component","Mon May 04 08:14:19 UTC 2026","passed","Mon May 04 08:14:19 UTC 2026","TestPostConfig","test_server_config","",""
"Editing the email field after a successful test resets connectedOk and disables Save.","351","test_save_disabled_after_editing_email_following_success[chromium]","tests.e2e","Mon May 04 08:14:24 UTC 2026","passed","Mon May 04 08:14:24 UTC 2026","","test_e2e_connection","",""
"","1","test_post_saves_board_id_to_env","tests.component","Mon May 04 08:14:18 UTC 2026","passed","Mon May 04 08:14:18 UTC 2026","TestPostConfig","test_server_config","",""
"Invalid JSON surfaces a parse error in the log output and blocks the POST.","208","test_schema_invalid_json_shows_error[chromium]","tests.e2e","Mon May 04 08:14:41 UTC 2026","passed","Mon May 04 08:14:42 UTC 2026","","test_e2e_schema_ui","",""
"","0","test_main_returns_1_when_fetch_sprint_data_fails","tests.unit","Mon May 04 08:13:45 UTC 2026","passed","Mon May 04 08:13:45 UTC 2026","","test_cli","",""
"","2","test_env_bool_values[YES-True]","tests.unit","Mon May 04 08:13:46 UTC 2026","passed","Mon May 04 08:13:46 UTC 2026","","test_config","",""
"","8","test_run_defaults_host_to_loopback","tests.unit","Mon May 04 08:13:47 UTC 2026","passed","Mon May 04 08:13:47 UTC 2026","","test_server_handlers","",""
"","0","test_is_done[Closed-True]","tests.unit","Mon May 04 08:13:47 UTC 2026","passed","Mon May 04 08:13:47 UTC 2026","","test_metrics","",""
"status = Done is always emitted regardless of whether JIRA_FILTER_STATUS is present.","7","test_build_jql_status_always_done","tests.unit","Mon May 04 08:13:46 UTC 2026","passed","Mon May 04 08:13:46 UTC 2026","","test_filter_handlers","",""
"When multiple float fields exist the best-named one is chosen for story_points.","1","test_build_schema_from_fields_disambiguates_float_fields_by_name","tests.unit","Mon May 04 08:13:47 UTC 2026","passed","Mon May 04 08:13:47 UTC 2026","","test_schema","",""
"","7","test_slugify_returns_safe_filename[  Team Schema v2  -team_schema_v2]","tests.unit","Mon May 04 08:13:47 UTC 2026","passed","Mon May 04 08:13:47 UTC 2026","","test_server_handlers","",""
"","2","test_filter_id_empty","tests.unit","Mon May 04 08:13:45 UTC 2026","passed","Mon May 04 08:13:45 UTC 2026","","test_config","",""
"Two files from same user, same week — only the later one survives.","1","test_dedup_keeps_latest_per_user_week","tests.unit","Mon May 04 08:13:46 UTC 2026","passed","Mon May 04 08:13:46 UTC 2026","","test_dau_normalizer","",""
"Generate Report tab is active by default.","124","test_default_tab_is_generate[chromium]","tests.e2e","Mon May 04 08:14:42 UTC 2026","passed","Mon May 04 08:14:42 UTC 2026","","test_e2e_ui","",""
"","8","test_get_schema_detail_rejects_path_traversal","tests.unit","Mon May 04 08:13:47 UTC 2026","passed","Mon May 04 08:13:47 UTC 2026","","test_server_handlers","",""
"Issues are placed into the week period matching their updated date.","1","test_fetch_kanban_data_groups_issues_by_updated_date","tests.unit","Mon May 04 08:13:46 UTC 2026","passed","Mon May 04 08:13:46 UTC 2026","","test_jira_client","",""
"","30","test_ai_assistance_chart_canvas_present","tests.component","Mon May 04 08:13:47 UTC 2026","passed","Mon May 04 08:13:47 UTC 2026","","test_report_html","",""
"When get_filter_jql() returns a JQL, config.JIRA_FILTER_JQL is not used.","1","test_fetch_kanban_data_filter_id_jql_takes_precedence_over_config_jql","tests.unit","Mon May 04 08:13:46 UTC 2026","passed","Mon May 04 08:13:46 UTC 2026","","test_jira_client","",""
"","1","test_get_story_points_none","tests.unit","Mon May 04 08:13:47 UTC 2026","passed","Mon May 04 08:13:47 UTC 2026","","test_metrics","",""
"When LOG_LEVEL is unset, root logger defaults to DEBUG.","0","test_setup_logging_default_level_is_debug","tests.unit","Mon May 04 08:13:47 UTC 2026","passed","Mon May 04 08:13:47 UTC 2026","","test_logging_setup","",""
"LOG_LEVEL env var (set in config/defaults.env or .env) overrides the default.","1","test_setup_logging_level_configurable_via_env[CRITICAL-50]","tests.unit","Mon May 04 08:13:47 UTC 2026","passed","Mon May 04 08:13:47 UTC 2026","","test_logging_setup","",""
"populated_fields decides between equally-named float fields.","0","test_build_schema_from_fields_populated_fields_breaks_equal_name_score","tests.unit","Mon May 04 08:13:47 UTC 2026","passed","Mon May 04 08:13:47 UTC 2026","","test_schema","",""
"Badge shows 'Certificate expired' (error) when cert exists but valid=false.","189","test_cert_badge_shows_expired_when_cert_invalid[chromium]","tests.e2e","Mon May 04 08:14:31 UTC 2026","passed","Mon May 04 08:14:31 UTC 2026","","test_e2e_connection","",""
"_handle_post_filter() succeeds when only JIRA_FILTER_ID is provided (no JIRA_PROJECT).","8","test_post_filter_accepts_filter_id_without_project","tests.unit","Mon May 04 08:13:46 UTC 2026","passed","Mon May 04 08:13:46 UTC 2026","","test_filter_handlers","",""
"","2","test_sprint_count_default","tests.unit","Mon May 04 08:13:45 UTC 2026","passed","Mon May 04 08:13:45 UTC 2026","","test_config","",""
"Test Connection with unreachable Jira shows error after attempt (mocked — no real DNS).","330","test_test_connection_unreachable_server[chromium]","tests.e2e","Mon May 04 08:14:46 UTC 2026","passed","Mon May 04 08:14:46 UTC 2026","","test_e2e_ui","",""
"","0","test_build_metrics_dict_report_name_defaults_to_none","tests.unit","Mon May 04 08:13:47 UTC 2026","passed","Mon May 04 08:13:47 UTC 2026","","test_metrics","",""
"Confirmation table reflects the exact username and role that were submitted.","152","test_confirmation_displays_submitted_data[chromium]","tests.e2e","Mon May 04 08:14:14 UTC 2026","passed","Mon May 04 08:14:14 UTC 2026","","test_dau_survey_ui","",""
"JFM-P-011: /api/generate?filter=<slug> exports filter.params.schema_name as JIRA_SCHEMA_NAME.

    The filter's schema_name must win over defaults.env values and be visible to main.py.
    ","9","test_generate_exports_filter_schema_name_to_subprocess","tests.unit","Mon May 04 08:13:47 UTC 2026","passed","Mon May 04 08:13:47 UTC 2026","","test_server_handlers","",""
"The User Email label has a visible red asterisk.","189","test_required_star_visible_on_email_label[chromium]","tests.e2e","Mon May 04 08:14:18 UTC 2026","passed","Mon May 04 08:14:19 UTC 2026","","test_e2e_connection","",""
"Both the default filter and a user filter appear in the filter list after page load.","178","test_filter_list_displayed_on_load[chromium]","tests.e2e","Mon May 04 08:14:36 UTC 2026","passed","Mon May 04 08:14:36 UTC 2026","","test_e2e_filters","",""
"_handle_post_filter() appends a new entry and returns updated=False.","9","test_post_filter_creates_new_entry","tests.unit","Mon May 04 08:13:46 UTC 2026","passed","Mon May 04 08:13:46 UTC 2026","","test_filter_handlers","",""
"","1","test_board_id_returned_when_present","tests.component","Mon May 04 08:14:21 UTC 2026","passed","Mon May 04 08:14:21 UTC 2026","TestGetConfigExtended","test_server_config","",""
"","1","test_compute_dau_trend_subdirectory_files","tests.unit","Mon May 04 08:13:46 UTC 2026","passed","Mon May 04 08:13:46 UTC 2026","","test_dau_metrics","",""
"","0","test_get_sprints_includes_active_when_closed_only_false","tests.unit","Mon May 04 08:13:46 UTC 2026","passed","Mon May 04 08:13:46 UTC 2026","","test_jira_client","",""
"","0","test_load_schemas_missing_file","tests.unit","Mon May 04 08:13:47 UTC 2026","passed","Mon May 04 08:13:47 UTC 2026","","test_schema","",""
"Only fields present in the server config are filled; absent fields remain empty.","175","test_partial_config_populates_only_present_fields[chromium]","tests.e2e","Mon May 04 08:14:21 UTC 2026","passed","Mon May 04 08:14:21 UTC 2026","","test_e2e_connection","",""
"Output subdirectory mirrors the source subdirectory under normalized_dir.","1","test_nested_folder_structure_mirrored","tests.unit","Mon May 04 08:13:46 UTC 2026","passed","Mon May 04 08:13:46 UTC 2026","","test_dau_normalizer","",""
"Only done_statuses in board_statuses; in_progress falls back to default.","0","test_build_schema_from_fields_partial_board_statuses_only_done","tests.unit","Mon May 04 08:13:47 UTC 2026","passed","Mon May 04 08:13:47 UTC 2026","","test_schema","",""
"","2","test_token_always_masked_as_stars","tests.component","Mon May 04 08:14:07 UTC 2026","passed","Mon May 04 08:14:07 UTC 2026","TestGetConfig","test_server_config","",""
"URL and email fields are re-populated from server config after a page reload.","304","test_saved_credentials_prefill_on_reload[chromium]","tests.e2e","Mon May 04 08:14:29 UTC 2026","passed","Mon May 04 08:14:30 UTC 2026","","test_e2e_connection","",""
"","1","test_estimation_type_shown_in_md_header","tests.component","Mon May 04 08:13:48 UTC 2026","passed","Mon May 04 08:13:48 UTC 2026","","test_report_md","",""
"","1","test_get_config_returns_json_content_type","tests.component","Mon May 04 08:14:11 UTC 2026","passed","Mon May 04 08:14:11 UTC 2026","TestGetConfig","test_server_config","",""
"A valid alphanumeric username gets the is-valid class and no error text.","60","test_username_valid_input_applies_valid_class[chromium]","tests.e2e","Mon May 04 08:14:12 UTC 2026","passed","Mon May 04 08:14:13 UTC 2026","","test_dau_survey_ui","",""
"","8","test_handle_generate_emits_error_when_main_file_missing","tests.unit","Mon May 04 08:13:47 UTC 2026","passed","Mon May 04 08:13:47 UTC 2026","","test_server_handlers","",""
"After Save, field values are stored in localStorage.","392","test_save_persists_values_to_localstorage[chromium]","tests.e2e","Mon May 04 08:14:28 UTC 2026","passed","Mon May 04 08:14:28 UTC 2026","","test_e2e_connection","",""
"DELETE /api/schemas?name=Ghost returns 404.","2","test_delete_nonexistent_schema_returns_404","tests.component","Mon May 04 08:14:06 UTC 2026","passed","Mon May 04 08:14:06 UTC 2026","","test_server","",""
"","0","test_ai_usage_details_shape","tests.component","Mon May 04 08:13:47 UTC 2026","passed","Mon May 04 08:13:47 UTC 2026","","test_contracts","",""
"","0","test_compact_timestamp_midnight","tests.unit","Mon May 04 08:13:46 UTC 2026","passed","Mon May 04 08:13:46 UTC 2026","","test_dau_normalizer","",""
"When resolutiondate is set it takes priority over updated for week grouping.","1","test_fetch_kanban_data_prefers_resolutiondate_over_updated","tests.unit","Mon May 04 08:13:46 UTC 2026","passed","Mon May 04 08:13:46 UTC 2026","","test_jira_client","",""
"Badge transitions to 'Connected' after a successful Test Connection.","347","test_badge_shows_connected_on_success[chromium]","tests.e2e","Mon May 04 08:14:21 UTC 2026","passed","Mon May 04 08:14:21 UTC 2026","","test_e2e_connection","",""
"","0","test_is_done_missing_fields","tests.unit","Mon May 04 08:13:47 UTC 2026","passed","Mon May 04 08:13:47 UTC 2026","","test_metrics","",""
"","5","test_dau_responses_dir_env_var_overrides_default","tests.unit","Mon May 04 08:13:46 UTC 2026","passed","Mon May 04 08:13:46 UTC 2026","","test_dau_metrics","",""
"On non-Windows platforms, _get_windows_ca_certs must return an empty list.","0","test_get_windows_ca_certs_returns_empty_on_non_windows","tests.unit","Mon May 04 08:13:45 UTC 2026","passed","Mon May 04 08:13:45 UTC 2026","","test_cert_handlers","",""
"","36","test_validate_cert_valid_future","tests.unit","Mon May 04 08:13:45 UTC 2026","passed","Mon May 04 08:13:45 UTC 2026","","test_cert_validation","",""
"Saving a filter without DAU_PATH populates it as data/dau/<slug>.","8","test_post_filter_defaults_dau_path_from_slug","tests.unit","Mon May 04 08:13:46 UTC 2026","passed","Mon May 04 08:13:46 UTC 2026","","test_filter_handlers","",""
"","1","test_fetch_cert_overwrites_existing","tests.integration","Mon May 04 08:13:47 UTC 2026","passed","Mon May 04 08:13:47 UTC 2026","","test_fetch_ssl_cert","",""
"Key dynamic regions carry aria-live so screen readers announce updates (NFR-A-002).","133","test_dynamic_regions_have_aria_live[chromium]","tests.e2e","Mon May 04 08:14:57 UTC 2026","passed","Mon May 04 08:14:57 UTC 2026","","test_e2e_ui","",""
"","1","test_success_level_value","tests.unit","Mon May 04 08:13:46 UTC 2026","passed","Mon May 04 08:13:46 UTC 2026","","test_logging_setup","",""
"Clicking Remove on a user filter calls DELETE and re-renders the list without that entry.","318","test_remove_filter_updates_list[chromium]","tests.e2e","Mon May 04 08:14:37 UTC 2026","passed","Mon May 04 08:14:37 UTC 2026","","test_e2e_filters","",""
"A trailing ORDER BY clause is dropped so the JQL is composable with parens + AND.","0","test_get_filter_jql_strips_trailing_order_by","tests.unit","Mon May 04 08:13:46 UTC 2026","passed","Mon May 04 08:13:46 UTC 2026","","test_jira_client","",""
"All three fields are empty when server config returns no values.","196","test_fields_empty_when_config_not_configured[chromium]","tests.e2e","Mon May 04 08:14:20 UTC 2026","passed","Mon May 04 08:14:21 UTC 2026","","test_e2e_connection","",""
"Save button stays disabled when Test Connection returns an error.","328","test_save_remains_disabled_after_failed_test_connection[chromium]","tests.e2e","Mon May 04 08:14:23 UTC 2026","passed","Mon May 04 08:14:23 UTC 2026","","test_e2e_connection","",""
"When /api/cert-status reports a valid cert, the badge shows 'Valid'.","161","test_cert_status_badge_valid_cert[chromium]","tests.e2e","Mon May 04 08:14:51 UTC 2026","passed","Mon May 04 08:14:51 UTC 2026","","test_e2e_ui","",""
"Save is disabled even when fields are pre-populated from server — Test Connection not yet run.","170","test_save_button_disabled_on_load_even_with_prefilled_config[chromium]","tests.e2e","Mon May 04 08:14:19 UTC 2026","passed","Mon May 04 08:14:20 UTC 2026","","test_e2e_connection","",""
"","30","test_ai_usage_tools_canvas_present","tests.component","Mon May 04 08:13:47 UTC 2026","passed","Mon May 04 08:13:47 UTC 2026","","test_report_html","",""
"","1","test_delete_schema_not_found","tests.unit","Mon May 04 08:13:47 UTC 2026","passed","Mon May 04 08:13:47 UTC 2026","","test_schema","",""
"","0","test_dedup_issue_without_key_not_moved","tests.unit","Mon May 04 08:13:47 UTC 2026","passed","Mon May 04 08:13:47 UTC 2026","","test_metrics","",""
"","1","test_setup_logging_returns_logger_and_path","tests.unit","Mon May 04 08:13:46 UTC 2026","passed","Mon May 04 08:13:46 UTC 2026","","test_logging_setup","",""
"Token values containing '=' must survive a write/read cycle.","1","test_token_with_equals_sign_round_trip","tests.component","Mon May 04 08:14:16 UTC 2026","passed","Mon May 04 08:14:16 UTC 2026","TestPostConfig","test_server_config","",""
