"DESCRIPTION","DURATION IN MS","NAME","PARENT SUITE","START TIME","STATUS","STOP TIME","SUB SUITE","SUITE","TEST CLASS","TEST METHOD"
"","0","test_date_present","tests.component","Wed May 13 15:56:05 UTC 2026","passed","Wed May 13 15:56:05 UTC 2026","","test_report_md","",""
"","0","test_compute_velocity_custom_field_and_statuses","tests.unit","Wed May 13 15:55:58 UTC 2026","passed","Wed May 13 15:55:58 UTC 2026","","test_metrics","",""
"","0","test_ai_trend_ai_labeled_done_issues","tests.unit","Wed May 13 15:55:58 UTC 2026","passed","Wed May 13 15:55:58 UTC 2026","","test_metrics","",""
"POST with a fresh schema_name inserts and returns updated:false.","2","test_post_schema_creates_new_entry","tests.component","Wed May 13 15:56:23 UTC 2026","passed","Wed May 13 15:56:23 UTC 2026","","test_server","",""
"","0","test_sprint_issue_details_excluded_flag","tests.unit","Wed May 13 15:55:58 UTC 2026","passed","Wed May 13 15:55:58 UTC 2026","","test_metrics","",""
"Eye button toggles token input between password and text.","228","test_token_show_hide_toggle[chromium]","tests.e2e","Wed May 13 16:01:05 UTC 2026","passed","Wed May 13 16:01:05 UTC 2026","","test_e2e_ui","",""
"jira_client returns sprints newest-first; dedup must still attribute to the most recent sprint.","1","test_dedup_newest_first_input_still_keeps_issue_in_most_recent","tests.unit","Wed May 13 15:55:58 UTC 2026","passed","Wed May 13 15:55:58 UTC 2026","","test_metrics","",""
"POST with missing in_progress_statuses returns 400.","6","test_post_schema_requires_status_mapping_lists","tests.unit","Wed May 13 15:55:59 UTC 2026","passed","Wed May 13 15:55:59 UTC 2026","","test_server_handlers","",""
"POST every supported field, then GET and verify each one.

        AI labels are intentionally excluded — they live per-filter in
        config/jira_filters.json, not in the global config endpoint.
        ","2","test_round_trip_all_fields","tests.component","Wed May 13 15:56:39 UTC 2026","passed","Wed May 13 15:56:39 UTC 2026","TestPostConfig","test_server_config","",""
"","1","test_fetch_cert_happy_path","tests.integration","Wed May 13 15:56:04 UTC 2026","passed","Wed May 13 15:56:04 UTC 2026","","test_fetch_ssl_cert","",""
"","28","test_estimation_type_shown_in_header","tests.component","Wed May 13 15:56:05 UTC 2026","passed","Wed May 13 15:56:05 UTC 2026","","test_report_html","",""
"Clicking the second radio card adds 'selected' only to that card.","95","test_radio_card_click_marks_it_selected[chromium]","tests.e2e","Wed May 13 16:00:32 UTC 2026","passed","Wed May 13 16:00:32 UTC 2026","","test_dau_survey_ui","",""
"","0","test_load_dau_records_empty_dir","tests.unit","Wed May 13 15:55:57 UTC 2026","passed","Wed May 13 15:55:57 UTC 2026","","test_dau_metrics","",""
"After Save, field values are stored in localStorage.","397","test_save_persists_values_to_localstorage[chromium]","tests.e2e","Wed May 13 16:00:47 UTC 2026","passed","Wed May 13 16:00:47 UTC 2026","","test_e2e_connection","",""
"T-08: usagePieLabels must not corrupt DAU trend, and DAU trend must not corrupt pies.","27","test_t08_ai_usage_plus_dau_trend","tests.component","Wed May 13 15:56:04 UTC 2026","passed","Wed May 13 15:56:04 UTC 2026","","test_cross_section_chart_labels","",""
"_serve_file must suppress all _CLIENT_DISCONNECT exceptions during write.","5","test_serve_file_catches_client_disconnect[ConnectionResetError]","tests.unit","Wed May 13 15:55:59 UTC 2026","passed","Wed May 13 15:55:59 UTC 2026","","test_server_handlers","",""
"Switching back to '— New filter —' unhides the name input and clears every param field.","217","test_new_filter_option_resets_form[chromium]","tests.e2e","Wed May 13 16:00:58 UTC 2026","passed","Wed May 13 16:00:58 UTC 2026","","test_e2e_filters","",""
"","1","test_md_report_sprint_issues_shows_ai_flag","tests.component","Wed May 13 15:56:05 UTC 2026","passed","Wed May 13 15:56:05 UTC 2026","","test_report_md","",""
"","0","test_schema_error_preserves_cause","tests.unit","Wed May 13 15:55:58 UTC 2026","passed","Wed May 13 15:55:58 UTC 2026","","test_exceptions","",""
"","1","test_sprint_issue_details_issue_fields","tests.unit","Wed May 13 15:55:58 UTC 2026","passed","Wed May 13 15:55:58 UTC 2026","","test_metrics","",""
"Changing #filter-schema-select leaves localStorage.jira_schema_name untouched.","189","test_filter_builder_schema_does_not_write_localstorage[chromium]","tests.e2e","Wed May 13 16:00:58 UTC 2026","passed","Wed May 13 16:00:59 UTC 2026","","test_e2e_filters","",""
"","0","test_build_metrics_dict_story_points_velocity_unchanged","tests.unit","Wed May 13 15:55:58 UTC 2026","passed","Wed May 13 15:55:58 UTC 2026","","test_metrics","",""
"","0","test_md_report_ai_usage_hidden_when_toggled_off","tests.component","Wed May 13 15:56:05 UTC 2026","passed","Wed May 13 15:56:05 UTC 2026","","test_report_md","",""
"","27","test_html_has_dau_trend_section","tests.component","Wed May 13 15:56:04 UTC 2026","passed","Wed May 13 15:56:04 UTC 2026","","test_dau_report","",""
"","6","test_delete_schema_rejects_invalid_filename","tests.unit","Wed May 13 15:55:59 UTC 2026","passed","Wed May 13 15:55:59 UTC 2026","","test_server_handlers","",""
"","0","test_timestamp_folder_name_none","tests.unit","Wed May 13 15:55:58 UTC 2026","passed","Wed May 13 15:55:58 UTC 2026","","test_main_helpers","",""
"A filter written via POST is returned by a fresh server instance reading the same file.","504","test_filter_persists_across_server_restart","tests.component","Wed May 13 15:56:46 UTC 2026","passed","Wed May 13 15:56:46 UTC 2026","","test_server_filters","",""
"","0","test_compute_dau_trend_empty_dir","tests.unit","Wed May 13 15:55:57 UTC 2026","passed","Wed May 13 15:55:57 UTC 2026","","test_dau_metrics","",""
"POST /api/fetch-cert with empty url and no JIRA_URL fallback returns HTTP 400.","1","test_fetch_cert_missing_url_returns_400","tests.component","Wed May 13 15:56:18 UTC 2026","passed","Wed May 13 15:56:18 UTC 2026","","test_server","",""
"_load_filters() prepends the default entry at position 0 if the file has no is_default entry.","6","test_load_filters_injects_default_when_absent_from_file","tests.unit","Wed May 13 15:55:58 UTC 2026","passed","Wed May 13 15:55:58 UTC 2026","","test_filter_handlers","",""
"Badge shows 'Error' and mentions authentication failure for a 401 response.","349","test_badge_shows_error_on_401[chromium]","tests.e2e","Wed May 13 16:00:40 UTC 2026","passed","Wed May 13 16:00:40 UTC 2026","","test_e2e_connection","",""
"MC-FMT-004: tool pct = count / ai_assisted_issue_count * 100.","1","test_ai_usage_details_tool_breakdown_pct","tests.unit","Wed May 13 15:55:58 UTC 2026","passed","Wed May 13 15:55:58 UTC 2026","","test_metrics","",""
"","2","test_env_bool_values[yes-True]","tests.unit","Wed May 13 15:55:57 UTC 2026","passed","Wed May 13 15:55:57 UTC 2026","","test_config","",""
"validate_cert() on a missing file returns the error-shape consumed by _handle_cert_status.","0","test_validate_cert_response_has_all_keys_when_missing","tests.component","Wed May 13 15:56:03 UTC 2026","passed","Wed May 13 15:56:03 UTC 2026","","test_contracts","",""
"When /api/cert-status reports no cert, the badge shows 'No certificate'.","171","test_cert_status_badge_no_cert[chromium]","tests.e2e","Wed May 13 16:01:16 UTC 2026","passed","Wed May 13 16:01:16 UTC 2026","","test_e2e_ui","",""
"","0","test_ai_trend_multiple_sprints","tests.unit","Wed May 13 15:55:58 UTC 2026","passed","Wed May 13 15:55:58 UTC 2026","","test_metrics","",""
"","0","test_md_report_ai_assistance_hidden_when_toggled_off","tests.component","Wed May 13 15:56:05 UTC 2026","passed","Wed May 13 15:56:05 UTC 2026","","test_report_md","",""
"","0","test_is_done[Resolved-True]","tests.unit","Wed May 13 15:55:58 UTC 2026","passed","Wed May 13 15:55:58 UTC 2026","","test_metrics","",""
"","0","test_delete_schema_not_found","tests.unit","Wed May 13 15:55:58 UTC 2026","passed","Wed May 13 15:55:58 UTC 2026","","test_schema","",""
"","0","test_get_field_id","tests.unit","Wed May 13 15:55:58 UTC 2026","passed","Wed May 13 15:55:58 UTC 2026","","test_schema","",""
"","2","test_subset_of_keys_only_updates_those_keys","tests.component","Wed May 13 15:56:34 UTC 2026","passed","Wed May 13 15:56:34 UTC 2026","TestPostConfig","test_server_config","",""
"Progress count advances 1 → 2 → 3 as each field is completed.","113","test_progress_increments_with_each_field[chromium]","tests.e2e","Wed May 13 16:00:31 UTC 2026","passed","Wed May 13 16:00:31 UTC 2026","","test_dau_survey_ui","",""
"","0","test_is_done[Released-False]","tests.unit","Wed May 13 15:55:58 UTC 2026","passed","Wed May 13 15:55:58 UTC 2026","","test_metrics","",""
"","1","test_partial_env_returns_configured_false","tests.component","Wed May 13 15:56:28 UTC 2026","passed","Wed May 13 15:56:28 UTC 2026","TestGetConfig","test_server_config","",""
"GET /api/reports with an empty directory returns {""reports"": []}.","1","test_get_reports_returns_empty_list_when_no_reports","tests.component","Wed May 13 15:56:13 UTC 2026","passed","Wed May 13 15:56:13 UTC 2026","","test_server","",""
"The Jira URL label has a visible red asterisk marking it as required.","207","test_required_star_visible_on_jira_url_label[chromium]","tests.e2e","Wed May 13 16:00:36 UTC 2026","passed","Wed May 13 16:00:37 UTC 2026","","test_e2e_connection","",""
"Invalid JSON surfaces a parse error in the log output and blocks the POST.","221","test_schema_invalid_json_shows_error[chromium]","tests.e2e","Wed May 13 16:01:01 UTC 2026","passed","Wed May 13 16:01:01 UTC 2026","","test_e2e_schema_ui","",""
"Per-filter isolation: empty JIRA_SPRINT_NAME_FILTER in filter params overrides defaults.env.

    Verifies that when a filter has JIRA_SPRINT_NAME_FILTER: """", it is injected into the subprocess
    env (explicitly clearing any value from defaults.env), not skipped and allowed to fall through.
    ","6","test_generate_empty_sprint_name_filter_overrides_defaults","tests.unit","Wed May 13 15:55:59 UTC 2026","passed","Wed May 13 15:55:59 UTC 2026","","test_server_handlers","",""
"","0","test_bar_chart_present_when_velocity_nonzero","tests.component","Wed May 13 15:56:05 UTC 2026","passed","Wed May 13 15:56:05 UTC 2026","","test_report_md","",""
"","28","test_chart_canvas_present_when_velocity_nonempty","tests.component","Wed May 13 15:56:04 UTC 2026","passed","Wed May 13 15:56:04 UTC 2026","","test_report_html","",""
"_build_jql_from_params() produces correct JQL clauses for each param combination.","5","test_build_jql_from_params[params2-""Team[Team]"" = T1-None]","tests.unit","Wed May 13 15:55:58 UTC 2026","passed","Wed May 13 15:55:58 UTC 2026","","test_filter_handlers","",""
"","1","test_ai_assisted_label_custom","tests.unit","Wed May 13 15:55:57 UTC 2026","passed","Wed May 13 15:55:57 UTC 2026","","test_config","",""
"","0","test_create_client_passes_verify_ssl","tests.unit","Wed May 13 15:55:58 UTC 2026","passed","Wed May 13 15:55:58 UTC 2026","","test_jira_client","",""
"","0","test_load_dau_records_skips_malformed","tests.unit","Wed May 13 15:55:57 UTC 2026","passed","Wed May 13 15:55:57 UTC 2026","","test_dau_metrics","",""
"POST with missing done_statuses returns 400.","1","test_post_schema_rejects_invalid_status_mapping","tests.component","Wed May 13 15:56:23 UTC 2026","passed","Wed May 13 15:56:23 UTC 2026","","test_server","",""
"Entries written by _save_filters() are returned by a fresh _load_filters() call.","11","test_filter_data_persists_across_loads","tests.unit","Wed May 13 15:55:58 UTC 2026","passed","Wed May 13 15:55:58 UTC 2026","","test_filter_handlers","",""
"","1","test_get_index_html_returns_200","tests.component","Wed May 13 15:56:07 UTC 2026","passed","Wed May 13 15:56:07 UTC 2026","","test_server","",""
"","1","test_md_report_sprint_issues_absent_when_no_data","tests.component","Wed May 13 15:56:05 UTC 2026","passed","Wed May 13 15:56:05 UTC 2026","","test_report_md","",""
"No credentials → exit 1 with error message.","1","test_main_pipeline_config_fail","tests.integration","Wed May 13 15:56:04 UTC 2026","passed","Wed May 13 15:56:04 UTC 2026","","test_integration","",""
"","1","test_md_report_sprint_issues_hidden_when_toggled_off","tests.component","Wed May 13 15:56:05 UTC 2026","passed","Wed May 13 15:56:05 UTC 2026","","test_report_md","",""
"","0","test_dedup_basic_issue_kept_in_last_sprint","tests.unit","Wed May 13 15:55:58 UTC 2026","passed","Wed May 13 15:55:58 UTC 2026","","test_metrics","",""
"","0","test_fetch_cert_exits_when_hostname_unparseable","tests.integration","Wed May 13 15:56:04 UTC 2026","passed","Wed May 13 15:56:04 UTC 2026","","test_fetch_ssl_cert","",""
"Output subdirectory mirrors the source subdirectory under normalized_dir.","0","test_nested_folder_structure_mirrored","tests.unit","Wed May 13 15:55:58 UTC 2026","passed","Wed May 13 15:55:58 UTC 2026","","test_dau_normalizer","",""
"MC-FMT-007: team_avg_pct = (team_avg / 5) * 100, rounded to 1 dp.","1","test_compute_dau_metrics_team_avg_pct","tests.unit","Wed May 13 15:55:58 UTC 2026","passed","Wed May 13 15:55:58 UTC 2026","","test_dau_metrics","",""
"","0","test_compute_velocity_all_done","tests.unit","Wed May 13 15:55:58 UTC 2026","passed","Wed May 13 15:55:58 UTC 2026","","test_metrics","",""
"","5","test_slugify_returns_safe_filename[!!!-schema]","tests.unit","Wed May 13 15:55:58 UTC 2026","passed","Wed May 13 15:55:58 UTC 2026","","test_server_handlers","",""
"","1","test_fetch_cert_creates_certs_dir","tests.integration","Wed May 13 15:56:04 UTC 2026","passed","Wed May 13 15:56:04 UTC 2026","","test_fetch_ssl_cert","",""
"ArrowDown key moves selection from the first to the second radio card.","66","test_radio_card_keyboard_navigation[chromium]","tests.e2e","Wed May 13 16:00:32 UTC 2026","passed","Wed May 13 16:00:32 UTC 2026","","test_dau_survey_ui","",""
"T-07 + T-10: avgDauLabels must not corrupt velocity AND avgVelocityLabels must not
    corrupt DAU trend when both sections are present simultaneously. This is the
    original bug scenario.","28","test_t07_dau_trend_plus_velocity","tests.component","Wed May 13 15:56:04 UTC 2026","passed","Wed May 13 15:56:04 UTC 2026","","test_cross_section_chart_labels","",""
"POST /api/fetch-cert saves the PEM file with LF-only line endings (no CRLF on Windows).

    Ensures the write_bytes fix is effective: ssl.get_server_certificate returns a PEM
    string with \n endings; the saved bytes must not contain \r\n sequences, which would
    make cryptography fail to parse the cert on Windows.
    ","3","test_fetch_cert_saves_pem_without_crlf_line_endings","tests.component","Wed May 13 15:56:26 UTC 2026","passed","Wed May 13 15:56:26 UTC 2026","","test_server","",""
"","1","test_test_connection_empty_body","tests.component","Wed May 13 15:56:11 UTC 2026","passed","Wed May 13 15:56:11 UTC 2026","","test_server","",""
"","28","test_html_has_dau_section_when_data_present","tests.component","Wed May 13 15:56:04 UTC 2026","passed","Wed May 13 15:56:04 UTC 2026","","test_dau_report","",""
"Comments and blank lines must not be removed by _write_env_fields.","1","test_preserves_comment_lines_and_blanks","tests.component","Wed May 13 15:56:27 UTC 2026","passed","Wed May 13 15:56:27 UTC 2026","TestWriteEnvFields","test_server_config","",""
"Email and API token must be masked.","0","test_sanitise_error_replaces_email_and_token","tests.unit","Wed May 13 15:55:58 UTC 2026","passed","Wed May 13 15:55:58 UTC 2026","","test_jira_client","",""
"","0","test_issue_factory_matches_is_done_expectations","tests.component","Wed May 13 15:56:03 UTC 2026","passed","Wed May 13 15:56:03 UTC 2026","","test_contracts","",""
"Clicking Test Connection with empty fields shows validation errors via badge.","221","test_validation_error_empty_fields[chromium]","tests.e2e","Wed May 13 16:01:04 UTC 2026","passed","Wed May 13 16:01:04 UTC 2026","","test_e2e_ui","",""
"Save Filter with empty fields shows error in filter log.","267","test_save_filter_missing_required_fields[chromium]","tests.e2e","Wed May 13 16:01:06 UTC 2026","passed","Wed May 13 16:01:06 UTC 2026","","test_e2e_ui","",""
"","28","test_empty_velocity_shows_no_data_message","tests.component","Wed May 13 15:56:04 UTC 2026","passed","Wed May 13 15:56:04 UTC 2026","","test_report_html","",""
"","1","test_filter_id_numeric","tests.unit","Wed May 13 15:55:57 UTC 2026","passed","Wed May 13 15:55:57 UTC 2026","","test_config","",""
"_handle_post_filter() returns ok=False when both JIRA_PROJECT and JIRA_FILTER_ID are absent.","5","test_post_filter_rejects_blank_project_and_filter_id","tests.unit","Wed May 13 15:55:58 UTC 2026","passed","Wed May 13 15:55:58 UTC 2026","","test_filter_handlers","",""
"","1","test_jira_schema_name_custom","tests.unit","Wed May 13 15:55:57 UTC 2026","passed","Wed May 13 15:55:57 UTC 2026","","test_config","",""
"'Settings saved' flash appears after clicking Save.","377","test_save_shows_flash_confirmation[chromium]","tests.e2e","Wed May 13 16:00:45 UTC 2026","passed","Wed May 13 16:00:45 UTC 2026","","test_e2e_connection","",""
"","0","test_get_done_statuses","tests.unit","Wed May 13 15:55:58 UTC 2026","passed","Wed May 13 15:55:58 UTC 2026","","test_schema","",""
"Badge shows 'Error' and mentions access denied for a 403 response.","352","test_badge_shows_error_on_403[chromium]","tests.e2e","Wed May 13 16:00:40 UTC 2026","passed","Wed May 13 16:00:41 UTC 2026","","test_e2e_connection","",""
"","1","test_dedup_kanban_string_sprint_ids","tests.unit","Wed May 13 15:55:58 UTC 2026","passed","Wed May 13 15:55:58 UTC 2026","","test_metrics","",""
"","0","test_create_client_uses_config_values","tests.unit","Wed May 13 15:55:58 UTC 2026","passed","Wed May 13 15:55:58 UTC 2026","","test_jira_client","",""
"","27","test_html_dau_trend_hidden_when_visibility_false","tests.component","Wed May 13 15:56:04 UTC 2026","passed","Wed May 13 15:56:04 UTC 2026","","test_dau_report","",""
"POST body without top-level 'schema' returns 400.","5","test_post_schema_requires_schema_key","tests.unit","Wed May 13 15:55:59 UTC 2026","passed","Wed May 13 15:55:59 UTC 2026","","test_server_handlers","",""
"The default filter exposes params.DAU_PATH = data/dau/default.","6","test_default_filter_carries_dau_path","tests.unit","Wed May 13 15:55:58 UTC 2026","passed","Wed May 13 15:55:58 UTC 2026","","test_filter_handlers","",""
"When closed sprints span multiple pages, the NEWEST sprints are returned, not the oldest.","0","test_get_sprints_returns_newest_when_paginated","tests.unit","Wed May 13 15:55:58 UTC 2026","passed","Wed May 13 15:55:58 UTC 2026","","test_jira_client","",""
"When estimation_type=JiraTickets, each done issue counts as 1 regardless of SP.","0","test_ai_trend_jira_tickets_mode_counts_issues_not_story_points","tests.unit","Wed May 13 15:55:58 UTC 2026","passed","Wed May 13 15:55:58 UTC 2026","","test_metrics","",""
"board_statuses overrides the static default status_mapping.","0","test_build_schema_from_fields_applies_board_statuses","tests.unit","Wed May 13 15:55:58 UTC 2026","passed","Wed May 13 15:55:58 UTC 2026","","test_schema","",""
"_build_jql_from_params() produces correct JQL clauses for each param combination.","6","test_build_jql_from_params[params3-project = PROJ-sprint in closedSprints()]","tests.unit","Wed May 13 15:55:58 UTC 2026","passed","Wed May 13 15:55:58 UTC 2026","","test_filter_handlers","",""
"","1","test_get_config_returns_json_content_type","tests.component","Wed May 13 15:56:32 UTC 2026","passed","Wed May 13 15:56:32 UTC 2026","TestGetConfig","test_server_config","",""
"","0","test_md_dau_trend_absent_when_empty","tests.component","Wed May 13 15:56:04 UTC 2026","passed","Wed May 13 15:56:04 UTC 2026","","test_dau_report","",""
"","0","test_timestamp_folder_name_empty_string","tests.unit","Wed May 13 15:55:58 UTC 2026","passed","Wed May 13 15:55:58 UTC 2026","","test_main_helpers","",""
"POST /api/fetch-cert for an unreachable host returns 200 with ok=False.","5","test_fetch_cert_unreachable_host_returns_error","tests.component","Wed May 13 15:56:19 UTC 2026","passed","Wed May 13 15:56:19 UTC 2026","","test_server","",""
"LOG_LEVEL env var (set in config/defaults.env or .env) overrides the default.","0","test_setup_logging_level_configurable_via_env[info-20]","tests.unit","Wed May 13 15:55:58 UTC 2026","passed","Wed May 13 15:55:58 UTC 2026","","test_logging_setup","",""
"Save button becomes enabled after all fields filled and Test Connection succeeds.","383","test_save_enabled_after_successful_test_connection[chromium]","tests.e2e","Wed May 13 16:00:41 UTC 2026","passed","Wed May 13 16:00:42 UTC 2026","","test_e2e_connection","",""
"","0","test_get_filter_jql_none","tests.unit","Wed May 13 15:55:58 UTC 2026","passed","Wed May 13 15:55:58 UTC 2026","","test_jira_client","",""
"Generate tab shows metric toggle checkboxes, all checked by default (RG-MT-001).","231","test_metric_toggle_checkboxes_visible[chromium]","tests.e2e","Wed May 13 16:01:18 UTC 2026","passed","Wed May 13 16:01:18 UTC 2026","","test_e2e_ui","",""
"","1","test_env_bool_values[false-False]","tests.unit","Wed May 13 15:55:57 UTC 2026","passed","Wed May 13 15:55:57 UTC 2026","","test_config","",""
"GET /api/schemas?name=<default> returns the full schema.","1","test_get_schema_by_name","tests.component","Wed May 13 15:56:20 UTC 2026","passed","Wed May 13 15:56:20 UTC 2026","","test_server","",""
"When JIRA_CLOSED_SPRINTS_ONLY=False period 0 is the current partial week (active state).","1","test_fetch_kanban_data_open_sprints_includes_current_week","tests.unit","Wed May 13 15:55:58 UTC 2026","passed","Wed May 13 15:55:58 UTC 2026","","test_jira_client","",""
"T-12: aiPointLabels + avgVelocityLabels + avgDauLabels all active.","27","test_t12_ai_trend_plus_velocity_plus_dau_trend","tests.component","Wed May 13 15:56:04 UTC 2026","passed","Wed May 13 15:56:04 UTC 2026","","test_cross_section_chart_labels","",""
"Username and password must be passed as separate kwargs, not embedded anywhere else.","0","test_create_client_credentials_in_auth_kwargs_only","tests.unit","Wed May 13 15:55:58 UTC 2026","passed","Wed May 13 15:55:58 UTC 2026","","test_jira_client","",""
"","358","test_test_connection_http_error","tests.component","Wed May 13 15:56:10 UTC 2026","passed","Wed May 13 15:56:10 UTC 2026","","test_server","",""
"","3","test_build_metrics_dict_includes_dau_key","tests.unit","Wed May 13 15:55:57 UTC 2026","passed","Wed May 13 15:55:57 UTC 2026","","test_dau_metrics","",""
"URL and email fields are populated from the server config on load.","187","test_fields_prepopulated_from_server_config[chromium]","tests.e2e","Wed May 13 16:00:38 UTC 2026","passed","Wed May 13 16:00:38 UTC 2026","","test_e2e_connection","",""
"When server returns '***' for token, placeholder text changes to indicate a saved token.","187","test_token_placeholder_updated_when_server_token_exists[chromium]","tests.e2e","Wed May 13 16:00:38 UTC 2026","passed","Wed May 13 16:00:38 UTC 2026","","test_e2e_connection","",""
"","0","test_md_report_ai_assistance_shows_label","tests.component","Wed May 13 15:56:05 UTC 2026","passed","Wed May 13 15:56:05 UTC 2026","","test_report_md","",""
"POST with no top-level 'schema' returns 400.","1","test_post_schema_missing_schema_key","tests.component","Wed May 13 15:56:21 UTC 2026","passed","Wed May 13 15:56:21 UTC 2026","","test_server","",""
"A local JIRA_FILTER_JQL with ORDER BY is normalised before being wrapped in parens.","0","test_fetch_kanban_data_strips_order_by_from_local_filter_jql","tests.unit","Wed May 13 15:55:58 UTC 2026","passed","Wed May 13 15:55:58 UTC 2026","","test_jira_client","",""
"POST /api/filters body.params.schema_name equals the dropdown value — not localStorage.","263","test_save_sends_schema_from_filter_dropdown[chromium]","tests.e2e","Wed May 13 16:00:58 UTC 2026","passed","Wed May 13 16:00:58 UTC 2026","","test_e2e_filters","",""
"","1","test_create_client_returns_jira_instance","tests.unit","Wed May 13 15:55:58 UTC 2026","passed","Wed May 13 15:55:58 UTC 2026","","test_jira_client","",""
"","0","test_jira_subclasses_caught_by_parent[JiraAuthError]","tests.unit","Wed May 13 15:55:58 UTC 2026","passed","Wed May 13 15:55:58 UTC 2026","","test_exceptions","",""
"Files in a nested subdirectory of raw_dir are discovered and processed.","1","test_nested_folders_are_traversed","tests.unit","Wed May 13 15:55:58 UTC 2026","passed","Wed May 13 15:55:58 UTC 2026","","test_dau_normalizer","",""
"LOG_LEVEL env var (set in config/defaults.env or .env) overrides the default.","0","test_setup_logging_level_configurable_via_env[WARNING-30]","tests.unit","Wed May 13 15:55:58 UTC 2026","passed","Wed May 13 15:55:58 UTC 2026","","test_logging_setup","",""
"Same user, different weeks → two records written.","1","test_dedup_different_weeks_both_kept","tests.unit","Wed May 13 15:55:58 UTC 2026","passed","Wed May 13 15:55:58 UTC 2026","","test_dau_normalizer","",""
"When saving with a newly typed token, the POST payload contains the typed token verbatim.

    The server pre-loads URL and email (JIRA_API_TOKEN='***' → hasServerToken=true). The user
    types a new token, passes Test Connection, then saves. JIRA_API_TOKEN in the POST body must
    be the new token value, not '***'.
    ","394","test_save_with_new_token_sends_real_token[chromium]","tests.e2e","Wed May 13 16:00:45 UTC 2026","passed","Wed May 13 16:00:45 UTC 2026","","test_e2e_connection","",""
"","1","test_env_bool_values[no-False]","tests.unit","Wed May 13 15:55:57 UTC 2026","passed","Wed May 13 15:55:57 UTC 2026","","test_config","",""
"Fetch Certificate button shows 'Refresh Certificate' text when a valid cert exists.","194","test_fetch_cert_button_label_is_refresh_when_cert_valid[chromium]","tests.e2e","Wed May 13 16:00:51 UTC 2026","passed","Wed May 13 16:00:51 UTC 2026","","test_e2e_connection","",""
"","0","test_get_filter_jql_api_error","tests.unit","Wed May 13 15:55:58 UTC 2026","passed","Wed May 13 15:55:58 UTC 2026","","test_jira_client","",""
"","0","test_get_sprints_excludes_active_when_closed_only","tests.unit","Wed May 13 15:55:58 UTC 2026","passed","Wed May 13 15:55:58 UTC 2026","","test_jira_client","",""
"","1","test_board_id_returned_when_present","tests.component","Wed May 13 15:56:41 UTC 2026","passed","Wed May 13 15:56:41 UTC 2026","TestGetConfigExtended","test_server_config","",""
"All required-star spans carry aria-hidden='true' (NFR-A-004).","158","test_decorative_icons_have_aria_hidden[chromium]","tests.e2e","Wed May 13 16:01:22 UTC 2026","passed","Wed May 13 16:01:22 UTC 2026","","test_e2e_ui","",""
"","0","test_build_schema_from_fields_preserves_defaults_for_missing","tests.unit","Wed May 13 15:55:58 UTC 2026","passed","Wed May 13 15:55:58 UTC 2026","","test_schema","",""
"","1","test_md_report_diagnostics_cycle_time_stats","tests.component","Wed May 13 15:56:05 UTC 2026","passed","Wed May 13 15:56:05 UTC 2026","","test_report_md","",""
"python main.py with empty env → exit 1, stderr contains error.","302","test_cli_no_credentials_via_subprocess","tests.integration","Wed May 13 15:56:03 UTC 2026","passed","Wed May 13 15:56:03 UTC 2026","","test_cli_server","",""
"","2","test_creates_env_from_scratch_when_both_absent","tests.component","Wed May 13 15:56:35 UTC 2026","passed","Wed May 13 15:56:35 UTC 2026","TestPostConfig","test_server_config","",""
"","0","test_templates_dir_exists","tests.component","Wed May 13 15:56:04 UTC 2026","passed","Wed May 13 15:56:04 UTC 2026","","test_report_html","",""
"","1","test_main_returns_1_when_jira_client_error_raised[exc0]","tests.unit","Wed May 13 15:55:57 UTC 2026","passed","Wed May 13 15:55:57 UTC 2026","","test_cli","",""
"","0","test_get_sprints_empty_name_filter_returns_all","tests.unit","Wed May 13 15:55:58 UTC 2026","passed","Wed May 13 15:55:58 UTC 2026","","test_jira_client","",""
"","1","test_overwrites_existing_env_fields","tests.component","Wed May 13 15:56:32 UTC 2026","passed","Wed May 13 15:56:32 UTC 2026","TestPostConfig","test_server_config","",""
"","0","test_get_in_progress_statuses","tests.unit","Wed May 13 15:55:58 UTC 2026","passed","Wed May 13 15:55:58 UTC 2026","","test_schema","",""
"","309","test_generate_returns_sse_content_type","tests.component","Wed May 13 15:56:12 UTC 2026","passed","Wed May 13 15:56:12 UTC 2026","","test_server","",""
"","0","test_get_board_id_raises_when_not_configured","tests.unit","Wed May 13 15:55:58 UTC 2026","passed","Wed May 13 15:55:58 UTC 2026","","test_jira_client","",""
"Credentials must NOT appear embedded in the url parameter.","1","test_create_client_no_credentials_in_url_kwarg","tests.unit","Wed May 13 15:55:58 UTC 2026","passed","Wed May 13 15:55:58 UTC 2026","","test_jira_client","",""
"","6","test_resolve_report_path_allows_files_under_reports","tests.unit","Wed May 13 15:55:58 UTC 2026","passed","Wed May 13 15:55:59 UTC 2026","","test_server_handlers","",""
"fetch_kanban_data() combines JIRA_FILTER_JQL with updated constraint when JIRA_FILTER_ID absent.","1","test_fetch_kanban_data_uses_config_filter_jql_as_fallback","tests.unit","Wed May 13 15:55:58 UTC 2026","passed","Wed May 13 15:55:58 UTC 2026","","test_jira_client","",""
"When /api/cert-status reports a valid cert, the badge shows 'Valid'.","166","test_cert_status_badge_valid_cert[chromium]","tests.e2e","Wed May 13 16:01:16 UTC 2026","passed","Wed May 13 16:01:17 UTC 2026","","test_e2e_ui","",""
"A token value that contains '=' characters must be stored verbatim.","1","test_token_with_equals_in_value","tests.component","Wed May 13 15:56:27 UTC 2026","passed","Wed May 13 15:56:27 UTC 2026","TestWriteEnvFields","test_server_config","",""
"LOG_LEVEL env var (set in config/defaults.env or .env) overrides the default.","0","test_setup_logging_level_configurable_via_env[INFO-20]","tests.unit","Wed May 13 15:55:58 UTC 2026","passed","Wed May 13 15:55:58 UTC 2026","","test_logging_setup","",""
"_load_filters() creates config/jira_filters.json with the default when the file is absent.","5","test_load_filters_creates_file_when_missing","tests.unit","Wed May 13 15:55:58 UTC 2026","passed","Wed May 13 15:55:58 UTC 2026","","test_filter_handlers","",""
"","0","test_save_schema_updates_existing","tests.unit","Wed May 13 15:55:58 UTC 2026","passed","Wed May 13 15:55:58 UTC 2026","","test_schema","",""
"","0","test_domain_errors_caught_by_app_error[JiraNetworkError]","tests.unit","Wed May 13 15:55:58 UTC 2026","passed","Wed May 13 15:55:58 UTC 2026","","test_exceptions","",""
"Same (username, week) in two different subdirs both survive — dedup is per-directory.","1","test_dedup_per_directory_independent","tests.unit","Wed May 13 15:55:58 UTC 2026","passed","Wed May 13 15:55:58 UTC 2026","","test_dau_normalizer","",""
"Username containing '_' shows an inline error and gets is-error class.","61","test_username_rejects_underscore[chromium]","tests.e2e","Wed May 13 16:00:31 UTC 2026","passed","Wed May 13 16:00:31 UTC 2026","","test_dau_survey_ui","",""
"","0","test_validate_cert_missing_file","tests.unit","Wed May 13 15:55:57 UTC 2026","passed","Wed May 13 15:55:57 UTC 2026","","test_cert_validation","",""
"Two responses from same user in same week → only latest counts.","0","test_compute_dau_trend_dedup_applied","tests.unit","Wed May 13 15:55:58 UTC 2026","passed","Wed May 13 15:55:58 UTC 2026","","test_dau_metrics","",""
"","0","test_parse_iso[not-a-date-False]","tests.unit","Wed May 13 15:55:58 UTC 2026","passed","Wed May 13 15:55:58 UTC 2026","","test_metrics","",""
"","1","test_project_type_kanban","tests.unit","Wed May 13 15:55:57 UTC 2026","passed","Wed May 13 15:55:57 UTC 2026","","test_config","",""
"","0","test_is_done_custom_statuses_case_insensitive","tests.unit","Wed May 13 15:55:58 UTC 2026","passed","Wed May 13 15:55:58 UTC 2026","","test_metrics","",""
"","27","test_ai_usage_tools_canvas_present","tests.component","Wed May 13 15:56:05 UTC 2026","passed","Wed May 13 15:56:05 UTC 2026","","test_report_html","",""
"Clear button empties the log output panel.","3272","test_log_clear_button[chromium]","tests.e2e","Wed May 13 16:01:13 UTC 2026","passed","Wed May 13 16:01:16 UTC 2026","","test_e2e_ui","",""
"T-03: AI assistance trend rendered alone — ai_pct must be displayed with %.","27","test_t03_ai_trend_alone_pct","tests.component","Wed May 13 15:56:03 UTC 2026","passed","Wed May 13 15:56:04 UTC 2026","","test_cross_section_chart_labels","",""
"","0","test_logger_has_success_method","tests.unit","Wed May 13 15:55:58 UTC 2026","passed","Wed May 13 15:55:58 UTC 2026","","test_logging_setup","",""
"","0","test_get_active_schema_hardcoded_uses_builtin_story_points","tests.unit","Wed May 13 15:55:58 UTC 2026","passed","Wed May 13 15:55:58 UTC 2026","","test_schema","",""
"POST /api/config must not 404.","1","test_post_config_route_exists","tests.component","Wed May 13 15:56:37 UTC 2026","passed","Wed May 13 15:56:37 UTC 2026","TestPostConfig","test_server_config","",""
"","2","test_jira_url_empty_string_safe","tests.unit","Wed May 13 15:55:57 UTC 2026","passed","Wed May 13 15:55:57 UTC 2026","","test_config","",""
"","1","test_jira_ssl_cert_returns_true_when_no_file","tests.unit","Wed May 13 15:55:57 UTC 2026","passed","Wed May 13 15:55:57 UTC 2026","","test_config","",""
"DELETE /api/reports keeps the folder when other HTML files still exist.","1","test_delete_report_keeps_folder_when_other_files_remain","tests.component","Wed May 13 15:56:15 UTC 2026","passed","Wed May 13 15:56:15 UTC 2026","","test_server","",""
"Accepts timestamps using the 'Z' suffix (via fromisoformat on Python 3.11+).","0","test_derive_iso_week_zulu_suffix","tests.unit","Wed May 13 15:55:58 UTC 2026","passed","Wed May 13 15:55:58 UTC 2026","","test_dau_normalizer","",""
"Status badge shows neutral/configured state on initial load, not 'Connected'.","206","test_badge_neutral_on_initial_load[chromium]","tests.e2e","Wed May 13 16:00:47 UTC 2026","passed","Wed May 13 16:00:47 UTC 2026","","test_e2e_connection","",""
"Filter Builder tab shows SCRUM / KANBAN radio buttons (RG-PT-001).","174","test_project_type_radios_visible[chromium]","tests.e2e","Wed May 13 16:01:17 UTC 2026","passed","Wed May 13 16:01:17 UTC 2026","","test_e2e_ui","",""
"","1","test_crlf_file_does_not_crash","tests.component","Wed May 13 15:56:27 UTC 2026","passed","Wed May 13 15:56:27 UTC 2026","TestWriteEnvFields","test_server_config","",""
"","1","test_fetch_sprint_data_orchestration","tests.unit","Wed May 13 15:55:58 UTC 2026","passed","Wed May 13 15:55:58 UTC 2026","","test_jira_client","",""
"","0","test_import_app_jira_client","tests.unit","Wed May 13 15:55:58 UTC 2026","passed","Wed May 13 15:55:58 UTC 2026","","test_imports","",""
"","1","test_velocity_section_hidden_when_section_visibility_false","tests.component","Wed May 13 15:56:05 UTC 2026","passed","Wed May 13 15:56:05 UTC 2026","","test_report_md","",""
"","1","test_md_report_ai_assistance_shows_pct","tests.component","Wed May 13 15:56:05 UTC 2026","passed","Wed May 13 15:56:05 UTC 2026","","test_report_md","",""
"Removing a saved filter makes it disappear from the list.","555","test_remove_filter[chromium]","tests.e2e","Wed May 13 16:01:07 UTC 2026","passed","Wed May 13 16:01:08 UTC 2026","","test_e2e_ui","",""
"Editing the token field after a successful test resets connectedOk and disables Save.","375","test_save_disabled_after_editing_token_following_success[chromium]","tests.e2e","Wed May 13 16:00:43 UTC 2026","passed","Wed May 13 16:00:43 UTC 2026","","test_e2e_connection","",""
"","1","test_project_type_invalid_falls_back","tests.unit","Wed May 13 15:55:57 UTC 2026","passed","Wed May 13 15:55:57 UTC 2026","","test_config","",""
"POST then GET should reflect saved values (token masked).","2","test_round_trip_url_email_token","tests.component","Wed May 13 15:56:36 UTC 2026","passed","Wed May 13 15:56:36 UTC 2026","TestPostConfig","test_server_config","",""
"_serve_file must suppress all _CLIENT_DISCONNECT exceptions during write.","6","test_serve_file_catches_client_disconnect[ConnectionAbortedError]","tests.unit","Wed May 13 15:55:59 UTC 2026","passed","Wed May 13 15:55:59 UTC 2026","","test_server_handlers","",""
"","0","test_get_labels_missing_fields","tests.unit","Wed May 13 15:55:58 UTC 2026","passed","Wed May 13 15:55:58 UTC 2026","","test_metrics","",""
"AbortError from showDirectoryPicker leaves the form visible (DAU-F-012).","128","test_fs_api_abort_keeps_form_intact[chromium]","tests.e2e","Wed May 13 16:00:34 UTC 2026","passed","Wed May 13 16:00:34 UTC 2026","","test_dau_survey_ui","",""
"2026-04-05 (Sunday) is still in 2026-W14.","0","test_derive_iso_week_sunday","tests.unit","Wed May 13 15:55:58 UTC 2026","passed","Wed May 13 15:55:58 UTC 2026","","test_dau_normalizer","",""
"_handle_generate() merges the selected filter's JIRA_PROJECT and JIRA_TEAM_ID into env.","6","test_generate_applies_filter_params_to_subprocess_env","tests.unit","Wed May 13 15:55:58 UTC 2026","passed","Wed May 13 15:55:58 UTC 2026","","test_filter_handlers","",""
"MC-FMT-006 + MC-FMT-007: both team_avg and team_avg_pct are None when there are no responses.","1","test_compute_dau_metrics_no_data","tests.unit","Wed May 13 15:55:58 UTC 2026","passed","Wed May 13 15:55:58 UTC 2026","","test_dau_metrics","",""
"Generate button is disabled when all metric checkboxes are unchecked (RG-MT-006).","394","test_generate_button_disabled_when_all_metrics_unchecked[chromium]","tests.e2e","Wed May 13 16:01:21 UTC 2026","passed","Wed May 13 16:01:21 UTC 2026","","test_e2e_ui","",""
"","0","test_is_done[Done-True]","tests.unit","Wed May 13 15:55:58 UTC 2026","passed","Wed May 13 15:55:58 UTC 2026","","test_metrics","",""
"Second POST for the same name returns updated:true.","11","test_post_schema_updates_existing_entry","tests.unit","Wed May 13 15:55:59 UTC 2026","passed","Wed May 13 15:55:59 UTC 2026","","test_server_handlers","",""
"","0","test_get_labels_empty_list","tests.unit","Wed May 13 15:55:58 UTC 2026","passed","Wed May 13 15:55:58 UTC 2026","","test_metrics","",""
"Clicking Filter tab shows its panel and hides others.","180","test_click_filter_tab[chromium]","tests.e2e","Wed May 13 16:01:03 UTC 2026","passed","Wed May 13 16:01:03 UTC 2026","","test_e2e_ui","",""
"","1","test_get_field_jql_name_with_explicit_jql_name","tests.unit","Wed May 13 15:55:58 UTC 2026","passed","Wed May 13 15:55:58 UTC 2026","","test_schema","",""
"","0","test_save_schema_creates_file","tests.unit","Wed May 13 15:55:58 UTC 2026","passed","Wed May 13 15:55:58 UTC 2026","","test_schema","",""
"","1","test_build_schema_from_fields_preserves_team_jql_name","tests.unit","Wed May 13 15:55:58 UTC 2026","passed","Wed May 13 15:55:58 UTC 2026","","test_schema","",""
"","0","test_dedup_different_weeks_kept_separate","tests.unit","Wed May 13 15:55:57 UTC 2026","passed","Wed May 13 15:55:57 UTC 2026","","test_dau_metrics","",""
"","0","test_build_metrics_dict_sprint_issue_details_key_present","tests.unit","Wed May 13 15:55:58 UTC 2026","passed","Wed May 13 15:55:58 UTC 2026","","test_metrics","",""
"Selecting a filter from #filter-name-select populates the form with its params.","212","test_selecting_existing_filter_loads_form[chromium]","tests.e2e","Wed May 13 16:00:57 UTC 2026","passed","Wed May 13 16:00:57 UTC 2026","","test_e2e_filters","",""
"","0","test_md_report_ai_assistance_table_headers","tests.component","Wed May 13 15:56:05 UTC 2026","passed","Wed May 13 15:56:05 UTC 2026","","test_report_md","",""
"","1","test_post_saves_board_id_to_env","tests.component","Wed May 13 15:56:39 UTC 2026","passed","Wed May 13 15:56:39 UTC 2026","TestPostConfig","test_server_config","",""
"","1","test_compute_velocity_sprint_absent_from_issues_dict","tests.unit","Wed May 13 15:55:58 UTC 2026","passed","Wed May 13 15:55:58 UTC 2026","","test_metrics","",""
"","0","test_file_created","tests.component","Wed May 13 15:56:05 UTC 2026","passed","Wed May 13 15:56:05 UTC 2026","","test_report_md","",""
"Editing schema_name to match an existing entry overwrites that entry (upsert).","3","test_post_schema_rename_collision_overwrites","tests.component","Wed May 13 15:56:24 UTC 2026","passed","Wed May 13 15:56:24 UTC 2026","","test_server","",""
"","2","test_validate_config_warns_trailing_slash","tests.unit","Wed May 13 15:55:57 UTC 2026","passed","Wed May 13 15:55:57 UTC 2026","","test_config","",""
"","0","test_md_report_ai_usage_action_breakdown","tests.component","Wed May 13 15:56:05 UTC 2026","passed","Wed May 13 15:56:05 UTC 2026","","test_report_md","",""
"","1","test_fetch_cert_overwrites_existing","tests.integration","Wed May 13 15:56:04 UTC 2026","passed","Wed May 13 15:56:04 UTC 2026","","test_fetch_ssl_cert","",""
"When no report_name query param is given, the filter's stored report_name is used.","6","test_generate_uses_stored_report_name_when_no_param","tests.unit","Wed May 13 15:55:59 UTC 2026","passed","Wed May 13 15:55:59 UTC 2026","","test_server_handlers","",""
"_handle_delete_filter('default_jira_filter') returns ok=False.","6","test_delete_default_filter_is_blocked","tests.unit","Wed May 13 15:55:58 UTC 2026","passed","Wed May 13 15:55:58 UTC 2026","","test_filter_handlers","",""
"","0","test_build_metrics_dict_generated_at_is_iso","tests.unit","Wed May 13 15:55:58 UTC 2026","passed","Wed May 13 15:55:58 UTC 2026","","test_metrics","",""
"Run tools/fetch_ssl_cert.py as a subprocess with no JIRA_URL -> should exit 1.","70","test_fetch_cert_subprocess_smoke","tests.integration","Wed May 13 15:56:04 UTC 2026","passed","Wed May 13 15:56:04 UTC 2026","","test_fetch_ssl_cert","",""
"","0","test_domain_errors_caught_by_app_error[SchemaError]","tests.unit","Wed May 13 15:55:58 UTC 2026","passed","Wed May 13 15:55:58 UTC 2026","","test_exceptions","",""
"","0","test_compute_velocity_rounding","tests.unit","Wed May 13 15:55:58 UTC 2026","passed","Wed May 13 15:55:58 UTC 2026","","test_metrics","",""
"","0","test_setup_logging_log_filename_matches_pattern","tests.unit","Wed May 13 15:55:58 UTC 2026","passed","Wed May 13 15:55:58 UTC 2026","","test_logging_setup","",""
"","0","test_ai_usage_dedup_across_sprints","tests.unit","Wed May 13 15:55:58 UTC 2026","passed","Wed May 13 15:55:58 UTC 2026","","test_metrics","",""
"JSR-AD-005: Null or structurally incomplete entries in the Jira fields response are tolerated.","0","test_build_schema_from_fields_tolerates_null_and_incomplete_entries","tests.unit","Wed May 13 15:55:58 UTC 2026","passed","Wed May 13 15:55:58 UTC 2026","","test_schema","",""
"","0","test_get_sprints_filtered_by_name_substring","tests.unit","Wed May 13 15:55:58 UTC 2026","passed","Wed May 13 15:55:58 UTC 2026","","test_jira_client","",""
"","0","test_is_done[In Progress-False]","tests.unit","Wed May 13 15:55:58 UTC 2026","passed","Wed May 13 15:55:58 UTC 2026","","test_metrics","",""
"","1","test_sprint_factory_has_keys_used_by_ai_trend","tests.component","Wed May 13 15:56:03 UTC 2026","passed","Wed May 13 15:56:03 UTC 2026","","test_contracts","",""
"","1","test_creates_env_from_scratch_when_both_absent","tests.component","Wed May 13 15:56:27 UTC 2026","passed","Wed May 13 15:56:27 UTC 2026","TestWriteEnvFields","test_server_config","",""
"A record without 'week' gets it derived from 'timestamp'.","0","test_load_dau_records_derives_week_from_timestamp","tests.unit","Wed May 13 15:55:58 UTC 2026","passed","Wed May 13 15:55:58 UTC 2026","","test_dau_metrics","",""
"","1","test_sprint_issue_details_empty_sprint","tests.unit","Wed May 13 15:55:58 UTC 2026","passed","Wed May 13 15:55:58 UTC 2026","","test_metrics","",""
"The API Token label has a visible red asterisk.","197","test_required_star_visible_on_token_label[chromium]","tests.e2e","Wed May 13 16:00:37 UTC 2026","passed","Wed May 13 16:00:37 UTC 2026","","test_e2e_connection","",""
"","0","test_md_table_data_row","tests.component","Wed May 13 15:56:05 UTC 2026","passed","Wed May 13 15:56:05 UTC 2026","","test_report_md","",""
"","0","test_get_labels_missing_key","tests.unit","Wed May 13 15:55:58 UTC 2026","passed","Wed May 13 15:55:58 UTC 2026","","test_metrics","",""
"5.0 + 3.5 + 1.5 = 10.0 / 3 ≈ 3.33","0","test_mixed_scores_correct_avg","tests.unit","Wed May 13 15:55:57 UTC 2026","passed","Wed May 13 15:55:57 UTC 2026","","test_dau_metrics","",""
"Mock jira_client functions, call main.main(), verify HTML/MD files are created.","256","test_main_pipeline_success","tests.integration","Wed May 13 15:56:04 UTC 2026","passed","Wed May 13 15:56:04 UTC 2026","","test_integration","",""
"DELETE /api/filters/default_jira_filter returns ok=False.","1","test_delete_default_filter_returns_error","tests.component","Wed May 13 15:56:43 UTC 2026","passed","Wed May 13 15:56:43 UTC 2026","","test_server_filters","",""
"","27","test_ai_assistance_section_present","tests.component","Wed May 13 15:56:04 UTC 2026","passed","Wed May 13 15:56:04 UTC 2026","","test_report_html","",""
"POST where fields is not an object returns 400.","1","test_post_schema_rejects_non_dict_fields","tests.component","Wed May 13 15:56:22 UTC 2026","passed","Wed May 13 15:56:22 UTC 2026","","test_server","",""
"","1","test_empty_body_is_noop_and_returns_ok","tests.component","Wed May 13 15:56:36 UTC 2026","passed","Wed May 13 15:56:36 UTC 2026","TestPostConfig","test_server_config","",""
"Badge shows 'Certificate unreadable' (error) when cert-status returns an error key.","207","test_cert_badge_shows_unreadable_on_error[chromium]","tests.e2e","Wed May 13 16:00:50 UTC 2026","passed","Wed May 13 16:00:50 UTC 2026","","test_e2e_connection","",""
"Issues are placed into the week period matching their updated date.","1","test_fetch_kanban_data_groups_issues_by_updated_date","tests.unit","Wed May 13 15:55:58 UTC 2026","passed","Wed May 13 15:55:58 UTC 2026","","test_jira_client","",""
"","0","test_sprint_issue_details_excludes_non_done","tests.unit","Wed May 13 15:55:58 UTC 2026","passed","Wed May 13 15:55:58 UTC 2026","","test_metrics","",""
"Submit button stays disabled with 2 of 3 fields and enables at 3 of 3.","108","test_submit_enabled_only_when_all_fields_are_valid[chromium]","tests.e2e","Wed May 13 16:00:32 UTC 2026","passed","Wed May 13 16:00:32 UTC 2026","","test_dau_survey_ui","",""
"Running Test Connection twice with different mock outcomes reflects the last result.","514","test_multiple_test_connection_attempts_last_result_wins[chromium]","tests.e2e","Wed May 13 16:00:48 UTC 2026","passed","Wed May 13 16:00:48 UTC 2026","","test_e2e_connection","",""
"Delete button is disabled when Default_Jira_Cloud is selected.","166","test_schema_delete_button_disabled_for_default[chromium]","tests.e2e","Wed May 13 16:01:01 UTC 2026","passed","Wed May 13 16:01:01 UTC 2026","","test_e2e_schema_ui","",""
"","31","test_filter_metadata_in_html","tests.integration","Wed May 13 15:56:04 UTC 2026","passed","Wed May 13 15:56:04 UTC 2026","","test_integration","",""
"Reports list shows only HTML links, no MD files (RG-RO-003).","233","test_reports_list_links_only_html[chromium]","tests.e2e","Wed May 13 16:01:21 UTC 2026","passed","Wed May 13 16:01:21 UTC 2026","","test_e2e_ui","",""
"","0","test_project_type_shown_in_md_header","tests.component","Wed May 13 15:56:05 UTC 2026","passed","Wed May 13 15:56:05 UTC 2026","","test_report_md","",""
"","1","test_test_connection_missing_fields","tests.component","Wed May 13 15:56:08 UTC 2026","passed","Wed May 13 15:56:08 UTC 2026","","test_server","",""
"JQL without ORDER BY is returned verbatim.","0","test_get_filter_jql_no_order_by_unchanged","tests.unit","Wed May 13 15:55:58 UTC 2026","passed","Wed May 13 15:55:58 UTC 2026","","test_jira_client","",""
"ORDER BY stripping is case-insensitive.","0","test_get_filter_jql_strips_order_by_case_insensitive","tests.unit","Wed May 13 15:55:58 UTC 2026","passed","Wed May 13 15:55:58 UTC 2026","","test_jira_client","",""
"","6","test_handle_test_connection_uses_custom_ssl_context","tests.unit","Wed May 13 15:55:59 UTC 2026","passed","Wed May 13 15:55:59 UTC 2026","","test_server_handlers","",""
"","0","test_velocity_header_label_jira_tickets","tests.component","Wed May 13 15:56:05 UTC 2026","passed","Wed May 13 15:56:05 UTC 2026","","test_report_md","",""
"","6","test_get_schema_detail_rejects_path_traversal","tests.unit","Wed May 13 15:55:58 UTC 2026","passed","Wed May 13 15:55:58 UTC 2026","","test_server_handlers","",""
"","28","test_ai_usage_details_section_present","tests.component","Wed May 13 15:56:05 UTC 2026","passed","Wed May 13 15:56:05 UTC 2026","","test_report_html","",""
"","1","test_jira_url_trailing_slash_stripped","tests.unit","Wed May 13 15:55:57 UTC 2026","passed","Wed May 13 15:55:57 UTC 2026","","test_config","",""
"","1","test_estimation_type_invalid_falls_back","tests.unit","Wed May 13 15:55:57 UTC 2026","passed","Wed May 13 15:55:57 UTC 2026","","test_config","",""
"","0","test_get_sprints_name_filter_case_insensitive","tests.unit","Wed May 13 15:55:58 UTC 2026","passed","Wed May 13 15:55:58 UTC 2026","","test_jira_client","",""
"","1","test_ai_trend_fallback_uses_tool_labels_when_assisted_label_empty","tests.unit","Wed May 13 15:55:58 UTC 2026","passed","Wed May 13 15:55:58 UTC 2026","","test_metrics","",""
"","27","test_project_key_shown_when_present","tests.component","Wed May 13 15:56:05 UTC 2026","passed","Wed May 13 15:56:05 UTC 2026","","test_report_html","",""
"","1","test_invalid_json_returns_400","tests.component","Wed May 13 15:56:35 UTC 2026","passed","Wed May 13 15:56:35 UTC 2026","TestPostConfig","test_server_config","",""
"Save is disabled even when fields are pre-populated from server — Test Connection not yet run.","175","test_save_button_disabled_on_load_even_with_prefilled_config[chromium]","tests.e2e","Wed May 13 16:00:38 UTC 2026","passed","Wed May 13 16:00:38 UTC 2026","","test_e2e_connection","",""
"","0","test_is_done[-False]","tests.unit","Wed May 13 15:55:58 UTC 2026","passed","Wed May 13 15:55:58 UTC 2026","","test_metrics","",""
"","0","test_dedup_mixed_unique_and_duplicate","tests.unit","Wed May 13 15:55:58 UTC 2026","passed","Wed May 13 15:55:58 UTC 2026","","test_metrics","",""
"","311","test_generate_ends_with_close_event","tests.component","Wed May 13 15:56:12 UTC 2026","passed","Wed May 13 15:56:13 UTC 2026","","test_server","",""
"T-11: all three globally-promoted/registered plugins active simultaneously.
    The original combination that exposed the bug.","27","test_t11_ai_usage_plus_velocity_plus_dau_trend","tests.component","Wed May 13 15:56:04 UTC 2026","passed","Wed May 13 15:56:04 UTC 2026","","test_cross_section_chart_labels","",""
"","1","test_by_role_correct_avg_and_count","tests.unit","Wed May 13 15:55:57 UTC 2026","passed","Wed May 13 15:55:57 UTC 2026","","test_dau_metrics","",""
"","28","test_filter_name_shown_when_present","tests.component","Wed May 13 15:56:05 UTC 2026","passed","Wed May 13 15:56:05 UTC 2026","","test_report_html","",""
"","0","test_ai_usage_tool_breakdown","tests.unit","Wed May 13 15:55:58 UTC 2026","passed","Wed May 13 15:55:58 UTC 2026","","test_metrics","",""
"LOG_LEVEL env var (set in config/defaults.env or .env) overrides the default.","1","test_setup_logging_level_configurable_via_env[ERROR-40]","tests.unit","Wed May 13 15:55:58 UTC 2026","passed","Wed May 13 15:55:58 UTC 2026","","test_logging_setup","",""
"","1","test_main_returns_1_when_config_invalid","tests.unit","Wed May 13 15:55:57 UTC 2026","passed","Wed May 13 15:55:57 UTC 2026","","test_cli","",""
"","1","test_dedup_different_users_same_week_both_kept","tests.unit","Wed May 13 15:55:58 UTC 2026","passed","Wed May 13 15:55:58 UTC 2026","","test_dau_normalizer","",""
"","0","test_get_done_statuses_defaults","tests.unit","Wed May 13 15:55:58 UTC 2026","passed","Wed May 13 15:55:58 UTC 2026","","test_schema","",""
"T-09: aiPointLabels must not corrupt DAU trend labels.","27","test_t09_ai_trend_plus_dau_trend","tests.component","Wed May 13 15:56:04 UTC 2026","passed","Wed May 13 15:56:04 UTC 2026","","test_cross_section_chart_labels","",""
"DELETE /api/reports removes HTML+MD and the folder when it becomes empty.","2","test_delete_report_removes_files_and_folder","tests.component","Wed May 13 15:56:14 UTC 2026","passed","Wed May 13 15:56:14 UTC 2026","","test_server","",""
"","1","test_env_bool_values[-True]","tests.unit","Wed May 13 15:55:57 UTC 2026","passed","Wed May 13 15:55:57 UTC 2026","","test_config","",""
"Test Connection with unreachable Jira shows error after attempt (mocked — no real DNS).","318","test_test_connection_unreachable_server[chromium]","tests.e2e","Wed May 13 16:01:06 UTC 2026","passed","Wed May 13 16:01:06 UTC 2026","","test_e2e_ui","",""
"Re-run removes stale normalized files from nested output subdirectories.","2","test_stale_nested_normalized_files_cleared_on_rerun","tests.unit","Wed May 13 15:55:58 UTC 2026","passed","Wed May 13 15:55:58 UTC 2026","","test_dau_normalizer","",""
"","0","test_no_velocity_data_message","tests.component","Wed May 13 15:56:05 UTC 2026","passed","Wed May 13 15:56:05 UTC 2026","","test_report_md","",""
"DAU_NORMALIZED_DIR resolves to <DAU_PATH>/normalized when DAU_PATH is set.","2","test_dau_path_env_var_drives_normalized_dir","tests.unit","Wed May 13 15:55:57 UTC 2026","passed","Wed May 13 15:55:57 UTC 2026","","test_config","",""
"","1","test_empty_value_not_included","tests.component","Wed May 13 15:56:30 UTC 2026","passed","Wed May 13 15:56:30 UTC 2026","TestGetConfig","test_server_config","",""
"","0","test_jira_subclasses_are_jira_client_error[JiraAuthError]","tests.unit","Wed May 13 15:55:58 UTC 2026","passed","Wed May 13 15:55:58 UTC 2026","","test_exceptions","",""
"","1","test_line_without_equals_skipped","tests.component","Wed May 13 15:56:31 UTC 2026","passed","Wed May 13 15:56:31 UTC 2026","TestGetConfig","test_server_config","",""
"Filling valid inputs, testing connection, then clicking Save shows confirmation flash.","370","test_save_connection_valid_inputs[chromium]","tests.e2e","Wed May 13 16:01:04 UTC 2026","passed","Wed May 13 16:01:04 UTC 2026","","test_e2e_ui","",""
"_build_jql_from_params() produces correct JQL clauses for each param combination.","6","test_build_jql_from_params[params4-type IN (Story, Bug)-None]","tests.unit","Wed May 13 15:55:58 UTC 2026","passed","Wed May 13 15:55:58 UTC 2026","","test_filter_handlers","",""
"","0","test_compute_dau_trend_single_week","tests.unit","Wed May 13 15:55:57 UTC 2026","passed","Wed May 13 15:55:57 UTC 2026","","test_dau_metrics","",""
"T-04: DAU trend rendered alone — avg-line labels must include %.","28","test_t04_dau_trend_alone_pct","tests.component","Wed May 13 15:56:04 UTC 2026","passed","Wed May 13 15:56:04 UTC 2026","","test_cross_section_chart_labels","",""
"","0","test_compute_dau_trend_multiple_weeks_sorted","tests.unit","Wed May 13 15:55:57 UTC 2026","passed","Wed May 13 15:55:57 UTC 2026","","test_dau_metrics","",""
"A trailing ORDER BY clause is dropped so the JQL is composable with parens + AND.","0","test_get_filter_jql_strips_trailing_order_by","tests.unit","Wed May 13 15:55:58 UTC 2026","passed","Wed May 13 15:55:58 UTC 2026","","test_jira_client","",""
"","1","test_load_dau_records_reads_from_subdirectory","tests.unit","Wed May 13 15:55:57 UTC 2026","passed","Wed May 13 15:55:57 UTC 2026","","test_dau_metrics","",""
"","28","test_project_type_shown_in_header","tests.component","Wed May 13 15:56:05 UTC 2026","passed","Wed May 13 15:56:05 UTC 2026","","test_report_html","",""
"","27","test_ai_usage_cases_canvas_present","tests.component","Wed May 13 15:56:05 UTC 2026","passed","Wed May 13 15:56:05 UTC 2026","","test_report_html","",""
"","1","test_parse_args_clean_flag","tests.unit","Wed May 13 15:55:58 UTC 2026","passed","Wed May 13 15:55:58 UTC 2026","","test_main_helpers","",""
"","0","test_get_active_schema_no_file_returns_hardcoded_default","tests.unit","Wed May 13 15:55:58 UTC 2026","passed","Wed May 13 15:55:58 UTC 2026","","test_schema","",""
"","0","test_load_schemas_invalid_json","tests.unit","Wed May 13 15:55:58 UTC 2026","passed","Wed May 13 15:55:58 UTC 2026","","test_schema","",""
"","0","test_compact_timestamp_midnight","tests.unit","Wed May 13 15:55:58 UTC 2026","passed","Wed May 13 15:55:58 UTC 2026","","test_dau_normalizer","",""
"","1","test_creates_normalized_dir_if_missing","tests.unit","Wed May 13 15:55:58 UTC 2026","passed","Wed May 13 15:55:58 UTC 2026","","test_dau_normalizer","",""
"When report_name is omitted from POST body, it defaults to the filter name.","7","test_post_filter_report_name_defaults_to_filter_name","tests.unit","Wed May 13 15:55:59 UTC 2026","passed","Wed May 13 15:55:59 UTC 2026","","test_server_handlers","",""
"","0","test_import_app_cert_utils","tests.unit","Wed May 13 15:55:58 UTC 2026","passed","Wed May 13 15:55:58 UTC 2026","","test_imports","",""
"MC-V-OUT-002: start_date/end_date are ISO-8601 strings when the sprint has dates, None when absent.","0","test_velocity_row_start_end_date_are_iso_or_none","tests.unit","Wed May 13 15:55:58 UTC 2026","passed","Wed May 13 15:55:58 UTC 2026","","test_metrics","",""
"","0","test_domain_errors_are_app_error_subclasses[ConfigError]","tests.unit","Wed May 13 15:55:58 UTC 2026","passed","Wed May 13 15:55:58 UTC 2026","","test_exceptions","",""
"GET /api/schemas?name=Nonexistent returns 404.","1","test_get_schema_not_found","tests.component","Wed May 13 15:56:21 UTC 2026","passed","Wed May 13 15:56:21 UTC 2026","","test_server","",""
"","1","test_validate_cert_corrupt_file","tests.unit","Wed May 13 15:55:57 UTC 2026","passed","Wed May 13 15:55:57 UTC 2026","","test_cert_validation","",""
"create_client() must pass timeout=55 to the Jira constructor.","0","test_create_client_passes_timeout","tests.unit","Wed May 13 15:55:58 UTC 2026","passed","Wed May 13 15:55:58 UTC 2026","","test_jira_client","",""
"_serve_file must suppress all _CLIENT_DISCONNECT exceptions during write.","6","test_serve_file_catches_client_disconnect[BrokenPipeError]","tests.unit","Wed May 13 15:55:59 UTC 2026","passed","Wed May 13 15:55:59 UTC 2026","","test_server_handlers","",""
"","0","test_log_file_format","tests.unit","Wed May 13 15:55:58 UTC 2026","passed","Wed May 13 15:55:58 UTC 2026","","test_logging_setup","",""
"","1","test_fetch_cert_parses_custom_port","tests.integration","Wed May 13 15:56:04 UTC 2026","passed","Wed May 13 15:56:04 UTC 2026","","test_fetch_ssl_cert","",""
"DELETE /api/reports returns 404 when the file does not exist.","1","test_delete_report_returns_404_for_missing","tests.component","Wed May 13 15:56:15 UTC 2026","passed","Wed May 13 15:56:15 UTC 2026","","test_server","",""
"MC-FMT-004: action pct can exceed 100% when an issue carries multiple action labels.","0","test_ai_usage_details_action_breakdown_pct","tests.unit","Wed May 13 15:55:58 UTC 2026","passed","Wed May 13 15:55:58 UTC 2026","","test_metrics","",""
"POST /api/filters with params.schema_name stores it; GET returns the same value.","3","test_post_filter_round_trip_preserves_schema_name","tests.component","Wed May 13 15:56:47 UTC 2026","passed","Wed May 13 15:56:47 UTC 2026","","test_server_filters","",""
"","0","test_parse_args_no_args","tests.unit","Wed May 13 15:55:58 UTC 2026","passed","Wed May 13 15:55:58 UTC 2026","","test_main_helpers","",""
"Clicking Fetch Certificate logs success and updates the badge to 'Valid'.","230","test_fetch_cert_button_success[chromium]","tests.e2e","Wed May 13 16:01:17 UTC 2026","passed","Wed May 13 16:01:17 UTC 2026","","test_e2e_ui","",""
"Saved PEM bundle includes the leaf cert followed by the certifi CA store.","2","test_fetch_cert_bundle_contains_certifi_cas","tests.integration","Wed May 13 15:56:04 UTC 2026","passed","Wed May 13 15:56:04 UTC 2026","","test_fetch_ssl_cert","",""
"When POST /api/fetch-cert returns ok=false, the error message appears in the cert log.","237","test_fetch_cert_failure_shows_error_in_log[chromium]","tests.e2e","Wed May 13 16:00:52 UTC 2026","passed","Wed May 13 16:00:52 UTC 2026","","test_e2e_connection","",""
"","5","test_handle_generate_emits_error_event_for_nonzero_exit","tests.unit","Wed May 13 15:55:59 UTC 2026","passed","Wed May 13 15:55:59 UTC 2026","","test_server_handlers","",""
"","1","test_main_returns_1_when_jira_client_error_raised[exc1]","tests.unit","Wed May 13 15:55:57 UTC 2026","passed","Wed May 13 15:55:57 UTC 2026","","test_cli","",""
"Editing the email field after a successful test resets connectedOk and disables Save.","375","test_save_disabled_after_editing_email_following_success[chromium]","tests.e2e","Wed May 13 16:00:43 UTC 2026","passed","Wed May 13 16:00:43 UTC 2026","","test_e2e_connection","",""
"LOG_LEVEL env var (set in config/defaults.env or .env) overrides the default.","0","test_setup_logging_level_configurable_via_env[DEBUG-10]","tests.unit","Wed May 13 15:55:58 UTC 2026","passed","Wed May 13 15:55:58 UTC 2026","","test_logging_setup","",""
"Saving a filter without DAU_PATH populates it as data/dau/<slug>.","6","test_post_filter_defaults_dau_path_from_slug","tests.unit","Wed May 13 15:55:58 UTC 2026","passed","Wed May 13 15:55:58 UTC 2026","","test_filter_handlers","",""
"Import main.py via importlib without executing it — confirms 'from app import ...' resolves.","0","test_main_imports_resolve","tests.unit","Wed May 13 15:55:58 UTC 2026","passed","Wed May 13 15:55:58 UTC 2026","","test_imports","",""
"","27","test_ai_assistance_sprint_and_pct_present","tests.component","Wed May 13 15:56:04 UTC 2026","passed","Wed May 13 15:56:05 UTC 2026","","test_report_html","",""
"The 'url' keyword passed to Jira() must be exactly the configured JIRA_URL.","1","test_create_client_url_kwarg_matches_config_exactly","tests.unit","Wed May 13 15:55:58 UTC 2026","passed","Wed May 13 15:55:58 UTC 2026","","test_jira_client","",""
"","1","test_parse_iso[None-False]","tests.unit","Wed May 13 15:55:58 UTC 2026","passed","Wed May 13 15:55:58 UTC 2026","","test_metrics","",""
"LOG_LEVEL env var (set in config/defaults.env or .env) overrides the default.","0","test_setup_logging_level_configurable_via_env[CRITICAL-50]","tests.unit","Wed May 13 15:55:58 UTC 2026","passed","Wed May 13 15:55:58 UTC 2026","","test_logging_setup","",""
"","1","test_jira_filter_jql_from_env","tests.unit","Wed May 13 15:55:57 UTC 2026","passed","Wed May 13 15:55:57 UTC 2026","","test_config","",""
"","0","test_duplicate_key_only_first_occurrence_replaced","tests.component","Wed May 13 15:56:27 UTC 2026","passed","Wed May 13 15:56:27 UTC 2026","TestWriteEnvFields","test_server_config","",""
"","0","test_estimation_type_shown_in_md_header","tests.component","Wed May 13 15:56:05 UTC 2026","passed","Wed May 13 15:56:05 UTC 2026","","test_report_md","",""
"","1","test_token_always_masked_as_stars","tests.component","Wed May 13 15:56:28 UTC 2026","passed","Wed May 13 15:56:28 UTC 2026","TestGetConfig","test_server_config","",""
"","27","test_file_created","tests.component","Wed May 13 15:56:04 UTC 2026","passed","Wed May 13 15:56:04 UTC 2026","","test_report_html","",""
"POST with empty 'schema' object returns 400 about schema_name.","1","test_post_schema_missing_name","tests.component","Wed May 13 15:56:22 UTC 2026","passed","Wed May 13 15:56:22 UTC 2026","","test_server","",""
"Saving a filter with valid inputs shows JQL and adds to list.","347","test_save_filter_success[chromium]","tests.e2e","Wed May 13 16:01:07 UTC 2026","passed","Wed May 13 16:01:07 UTC 2026","","test_e2e_ui","",""
"POST with empty schema dict returns 400 about schema_name.","6","test_post_schema_requires_schema_name","tests.unit","Wed May 13 15:55:59 UTC 2026","passed","Wed May 13 15:55:59 UTC 2026","","test_server_handlers","",""
"","0","test_jira_subclasses_are_jira_client_error[JiraApiError]","tests.unit","Wed May 13 15:55:58 UTC 2026","passed","Wed May 13 15:55:58 UTC 2026","","test_exceptions","",""
"_handle_cert_status returns exists=True plus all validity fields when cert parses OK.","6","test_handle_cert_status_returns_validity_fields_for_valid_cert","tests.unit","Wed May 13 15:55:59 UTC 2026","passed","Wed May 13 15:55:59 UTC 2026","","test_server_handlers","",""
"Clicking submit replaces the form with the confirmation screen.","156","test_submit_hides_form_and_shows_confirmation[chromium]","tests.e2e","Wed May 13 16:00:32 UTC 2026","passed","Wed May 13 16:00:33 UTC 2026","","test_dau_survey_ui","",""
"","1","test_jira_subclasses_caught_by_parent[JiraApiError]","tests.unit","Wed May 13 15:55:58 UTC 2026","passed","Wed May 13 15:55:58 UTC 2026","","test_exceptions","",""
"GET /api/cert-status with a valid cert PEM returns all validity fields.","1","test_cert_status_with_valid_cert_returns_enriched_fields","tests.component","Wed May 13 15:56:17 UTC 2026","passed","Wed May 13 15:56:17 UTC 2026","","test_server","",""
"A non-default user filter list item contains a Remove button.","190","test_user_filter_has_remove_button[chromium]","tests.e2e","Wed May 13 16:00:55 UTC 2026","passed","Wed May 13 16:00:56 UTC 2026","","test_e2e_filters","",""
"","1","test_md_report_sprint_issues_shows_issue_keys","tests.component","Wed May 13 15:56:05 UTC 2026","passed","Wed May 13 15:56:05 UTC 2026","","test_report_md","",""
"","0","test_write_creates_newline_terminated_file","tests.component","Wed May 13 15:56:27 UTC 2026","passed","Wed May 13 15:56:27 UTC 2026","TestWriteEnvFields","test_server_config","",""
"When report_name is omitted, it defaults to the filter name.","3","test_post_filter_report_name_defaults_to_filter_name","tests.component","Wed May 13 15:56:48 UTC 2026","passed","Wed May 13 15:56:48 UTC 2026","","test_server_filters","",""
"","27","test_html_dau_trend_absent_when_empty","tests.component","Wed May 13 15:56:04 UTC 2026","passed","Wed May 13 15:56:04 UTC 2026","","test_dau_report","",""
"When LOG_LEVEL is unset, root logger defaults to DEBUG.","0","test_setup_logging_default_level_is_debug","tests.unit","Wed May 13 15:55:58 UTC 2026","passed","Wed May 13 15:55:58 UTC 2026","","test_logging_setup","",""
"","0","test_md_report_ai_usage_tool_breakdown","tests.component","Wed May 13 15:56:05 UTC 2026","passed","Wed May 13 15:56:05 UTC 2026","","test_report_md","",""
"","6","test_handle_test_connection_returns_user_details_on_success","tests.unit","Wed May 13 15:55:59 UTC 2026","passed","Wed May 13 15:55:59 UTC 2026","","test_server_handlers","",""
"DELETE /api/schemas without ?name= returns 400.","1","test_delete_schema_no_name_returns_400","tests.component","Wed May 13 15:56:25 UTC 2026","passed","Wed May 13 15:56:25 UTC 2026","","test_server","",""
"","0","test_setup_logging_creates_log_directory","tests.unit","Wed May 13 15:55:58 UTC 2026","passed","Wed May 13 15:55:58 UTC 2026","","test_logging_setup","",""
"","1","test_md_report_ai_assistance_section_present","tests.component","Wed May 13 15:56:05 UTC 2026","passed","Wed May 13 15:56:05 UTC 2026","","test_report_md","",""
"","24","test_get_root_returns_200","tests.component","Wed May 13 15:56:06 UTC 2026","passed","Wed May 13 15:56:06 UTC 2026","","test_server","",""
"","0","test_ai_trend_fallback_uses_action_labels_when_assisted_label_empty","tests.unit","Wed May 13 15:55:58 UTC 2026","passed","Wed May 13 15:55:58 UTC 2026","","test_metrics","",""
"","1","test_filter_id_empty","tests.unit","Wed May 13 15:55:57 UTC 2026","passed","Wed May 13 15:55:57 UTC 2026","","test_config","",""
"","1","test_by_role_sorted_alphabetically","tests.unit","Wed May 13 15:55:57 UTC 2026","passed","Wed May 13 15:55:57 UTC 2026","","test_dau_metrics","",""
"","0","test_dedup_three_sprints_kept_in_last","tests.unit","Wed May 13 15:55:58 UTC 2026","passed","Wed May 13 15:55:58 UTC 2026","","test_metrics","",""
"An explicit DAU_RESPONSES_DIR wins over the value derived from DAU_PATH.","1","test_dau_responses_dir_env_overrides_dau_path","tests.unit","Wed May 13 15:55:57 UTC 2026","passed","Wed May 13 15:55:57 UTC 2026","","test_config","",""
"After a successful POST /api/fetch-cert, loadCertStatus re-runs and badge shows Valid.","357","test_fetch_cert_success_updates_badge[chromium]","tests.e2e","Wed May 13 16:00:51 UTC 2026","passed","Wed May 13 16:00:52 UTC 2026","","test_e2e_connection","",""
"","1","test_env_bool_values[YES-True]","tests.unit","Wed May 13 15:55:57 UTC 2026","passed","Wed May 13 15:55:57 UTC 2026","","test_config","",""
"","0","test_get_board_id_from_config","tests.unit","Wed May 13 15:55:58 UTC 2026","passed","Wed May 13 15:55:58 UTC 2026","","test_jira_client","",""
"Saved JSON must NOT contain 'week' — it is derived server-side during normalization.","160","test_survey_payload_has_no_week_field[chromium]","tests.e2e","Wed May 13 16:00:33 UTC 2026","passed","Wed May 13 16:00:33 UTC 2026","","test_dau_survey_ui","",""
"","2","test_validate_config_all_set","tests.unit","Wed May 13 15:55:57 UTC 2026","passed","Wed May 13 15:55:57 UTC 2026","","test_config","",""
"","1","test_get_sprints_capped_at_sprint_count","tests.unit","Wed May 13 15:55:58 UTC 2026","passed","Wed May 13 15:55:58 UTC 2026","","test_jira_client","",""
"","1","test_get_schema_found","tests.unit","Wed May 13 15:55:58 UTC 2026","passed","Wed May 13 15:55:58 UTC 2026","","test_schema","",""
"When JIRA_API_TOKEN is saved on the server ('***') and the user leaves the token field
    empty, Test Connection proceeds (hasServerToken=true bypasses the empty-token guard) and
    Save POSTs '***' as JIRA_API_TOKEN — signaling the server to keep the existing stored token.
    ","362","test_save_with_server_token_sends_star_token[chromium]","tests.e2e","Wed May 13 16:00:46 UTC 2026","passed","Wed May 13 16:00:46 UTC 2026","","test_e2e_connection","",""
"","1","test_creates_env_from_example_when_env_missing","tests.component","Wed May 13 15:56:27 UTC 2026","passed","Wed May 13 15:56:27 UTC 2026","TestWriteEnvFields","test_server_config","",""
"","0","test_domain_errors_caught_by_app_error[JiraApiError]","tests.unit","Wed May 13 15:55:58 UTC 2026","passed","Wed May 13 15:55:58 UTC 2026","","test_exceptions","",""
"","5","test_get_schema_detail_returns_saved_schema_json","tests.unit","Wed May 13 15:55:58 UTC 2026","passed","Wed May 13 15:55:58 UTC 2026","","test_server_handlers","",""
"Saved filename follows dau_<username>_<timestamp>.json pattern (DAU-F-014).","146","test_filename_matches_dau_username_timestamp_pattern[chromium]","tests.e2e","Wed May 13 16:00:34 UTC 2026","passed","Wed May 13 16:00:34 UTC 2026","","test_dau_survey_ui","",""
"","0","test_get_story_points_non_numeric_string","tests.unit","Wed May 13 15:55:58 UTC 2026","passed","Wed May 13 15:55:58 UTC 2026","","test_metrics","",""
"","0","test_validate_cert_expired","tests.unit","Wed May 13 15:55:57 UTC 2026","passed","Wed May 13 15:55:57 UTC 2026","","test_cert_validation","",""
"","0","test_ai_trend_exclude_labels","tests.unit","Wed May 13 15:55:58 UTC 2026","passed","Wed May 13 15:55:58 UTC 2026","","test_metrics","",""
"Clicking 'New Survey' on the confirmation hides it and shows the form again.","193","test_new_survey_button_returns_to_form[chromium]","tests.e2e","Wed May 13 16:00:35 UTC 2026","passed","Wed May 13 16:00:35 UTC 2026","","test_dau_survey_ui","",""
"","0","test_md_report_ai_usage_section_present","tests.component","Wed May 13 15:56:05 UTC 2026","passed","Wed May 13 15:56:05 UTC 2026","","test_report_md","",""
"","0","test_is_done[To Do-False]","tests.unit","Wed May 13 15:55:58 UTC 2026","passed","Wed May 13 15:55:58 UTC 2026","","test_metrics","",""
"","1","test_validate_config_missing_url","tests.unit","Wed May 13 15:55:57 UTC 2026","passed","Wed May 13 15:55:57 UTC 2026","","test_config","",""
"Mirror of the bug fix: when the active sprint IS in the fetch
    (JIRA_CLOSED_SPRINTS_ONLY=False), the ticket lands in the active sprint.","0","test_dedup_keeps_issue_in_active_sprint_when_fetched","tests.unit","Wed May 13 15:55:58 UTC 2026","passed","Wed May 13 15:55:58 UTC 2026","","test_metrics","",""
"Bug fix: when JIRA_CLOSED_SPRINTS_ONLY=True, the active sprint is not
    fetched. A ticket carried into the active sprint must NOT be attributed
    to the most-recent closed sprint — it should be dropped until the active
    sprint enters the fetch window. Reproduces the user-reported case where
    a ticket in [Sprint 5, Sprint 6, Sprint 7] (Sprint 7 active, not fetched)
    was incorrectly counted in Sprint 6's velocity.
    ","0","test_dedup_drops_issue_owned_by_active_sprint_outside_fetch","tests.unit","Wed May 13 15:55:58 UTC 2026","passed","Wed May 13 15:55:58 UTC 2026","","test_metrics","",""
"","0","test_missing_dir_returns_zero_count","tests.unit","Wed May 13 15:55:57 UTC 2026","passed","Wed May 13 15:55:57 UTC 2026","","test_dau_metrics","",""
"","1","test_compute_dau_trend_subdirectory_files","tests.unit","Wed May 13 15:55:57 UTC 2026","passed","Wed May 13 15:55:57 UTC 2026","","test_dau_metrics","",""
"","1","test_commented_out_lines_not_returned","tests.component","Wed May 13 15:56:29 UTC 2026","passed","Wed May 13 15:56:29 UTC 2026","TestGetConfig","test_server_config","",""
"","1","test_sprint_count_custom","tests.unit","Wed May 13 15:55:57 UTC 2026","passed","Wed May 13 15:55:57 UTC 2026","","test_config","",""
"GET /api/filters returns the default filter as the first entry.","1","test_get_filters_default_is_first","tests.component","Wed May 13 15:56:42 UTC 2026","passed","Wed May 13 15:56:42 UTC 2026","","test_server_filters","",""
"POST with a fresh schema_name saves and returns updated:false.","6","test_post_schema_inserts_new_entry","tests.unit","Wed May 13 15:55:59 UTC 2026","passed","Wed May 13 15:55:59 UTC 2026","","test_server_handlers","",""
"","0","test_velocity_header_label_story_points","tests.component","Wed May 13 15:56:05 UTC 2026","passed","Wed May 13 15:56:05 UTC 2026","","test_report_md","",""
"","1","test_get_story_points_nested_value_dict","tests.unit","Wed May 13 15:55:58 UTC 2026","passed","Wed May 13 15:55:58 UTC 2026","","test_metrics","",""
"Even if Jira's API returns an issue only under sprint 5, the sprint
    field's max ID is the source of truth. If max ID == 6 and 6 is fetched,
    the issue is attributed to 6.","0","test_dedup_attributes_to_latest_sprint_field_id_not_jira_membership","tests.unit","Wed May 13 15:55:58 UTC 2026","passed","Wed May 13 15:55:58 UTC 2026","","test_metrics","",""
"","28","test_validate_cert_valid_future","tests.unit","Wed May 13 15:55:57 UTC 2026","passed","Wed May 13 15:55:57 UTC 2026","","test_cert_validation","",""
"DELETE /api/schemas?name=Ghost returns 404.","2","test_delete_nonexistent_schema_returns_404","tests.component","Wed May 13 15:56:26 UTC 2026","passed","Wed May 13 15:56:26 UTC 2026","","test_server","",""
"","1","test_board_id_numeric","tests.unit","Wed May 13 15:55:57 UTC 2026","passed","Wed May 13 15:55:57 UTC 2026","","test_config","",""
"","1","test_import_app_report_md","tests.unit","Wed May 13 15:55:58 UTC 2026","passed","Wed May 13 15:55:58 UTC 2026","","test_imports","",""
"","1","test_metric_toggles_default_true","tests.unit","Wed May 13 15:55:57 UTC 2026","passed","Wed May 13 15:55:57 UTC 2026","","test_config","",""
"","0","test_title_present","tests.component","Wed May 13 15:56:05 UTC 2026","passed","Wed May 13 15:56:05 UTC 2026","","test_report_md","",""
"The Default_Jira_Filter list item does not contain a Remove button.","189","test_default_filter_has_no_remove_button[chromium]","tests.e2e","Wed May 13 16:00:55 UTC 2026","passed","Wed May 13 16:00:55 UTC 2026","","test_e2e_filters","",""
"main() must use ThreadPoolExecutor(max_workers=2) for parallel report generation.","2","test_main_generates_reports_in_parallel","tests.unit","Wed May 13 15:55:57 UTC 2026","passed","Wed May 13 15:55:57 UTC 2026","","test_cli","",""
"","27","test_html_dau_shows_team_avg","tests.component","Wed May 13 15:56:04 UTC 2026","passed","Wed May 13 15:56:04 UTC 2026","","test_dau_report","",""
"","0","test_is_done_missing_fields","tests.unit","Wed May 13 15:55:58 UTC 2026","passed","Wed May 13 15:55:58 UTC 2026","","test_metrics","",""
"","2","test_ai_tool_labels_parsed","tests.unit","Wed May 13 15:55:57 UTC 2026","passed","Wed May 13 15:55:57 UTC 2026","","test_config","",""
"","1","test_uncomments_commented_key","tests.component","Wed May 13 15:56:27 UTC 2026","passed","Wed May 13 15:56:27 UTC 2026","TestWriteEnvFields","test_server_config","",""
"Save is disabled on page load when no config is set.","208","test_save_button_disabled_on_load_with_empty_config[chromium]","tests.e2e","Wed May 13 16:00:37 UTC 2026","passed","Wed May 13 16:00:38 UTC 2026","","test_e2e_connection","",""
"","0","test_sprint_name_present","tests.component","Wed May 13 15:56:05 UTC 2026","passed","Wed May 13 15:56:05 UTC 2026","","test_report_md","",""
"LOG_LEVEL env var (set in config/defaults.env or .env) overrides the default.","0","test_setup_logging_level_configurable_via_env[  WARNING  -30]","tests.unit","Wed May 13 15:55:58 UTC 2026","passed","Wed May 13 15:55:58 UTC 2026","","test_logging_setup","",""
"","0","test_md_report_ai_usage_shows_count","tests.component","Wed May 13 15:56:05 UTC 2026","passed","Wed May 13 15:56:05 UTC 2026","","test_report_md","",""
"","1","test_empty_raw_dir_creates_normalized_dir_and_returns_zero","tests.unit","Wed May 13 15:55:58 UTC 2026","passed","Wed May 13 15:55:58 UTC 2026","","test_dau_normalizer","",""
"When resolutiondate is set it takes priority over updated for week grouping.","0","test_fetch_kanban_data_prefers_resolutiondate_over_updated","tests.unit","Wed May 13 15:55:58 UTC 2026","passed","Wed May 13 15:55:58 UTC 2026","","test_jira_client","",""
"Start server.py subprocess on an OS-assigned port, poll until ready, GET / → 200.","529","test_server_health_check","tests.integration","Wed May 13 15:56:03 UTC 2026","passed","Wed May 13 15:56:04 UTC 2026","","test_cli_server","",""
"_handle_post_filter() substitutes the schema's team.jql_name in the JQL clause.","6","test_post_filter_uses_schema_team_jql_field","tests.unit","Wed May 13 15:55:58 UTC 2026","passed","Wed May 13 15:55:58 UTC 2026","","test_filter_handlers","",""
"","1","test_build_metrics_dict_with_schema","tests.unit","Wed May 13 15:55:58 UTC 2026","passed","Wed May 13 15:55:58 UTC 2026","","test_metrics","",""
"","0","test_get_story_points_custom_field_missing","tests.unit","Wed May 13 15:55:58 UTC 2026","passed","Wed May 13 15:55:58 UTC 2026","","test_metrics","",""
"Generate with a filter triggers SSE, shows log output, re-enables button.","4250","test_generate_with_filter_sse_streaming[chromium]","tests.e2e","Wed May 13 16:01:08 UTC 2026","passed","Wed May 13 16:01:13 UTC 2026","","test_e2e_ui","",""
"","0","test_get_story_points_with_custom_field","tests.unit","Wed May 13 15:55:58 UTC 2026","passed","Wed May 13 15:55:58 UTC 2026","","test_metrics","",""
"Parse report.html.j2 for metrics.X references and verify they exist in build_metrics_dict output.","0","test_template_variables_exist_in_metrics_dict","tests.component","Wed May 13 15:56:03 UTC 2026","passed","Wed May 13 15:56:03 UTC 2026","","test_contracts","",""
"","1","test_sprint_count_default","tests.unit","Wed May 13 15:55:57 UTC 2026","passed","Wed May 13 15:55:57 UTC 2026","","test_config","",""
"","0","test_get_active_schema_falls_back_to_default","tests.unit","Wed May 13 15:55:58 UTC 2026","passed","Wed May 13 15:55:58 UTC 2026","","test_schema","",""
"T-13: three sections with % labels; no velocity chart present as a cross-contamination target.","27","test_t13_ai_usage_plus_ai_trend_plus_dau_trend","tests.component","Wed May 13 15:56:04 UTC 2026","passed","Wed May 13 15:56:04 UTC 2026","","test_cross_section_chart_labels","",""
"fetch_kanban_data() uses a single `updated >= oldest` JQL, not per-week resolutiondate ranges.

    Jira workflows (especially team-managed projects) often do not set resolutiondate when an
    issue transitions to Done. Using `updated` ensures issues are captured regardless.
    ","0","test_fetch_kanban_data_jql_uses_updated_not_resolutiondate","tests.unit","Wed May 13 15:55:58 UTC 2026","passed","Wed May 13 15:55:58 UTC 2026","","test_jira_client","",""
"_handle_cert_status returns exists=True plus error key when validate_cert fails.","6","test_handle_cert_status_returns_error_key_when_cert_unreadable","tests.unit","Wed May 13 15:55:59 UTC 2026","passed","Wed May 13 15:55:59 UTC 2026","","test_server_handlers","",""
"Verify generate endpoint returns SSE-formatted response.","3332","test_server_generate_sse_format","tests.integration","Wed May 13 15:56:05 UTC 2026","passed","Wed May 13 15:56:08 UTC 2026","","test_integration","",""
"URL and email fields are re-populated from server config after a page reload.","314","test_saved_credentials_prefill_on_reload[chromium]","tests.e2e","Wed May 13 16:00:48 UTC 2026","passed","Wed May 13 16:00:49 UTC 2026","","test_e2e_connection","",""
"","0","test_ai_usage_fallback_uses_tool_or_action_labels","tests.unit","Wed May 13 15:55:58 UTC 2026","passed","Wed May 13 15:55:58 UTC 2026","","test_metrics","",""
"After submit the mocked FS receives valid JSON with all required fields.","159","test_submit_writes_valid_json_to_mocked_fs[chromium]","tests.e2e","Wed May 13 16:00:33 UTC 2026","passed","Wed May 13 16:00:33 UTC 2026","","test_dau_survey_ui","",""
"","0","test_load_dau_records_returns_list","tests.unit","Wed May 13 15:55:57 UTC 2026","passed","Wed May 13 15:55:57 UTC 2026","","test_dau_metrics","",""
"Generate without a filter selected shows error and marks dropdown invalid.","292","test_generate_without_filter_selected[chromium]","tests.e2e","Wed May 13 16:01:08 UTC 2026","passed","Wed May 13 16:01:08 UTC 2026","","test_e2e_ui","",""
"MC-FMT-002 + MC-FMT-003: when every done issue is AI-assisted, ai_sp == total_sp and ai_pct == 100.0.","0","test_ai_trend_all_done_ai_assisted","tests.unit","Wed May 13 15:55:58 UTC 2026","passed","Wed May 13 15:55:58 UTC 2026","","test_metrics","",""
"Unknown keys in the POST body must not be written to .env.","1","test_post_config_ignores_unknown_keys","tests.component","Wed May 13 15:56:40 UTC 2026","passed","Wed May 13 15:56:40 UTC 2026","TestPostConfig","test_server_config","",""
"ArrowRight on a focused tab activates the next tab.","201","test_keyboard_arrow_right_navigation[chromium]","tests.e2e","Wed May 13 16:01:03 UTC 2026","passed","Wed May 13 16:01:04 UTC 2026","","test_e2e_ui","",""
"","1","test_ai_action_labels_parsed","tests.unit","Wed May 13 15:55:57 UTC 2026","passed","Wed May 13 15:55:57 UTC 2026","","test_config","",""
"Timestamp in saved JSON must be ISO 8601 +00:00 format, no milliseconds.","163","test_submit_timestamp_format[chromium]","tests.e2e","Wed May 13 16:00:33 UTC 2026","passed","Wed May 13 16:00:33 UTC 2026","","test_dau_survey_ui","",""
"T-14: all sections ON — velocity plain, AI trend %, pie %, DAU trend %.","28","test_t14_all_sections_correct_pct_labels","tests.component","Wed May 13 15:56:04 UTC 2026","passed","Wed May 13 15:56:04 UTC 2026","","test_cross_section_chart_labels","",""
"","1","test_md_dau_shows_role_in_table","tests.component","Wed May 13 15:56:04 UTC 2026","passed","Wed May 13 15:56:04 UTC 2026","","test_dau_report","",""
"","1","test_ai_exclude_labels_empty","tests.unit","Wed May 13 15:55:57 UTC 2026","passed","Wed May 13 15:55:57 UTC 2026","","test_config","",""
"","0","test_dedup_no_duplicates_unchanged","tests.unit","Wed May 13 15:55:58 UTC 2026","passed","Wed May 13 15:55:58 UTC 2026","","test_metrics","",""
"","0","test_domain_errors_are_app_error_subclasses[SchemaError]","tests.unit","Wed May 13 15:55:58 UTC 2026","passed","Wed May 13 15:55:58 UTC 2026","","test_exceptions","",""
"","1","test_get_issues_for_sprint_single_page","tests.unit","Wed May 13 15:55:58 UTC 2026","passed","Wed May 13 15:55:58 UTC 2026","","test_jira_client","",""
"","0","test_parse_iso[-False]","tests.unit","Wed May 13 15:55:58 UTC 2026","passed","Wed May 13 15:55:58 UTC 2026","","test_metrics","",""
"Save button stays disabled when Test Connection returns an error.","353","test_save_remains_disabled_after_failed_test_connection[chromium]","tests.e2e","Wed May 13 16:00:42 UTC 2026","passed","Wed May 13 16:00:42 UTC 2026","","test_e2e_connection","",""
"#filter-name-select shows '— New filter —' plus every saved filter (default tagged).","196","test_filter_name_dropdown_lists_existing_filters[chromium]","tests.e2e","Wed May 13 16:00:57 UTC 2026","passed","Wed May 13 16:00:57 UTC 2026","","test_e2e_filters","",""
"","3","test_env_path_points_to_project_root","tests.unit","Wed May 13 15:55:57 UTC 2026","passed","Wed May 13 15:55:57 UTC 2026","","test_config","",""
"Only done_statuses in board_statuses; in_progress falls back to default.","0","test_build_schema_from_fields_partial_board_statuses_only_done","tests.unit","Wed May 13 15:55:58 UTC 2026","passed","Wed May 13 15:55:58 UTC 2026","","test_schema","",""
"build_metrics_dict + generate_html + generate_md finish in under 5 s.","32","test_report_generation_completes_within_time_limit","tests.component","Wed May 13 15:56:05 UTC 2026","passed","Wed May 13 15:56:05 UTC 2026","","test_report_performance","",""
"","1","test_main_keeps_running_when_filter_name_lookup_fails","tests.unit","Wed May 13 15:55:57 UTC 2026","passed","Wed May 13 15:55:57 UTC 2026","","test_cli","",""
"Key dynamic regions carry aria-live so screen readers announce updates (NFR-A-002).","143","test_dynamic_regions_have_aria_live[chromium]","tests.e2e","Wed May 13 16:01:22 UTC 2026","passed","Wed May 13 16:01:22 UTC 2026","","test_e2e_ui","",""
"","0","test_get_story_points_missing_field","tests.unit","Wed May 13 15:55:58 UTC 2026","passed","Wed May 13 15:55:58 UTC 2026","","test_metrics","",""
"","172","test_test_connection_valid_creds","tests.component","Wed May 13 15:56:09 UTC 2026","passed","Wed May 13 15:56:09 UTC 2026","","test_server","",""
"Verify test-connection returns the expected JSON shape for an error response.","215","test_server_test_connection_json_shape","tests.integration","Wed May 13 15:56:04 UTC 2026","passed","Wed May 13 15:56:04 UTC 2026","","test_integration","",""
"","0","test_ai_trend_no_ai_label","tests.unit","Wed May 13 15:55:58 UTC 2026","passed","Wed May 13 15:55:58 UTC 2026","","test_metrics","",""
"","6","test_handle_generate_emits_error_when_main_file_missing","tests.unit","Wed May 13 15:55:59 UTC 2026","passed","Wed May 13 15:55:59 UTC 2026","","test_server_handlers","",""
"","0","test_success_level_value","tests.unit","Wed May 13 15:55:58 UTC 2026","passed","Wed May 13 15:55:58 UTC 2026","","test_logging_setup","",""
"LOG_LEVEL env var (set in config/defaults.env or .env) overrides the default.","0","test_setup_logging_level_configurable_via_env[SUCCESS-25]","tests.unit","Wed May 13 15:55:58 UTC 2026","passed","Wed May 13 15:55:58 UTC 2026","","test_logging_setup","",""
"","1","test_build_metrics_dict_jira_tickets_velocity_uses_issue_count","tests.unit","Wed May 13 15:55:58 UTC 2026","passed","Wed May 13 15:55:58 UTC 2026","","test_metrics","",""
"After the user types into filter-name, switching tabs and returning does not reset the value.","359","test_filter_name_not_overwritten_after_user_edit[chromium]","tests.e2e","Wed May 13 16:00:54 UTC 2026","passed","Wed May 13 16:00:55 UTC 2026","","test_e2e_filters","",""
"","0","test_single_file_without_week_gets_week_derived","tests.unit","Wed May 13 15:55:58 UTC 2026","passed","Wed May 13 15:55:58 UTC 2026","","test_dau_normalizer","",""
"","0","test_fetch_cert_exits_on_os_error","tests.integration","Wed May 13 15:56:04 UTC 2026","passed","Wed May 13 15:56:04 UTC 2026","","test_fetch_ssl_cert","",""
"#filter-schema-select is populated from /api/schemas and defaults to Default_Jira_Cloud.","192","test_filter_schema_dropdown_populated_on_load[chromium]","tests.e2e","Wed May 13 16:00:56 UTC 2026","passed","Wed May 13 16:00:57 UTC 2026","","test_e2e_filters","",""
"Clicking Connection tab shows its panel and hides others.","170","test_click_connection_tab[chromium]","tests.e2e","Wed May 13 16:01:03 UTC 2026","passed","Wed May 13 16:01:03 UTC 2026","","test_e2e_ui","",""
"","0","test_get_story_points_numeric_float","tests.unit","Wed May 13 15:55:58 UTC 2026","passed","Wed May 13 15:55:58 UTC 2026","","test_metrics","",""
"When multiple float fields exist the best-named one is chosen for story_points.","0","test_build_schema_from_fields_disambiguates_float_fields_by_name","tests.unit","Wed May 13 15:55:58 UTC 2026","passed","Wed May 13 15:55:58 UTC 2026","","test_schema","",""
"","0","test_sprint_factory_has_keys_used_by_compute_velocity","tests.component","Wed May 13 15:56:03 UTC 2026","passed","Wed May 13 15:56:03 UTC 2026","","test_contracts","",""
"","0","test_empty_dir_returns_zero_count","tests.unit","Wed May 13 15:55:57 UTC 2026","passed","Wed May 13 15:55:57 UTC 2026","","test_dau_metrics","",""
"MC-FMT-102: velocity table cells show plain numbers; 20.0% must not appear.","28","test_velocity_table_values_have_no_percent_suffix","tests.component","Wed May 13 15:56:05 UTC 2026","passed","Wed May 13 15:56:05 UTC 2026","","test_report_html","",""
"Token values containing '=' must survive a write/read cycle.","2","test_token_with_equals_sign_round_trip","tests.component","Wed May 13 15:56:37 UTC 2026","passed","Wed May 13 15:56:37 UTC 2026","TestPostConfig","test_server_config","",""
"JFM-P-011: /api/generate?filter=<slug> exports filter.params.schema_name as JIRA_SCHEMA_NAME.

    The filter's schema_name must win over defaults.env values and be visible to main.py.
    ","6","test_generate_exports_filter_schema_name_to_subprocess","tests.unit","Wed May 13 15:55:59 UTC 2026","passed","Wed May 13 15:55:59 UTC 2026","","test_server_handlers","",""
"","1","test_ai_trend_no_done_issues","tests.unit","Wed May 13 15:55:58 UTC 2026","passed","Wed May 13 15:55:58 UTC 2026","","test_metrics","",""
"","1","test_get_labels_normal","tests.unit","Wed May 13 15:55:58 UTC 2026","passed","Wed May 13 15:55:58 UTC 2026","","test_metrics","",""
"","0","test_fetch_cert_exits_on_ssl_error","tests.integration","Wed May 13 15:56:04 UTC 2026","passed","Wed May 13 15:56:04 UTC 2026","","test_fetch_ssl_cert","",""
"MC-FMT-005: mean_days, median_days, min_days, max_days are plain day floats.","0","test_cycle_time_fields_are_absolute_days","tests.unit","Wed May 13 15:55:58 UTC 2026","passed","Wed May 13 15:55:58 UTC 2026","","test_metrics","",""
"","0","test_md_table_separator_row","tests.component","Wed May 13 15:56:05 UTC 2026","passed","Wed May 13 15:56:05 UTC 2026","","test_report_md","",""
"","0","test_get_sprints_sorted_desc_by_start_date","tests.unit","Wed May 13 15:55:58 UTC 2026","passed","Wed May 13 15:55:58 UTC 2026","","test_jira_client","",""
"Empty/None config values must not cause errors.","1","test_sanitise_error_handles_none_config_values","tests.unit","Wed May 13 15:55:58 UTC 2026","passed","Wed May 13 15:55:58 UTC 2026","","test_jira_client","",""
"","0","test_compute_velocity_preserves_sprint_name","tests.unit","Wed May 13 15:55:58 UTC 2026","passed","Wed May 13 15:55:58 UTC 2026","","test_metrics","",""
"T-06: aiPointLabels (from AI trend) must not corrupt velocity avg-line labels.","28","test_t06_ai_trend_plus_velocity","tests.component","Wed May 13 15:56:04 UTC 2026","passed","Wed May 13 15:56:04 UTC 2026","","test_cross_section_chart_labels","",""
"T-02: AI usage rendered alone — pie slice labels must include %.","28","test_t02_ai_usage_alone_pie_pct","tests.component","Wed May 13 15:56:03 UTC 2026","passed","Wed May 13 15:56:03 UTC 2026","","test_cross_section_chart_labels","",""
"Fetch Certificate button shows 'Fetch Certificate' text when no cert exists.","189","test_fetch_cert_button_label_is_fetch_when_no_cert[chromium]","tests.e2e","Wed May 13 16:00:50 UTC 2026","passed","Wed May 13 16:00:51 UTC 2026","","test_e2e_connection","",""
"Custom terminal status name without resolutiondate is not considered done.","0","test_is_done_no_resolutiondate_custom_status","tests.unit","Wed May 13 15:55:58 UTC 2026","passed","Wed May 13 15:55:58 UTC 2026","","test_metrics","",""
"When get_filter_jql() returns a JQL, config.JIRA_FILTER_JQL is not used.","1","test_fetch_kanban_data_filter_id_jql_takes_precedence_over_config_jql","tests.unit","Wed May 13 15:55:58 UTC 2026","passed","Wed May 13 15:55:58 UTC 2026","","test_jira_client","",""
"","1","test_md_has_dau_heading_when_data_present","tests.component","Wed May 13 15:56:04 UTC 2026","passed","Wed May 13 15:56:04 UTC 2026","","test_dau_report","",""
"Issues with resolutiondate are done regardless of status name (covers KANBAN custom statuses).","0","test_is_done_resolutiondate_fallback","tests.unit","Wed May 13 15:55:58 UTC 2026","passed","Wed May 13 15:55:58 UTC 2026","","test_metrics","",""
"","27","test_chart_script_absent_when_velocity_empty","tests.component","Wed May 13 15:56:04 UTC 2026","passed","Wed May 13 15:56:04 UTC 2026","","test_report_html","",""
"","1","test_validate_config_missing_token","tests.unit","Wed May 13 15:55:57 UTC 2026","passed","Wed May 13 15:55:57 UTC 2026","","test_config","",""
"","27","test_html_dau_section_absent_when_no_responses","tests.component","Wed May 13 15:56:04 UTC 2026","passed","Wed May 13 15:56:04 UTC 2026","","test_dau_report","",""
"Posting the same name twice updates the existing entry; only one user filter exists.","3","test_post_filter_upserts_on_duplicate_name","tests.component","Wed May 13 15:56:44 UTC 2026","passed","Wed May 13 15:56:44 UTC 2026","","test_server_filters","",""
"Saving a filter creates <DAU_PATH>/original/.gitkeep on disk.","6","test_post_filter_creates_dau_original_folder_with_gitkeep","tests.unit","Wed May 13 15:55:58 UTC 2026","passed","Wed May 13 15:55:58 UTC 2026","","test_filter_handlers","",""
"POST /api/fetch-cert with an unparseable hostname returns HTTP 400.","1","test_fetch_cert_invalid_url_returns_400","tests.component","Wed May 13 15:56:18 UTC 2026","passed","Wed May 13 15:56:18 UTC 2026","","test_server","",""
"","1","test_post_saves_filter_fields_to_env","tests.component","Wed May 13 15:56:38 UTC 2026","passed","Wed May 13 15:56:38 UTC 2026","TestPostConfig","test_server_config","",""
"AI labels are per-filter (in jira_filters.json), not global config —
        POST /api/config must not write them to defaults.env.","1","test_post_ignores_ai_labels","tests.component","Wed May 13 15:56:38 UTC 2026","passed","Wed May 13 15:56:38 UTC 2026","TestPostConfig","test_server_config","",""
"End-to-end regression for the user-reported bug:

    Sprint 6's velocity should be 18, not 23. The 5-point ticket whose sprint
    field includes Sprint 7 (active, not fetched) must not inflate Sprint 6.
    ","0","test_velocity_excludes_ticket_carried_to_unfetched_active_sprint","tests.unit","Wed May 13 15:55:58 UTC 2026","passed","Wed May 13 15:55:58 UTC 2026","","test_metrics","",""
"Changing the Schema Setup dropdown must not affect the Filter Builder's Active Schema.","233","test_schema_setup_does_not_set_active_schema_for_filter[chromium]","tests.e2e","Wed May 13 16:01:01 UTC 2026","passed","Wed May 13 16:01:02 UTC 2026","","test_e2e_schema_ui","",""
"POST /api/filters with report_name stores it; GET returns the same value.","2","test_post_filter_round_trip_preserves_report_name","tests.component","Wed May 13 15:56:47 UTC 2026","passed","Wed May 13 15:56:47 UTC 2026","","test_server_filters","",""
"Issues without a sprint field (legacy / unusual data) fall back to
    most-recent-membership attribution.","1","test_dedup_falls_back_when_sprint_field_missing","tests.unit","Wed May 13 15:55:58 UTC 2026","passed","Wed May 13 15:55:58 UTC 2026","","test_metrics","",""
"","1","test_get_sprints_empty","tests.unit","Wed May 13 15:55:58 UTC 2026","passed","Wed May 13 15:55:58 UTC 2026","","test_jira_client","",""
"Filter save normalizes: all FILTER_PARAM_KEYS are present in saved filter, missing ones default to """".

    Verifies that when a filter is saved via POST /api/filters with missing param keys,
    the normalized entry in jira_filters.json has all keys present with at least """".
    This prevents future env-bleed when generate handler iterates params.
    ","7","test_post_filter_normalizes_missing_param_keys","tests.unit","Wed May 13 15:55:59 UTC 2026","passed","Wed May 13 15:55:59 UTC 2026","","test_server_handlers","",""
"","1","test_md_report_diagnostics_no_cycle_time_message","tests.component","Wed May 13 15:56:05 UTC 2026","passed","Wed May 13 15:56:05 UTC 2026","","test_report_md","",""
"","0","test_domain_errors_are_app_error_subclasses[DataImportError]","tests.unit","Wed May 13 15:55:58 UTC 2026","passed","Wed May 13 15:55:58 UTC 2026","","test_exceptions","",""
"When board_statuses is None the default status_mapping is preserved.","1","test_build_schema_from_fields_none_board_statuses_uses_defaults","tests.unit","Wed May 13 15:55:58 UTC 2026","passed","Wed May 13 15:55:58 UTC 2026","","test_schema","",""
"validate_cert() returns the full set of keys consumed by _handle_cert_status.","35","test_validate_cert_response_has_all_keys_when_valid","tests.component","Wed May 13 15:56:03 UTC 2026","passed","Wed May 13 15:56:03 UTC 2026","","test_contracts","",""
"report_name query param is forwarded as REPORT_NAME env var to main.py.","6","test_generate_exports_report_name_to_subprocess","tests.unit","Wed May 13 15:55:59 UTC 2026","passed","Wed May 13 15:55:59 UTC 2026","","test_server_handlers","",""
"Full positive E2E: Fetch Certificate → badge transitions from 'No certificate' to 'Valid'.

    Steps: load with no cert → badge neutral → fill URL → click Fetch Certificate
    → /api/fetch-cert returns ok=true → /api/cert-status re-polled → badge shows 'Valid'.
    Covers JCR-SSL-006.
    ","347","test_positive_e2e_fetch_cert_then_badge_shows_valid[chromium]","tests.e2e","Wed May 13 16:00:53 UTC 2026","passed","Wed May 13 16:00:54 UTC 2026","","test_e2e_connection","",""
"Two files from same user, same week — only the later one survives.","1","test_dedup_keeps_latest_per_user_week","tests.unit","Wed May 13 15:55:58 UTC 2026","passed","Wed May 13 15:55:58 UTC 2026","","test_dau_normalizer","",""
"#btn-save-jira-filter is disabled when Default_Jira_Filter is picked; re-enables otherwise.","210","test_save_disabled_when_default_filter_selected[chromium]","tests.e2e","Wed May 13 16:00:59 UTC 2026","passed","Wed May 13 16:00:59 UTC 2026","","test_e2e_filters","",""
"","0","test_get_story_points_custom_field","tests.unit","Wed May 13 15:55:58 UTC 2026","passed","Wed May 13 15:55:58 UTC 2026","","test_metrics","",""
"","1","test_dau_section_hidden_when_section_visibility_false","tests.component","Wed May 13 15:56:05 UTC 2026","passed","Wed May 13 15:56:05 UTC 2026","","test_report_md","",""
"","0","test_timestamp_folder_name_valid_iso","tests.unit","Wed May 13 15:55:58 UTC 2026","passed","Wed May 13 15:55:58 UTC 2026","","test_main_helpers","",""
"","6","test_slugify_returns_safe_filename[  Team Schema v2  -team_schema_v2]","tests.unit","Wed May 13 15:55:58 UTC 2026","passed","Wed May 13 15:55:58 UTC 2026","","test_server_handlers","",""
"Badge shows 'Certificate expired' (error) when cert exists but valid=false.","193","test_cert_badge_shows_expired_when_cert_invalid[chromium]","tests.e2e","Wed May 13 16:00:50 UTC 2026","passed","Wed May 13 16:00:50 UTC 2026","","test_e2e_connection","",""
"","1","test_validate_config_all_missing","tests.unit","Wed May 13 15:55:57 UTC 2026","passed","Wed May 13 15:55:57 UTC 2026","","test_config","",""
"When names are ambiguous, populated_fields presence breaks the tie.","1","test_build_schema_from_fields_uses_populated_fields_for_disambiguation","tests.unit","Wed May 13 15:55:58 UTC 2026","passed","Wed May 13 15:55:58 UTC 2026","","test_schema","",""
"","1","test_jira_filter_jql_default_empty","tests.unit","Wed May 13 15:55:57 UTC 2026","passed","Wed May 13 15:55:57 UTC 2026","","test_config","",""
"Username containing a space shows an inline error.","63","test_username_rejects_space[chromium]","tests.e2e","Wed May 13 16:00:31 UTC 2026","passed","Wed May 13 16:00:31 UTC 2026","","test_dau_survey_ui","",""
"","1","test_load_schemas_returns_list_from_file","tests.unit","Wed May 13 15:55:58 UTC 2026","passed","Wed May 13 15:55:58 UTC 2026","","test_schema","",""
"MC-FMT-003: ai_pct = (ai_sp / total_sp) * 100, rounded to 1 dp.","0","test_ai_trend_basic_percentage","tests.unit","Wed May 13 15:55:58 UTC 2026","passed","Wed May 13 15:55:58 UTC 2026","","test_metrics","",""
"","28","test_sprint_name_present","tests.component","Wed May 13 15:56:04 UTC 2026","passed","Wed May 13 15:56:04 UTC 2026","","test_report_html","",""
"MC-FMT-105: pie chart labels append % to pct values; pct data is present in serialised JSON.","28","test_ai_usage_pie_chart_pct_labels_present","tests.component","Wed May 13 15:56:05 UTC 2026","passed","Wed May 13 15:56:05 UTC 2026","","test_report_html","",""
"","0","test_ai_trend_fallback_no_labels_yields_zero","tests.unit","Wed May 13 15:55:58 UTC 2026","passed","Wed May 13 15:55:58 UTC 2026","","test_metrics","",""
"","0","test_is_done[Complete-True]","tests.unit","Wed May 13 15:55:58 UTC 2026","passed","Wed May 13 15:55:58 UTC 2026","","test_metrics","",""
"","0","test_is_done[done-True]","tests.unit","Wed May 13 15:55:58 UTC 2026","passed","Wed May 13 15:55:58 UTC 2026","","test_metrics","",""
"","1","test_replaces_existing_key","tests.component","Wed May 13 15:56:27 UTC 2026","passed","Wed May 13 15:56:27 UTC 2026","TestWriteEnvFields","test_server_config","",""
"Badge shows 'Expiring soon · Nd' (warning) when days_remaining <= 7.","195","test_cert_badge_shows_expiring_soon[chromium]","tests.e2e","Wed May 13 16:00:49 UTC 2026","passed","Wed May 13 16:00:50 UTC 2026","","test_e2e_connection","",""
"Invalid URL: Test Connection still proceeds but Jira call fails; Save remains disabled.","323","test_validation_error_invalid_url[chromium]","tests.e2e","Wed May 13 16:01:04 UTC 2026","passed","Wed May 13 16:01:05 UTC 2026","","test_e2e_ui","",""
"DELETE /api/filters/<slug> removes the entry; subsequent GET does not include it.","4","test_delete_filter_removes_entry","tests.component","Wed May 13 15:56:45 UTC 2026","passed","Wed May 13 15:56:45 UTC 2026","","test_server_filters","",""
"When DAU_PATH env is unset, the default filter's DAU_PATH (data/dau/default) is used.","1","test_dau_path_falls_back_to_default_filter_when_env_unset","tests.unit","Wed May 13 15:55:57 UTC 2026","passed","Wed May 13 15:55:57 UTC 2026","","test_config","",""
"Filter Builder tab shows StoryPoints / JiraTickets radio buttons (RG-ET-001).","178","test_estimation_type_radios_visible[chromium]","tests.e2e","Wed May 13 16:01:17 UTC 2026","passed","Wed May 13 16:01:18 UTC 2026","","test_e2e_ui","",""
"When a filter has a non-empty jql field, JIRA_FILTER_JQL is forwarded to the subprocess env.","3","test_generate_passes_filter_jql_env_var","tests.component","Wed May 13 15:56:13 UTC 2026","passed","Wed May 13 15:56:13 UTC 2026","","test_server","",""
"","0","test_md_report_diagnostics_hidden_when_toggled_off","tests.component","Wed May 13 15:56:05 UTC 2026","passed","Wed May 13 15:56:05 UTC 2026","","test_report_md","",""
"Certificate expiring in 5 days is still valid=True (not yet expired).

    days_remaining <= 7 is a UI-only warning threshold; validate_cert itself
    has no 7-day cutoff — it only checks days_remaining >= 0.
    ","0","test_validate_cert_expiring_soon","tests.unit","Wed May 13 15:55:57 UTC 2026","passed","Wed May 13 15:55:57 UTC 2026","","test_cert_validation","",""
"","0","test_md_dau_section_absent_when_no_responses","tests.component","Wed May 13 15:56:04 UTC 2026","passed","Wed May 13 15:56:04 UTC 2026","","test_dau_report","",""
"","1","test_fetch_sprint_data_skips_sprints_without_id","tests.unit","Wed May 13 15:55:58 UTC 2026","passed","Wed May 13 15:55:58 UTC 2026","","test_jira_client","",""
"A second run replaces previously normalized files.","1","test_stale_normalized_files_cleared_on_rerun","tests.unit","Wed May 13 15:55:58 UTC 2026","passed","Wed May 13 15:55:58 UTC 2026","","test_dau_normalizer","",""
"","0","test_dedup_issue_without_key_not_moved","tests.unit","Wed May 13 15:55:58 UTC 2026","passed","Wed May 13 15:55:58 UTC 2026","","test_metrics","",""
"","6","test_read_env_credentials_reads_values_from_env_file","tests.unit","Wed May 13 15:55:58 UTC 2026","passed","Wed May 13 15:55:58 UTC 2026","","test_server_handlers","",""
"","28","test_doctype_present","tests.component","Wed May 13 15:56:04 UTC 2026","passed","Wed May 13 15:56:04 UTC 2026","","test_report_html","",""
"","1","test_ai_exclude_labels_parsed","tests.unit","Wed May 13 15:55:57 UTC 2026","passed","Wed May 13 15:55:57 UTC 2026","","test_config","",""
"","28","test_velocity_value_present","tests.component","Wed May 13 15:56:04 UTC 2026","passed","Wed May 13 15:56:04 UTC 2026","","test_report_html","",""
"python main.py --clean → exit 0.","455","test_cli_clean_via_subprocess","tests.integration","Wed May 13 15:56:02 UTC 2026","passed","Wed May 13 15:56:03 UTC 2026","","test_cli_server","",""
"","0","test_build_metrics_dict_keys","tests.unit","Wed May 13 15:55:58 UTC 2026","passed","Wed May 13 15:55:58 UTC 2026","","test_metrics","",""
"","0","test_jira_subclasses_caught_by_parent[JiraNetworkError]","tests.unit","Wed May 13 15:55:58 UTC 2026","passed","Wed May 13 15:55:58 UTC 2026","","test_exceptions","",""
"Generate Report tab is active by default.","136","test_default_tab_is_generate[chromium]","tests.e2e","Wed May 13 16:01:02 UTC 2026","passed","Wed May 13 16:01:02 UTC 2026","","test_e2e_ui","",""
"","28","test_date_present","tests.component","Wed May 13 15:56:04 UTC 2026","passed","Wed May 13 15:56:04 UTC 2026","","test_report_html","",""
"Updating JIRA_URL must not disturb JIRA_EMAIL or JIRA_API_TOKEN.","1","test_preserves_other_credential_keys_when_updating_url","tests.component","Wed May 13 15:56:27 UTC 2026","passed","Wed May 13 15:56:27 UTC 2026","TestWriteEnvFields","test_server_config","",""
"Submit button is disabled before any fields are filled.","51","test_submit_button_initially_disabled[chromium]","tests.e2e","Wed May 13 16:00:30 UTC 2026","passed","Wed May 13 16:00:30 UTC 2026","","test_dau_survey_ui","",""
"","0","test_ai_usage_explicit_label_overrides_fallback","tests.unit","Wed May 13 15:55:58 UTC 2026","passed","Wed May 13 15:55:58 UTC 2026","","test_metrics","",""
"Metric toggle state persists across page reloads via localStorage (RG-MT-005).","740","test_metric_toggles_persist_in_localstorage[chromium]","tests.e2e","Wed May 13 16:01:20 UTC 2026","passed","Wed May 13 16:01:21 UTC 2026","","test_e2e_ui","",""
"Progress label shows '0 of 3 answered' and bar width is 0% on load.","72","test_progress_starts_at_zero[chromium]","tests.e2e","Wed May 13 16:00:31 UTC 2026","passed","Wed May 13 16:00:31 UTC 2026","","test_dau_survey_ui","",""
"","1","test_setup_logging_creates_log_file","tests.unit","Wed May 13 15:55:58 UTC 2026","passed","Wed May 13 15:55:58 UTC 2026","","test_logging_setup","",""
"","6","test_run_defaults_host_to_loopback","tests.unit","Wed May 13 15:55:59 UTC 2026","passed","Wed May 13 15:55:59 UTC 2026","","test_server_handlers","",""
"Badge shows 'No certificate' (neutral) when /api/cert-status returns exists=false.","196","test_cert_badge_shows_no_certificate_when_no_cert[chromium]","tests.e2e","Wed May 13 16:00:49 UTC 2026","passed","Wed May 13 16:00:49 UTC 2026","","test_e2e_connection","",""
"","1","test_options_returns_204_with_cors","tests.component","Wed May 13 15:56:08 UTC 2026","passed","Wed May 13 15:56:08 UTC 2026","","test_server","",""
"","0","test_build_metrics_dict_without_schema_backward_compat","tests.unit","Wed May 13 15:55:58 UTC 2026","passed","Wed May 13 15:55:58 UTC 2026","","test_metrics","",""
"Two responses from same user in same week → response_count is 1, latest score used.","0","test_compute_dau_metrics_dedup_applied","tests.unit","Wed May 13 15:55:58 UTC 2026","passed","Wed May 13 15:55:58 UTC 2026","","test_dau_metrics","",""
"","0","test_setup_logging_returns_logger_and_path","tests.unit","Wed May 13 15:55:58 UTC 2026","passed","Wed May 13 15:55:58 UTC 2026","","test_logging_setup","",""
"Confirmation table reflects the exact username and role that were submitted.","161","test_confirmation_displays_submitted_data[chromium]","tests.e2e","Wed May 13 16:00:33 UTC 2026","passed","Wed May 13 16:00:33 UTC 2026","","test_dau_survey_ui","",""
"","0","test_fetch_cert_exits_when_url_empty","tests.integration","Wed May 13 15:56:04 UTC 2026","passed","Wed May 13 15:56:04 UTC 2026","","test_fetch_ssl_cert","",""
"_load_filters() returns exactly one default entry with the correct name and params.","6","test_default_filter_entry_is_present_and_correct","tests.unit","Wed May 13 15:55:58 UTC 2026","passed","Wed May 13 15:55:58 UTC 2026","","test_filter_handlers","",""
"","0","test_import_app_metrics","tests.unit","Wed May 13 15:55:58 UTC 2026","passed","Wed May 13 15:55:58 UTC 2026","","test_imports","",""
"MC-FMT-002: ai_sp and total_sp are plain story-point sums, not normalised to 0-100.","1","test_compute_ai_trend_basic","tests.unit","Wed May 13 15:55:58 UTC 2026","passed","Wed May 13 15:55:58 UTC 2026","","test_metrics","",""
"JSR-R-004: A non-existent named schema falls back to the default silently.","1","test_get_active_schema_named_fallback_uses_default","tests.unit","Wed May 13 15:55:58 UTC 2026","passed","Wed May 13 15:55:58 UTC 2026","","test_schema","",""
"Clicking Remove on a user filter calls DELETE and re-renders the list without that entry.","328","test_remove_filter_updates_list[chromium]","tests.e2e","Wed May 13 16:00:56 UTC 2026","passed","Wed May 13 16:00:56 UTC 2026","","test_e2e_filters","",""
"_build_jql_from_params() produces correct JQL clauses for each param combination.","5","test_build_jql_from_params[params1-project IN (A, B)-None]","tests.unit","Wed May 13 15:55:58 UTC 2026","passed","Wed May 13 15:55:58 UTC 2026","","test_filter_handlers","",""
"","0","test_malformed_json_file_is_skipped","tests.unit","Wed May 13 15:55:57 UTC 2026","passed","Wed May 13 15:55:57 UTC 2026","","test_dau_metrics","",""
"Float custom type is detected as story_points.","0","test_build_schema_from_fields_detects_story_points_by_float_type","tests.unit","Wed May 13 15:55:58 UTC 2026","passed","Wed May 13 15:55:58 UTC 2026","","test_schema","",""
"","0","test_domain_errors_are_app_error_subclasses[JiraClientError]","tests.unit","Wed May 13 15:55:58 UTC 2026","passed","Wed May 13 15:55:58 UTC 2026","","test_exceptions","",""
"","1","test_ai_assisted_label_default","tests.unit","Wed May 13 15:55:57 UTC 2026","passed","Wed May 13 15:55:57 UTC 2026","","test_config","",""
"","0","test_get_issues_for_sprint_empty","tests.unit","Wed May 13 15:55:58 UTC 2026","passed","Wed May 13 15:55:58 UTC 2026","","test_jira_client","",""
"","1","test_single_file_with_existing_week_keeps_it","tests.unit","Wed May 13 15:55:58 UTC 2026","passed","Wed May 13 15:55:58 UTC 2026","","test_dau_normalizer","",""
"","0","test_ai_usage_action_breakdown","tests.unit","Wed May 13 15:55:58 UTC 2026","passed","Wed May 13 15:55:58 UTC 2026","","test_metrics","",""
"","1","test_project_type_default_scrum","tests.unit","Wed May 13 15:55:57 UTC 2026","passed","Wed May 13 15:55:57 UTC 2026","","test_config","",""
"","1","test_appends_missing_key","tests.component","Wed May 13 15:56:27 UTC 2026","passed","Wed May 13 15:56:27 UTC 2026","TestWriteEnvFields","test_server_config","",""
"","2","test_env_bool_values[1-True]","tests.unit","Wed May 13 15:55:57 UTC 2026","passed","Wed May 13 15:55:57 UTC 2026","","test_config","",""
"","1","test_returns_configured_true_when_all_fields_set","tests.component","Wed May 13 15:56:27 UTC 2026","passed","Wed May 13 15:56:27 UTC 2026","TestGetConfig","test_server_config","",""
"","1","test_get_in_progress_statuses_defaults","tests.unit","Wed May 13 15:55:58 UTC 2026","passed","Wed May 13 15:55:58 UTC 2026","","test_schema","",""
"","0","test_compute_velocity_missing_sprint_id","tests.unit","Wed May 13 15:55:58 UTC 2026","passed","Wed May 13 15:55:58 UTC 2026","","test_metrics","",""
"","0","test_velocity_row_has_required_keys","tests.component","Wed May 13 15:56:03 UTC 2026","passed","Wed May 13 15:56:03 UTC 2026","","test_contracts","",""
"","0","test_all_not_used_avg_is_zero","tests.unit","Wed May 13 15:55:57 UTC 2026","passed","Wed May 13 15:55:57 UTC 2026","","test_dau_metrics","",""
"Badge transitions to 'Connected' after a successful Test Connection.","353","test_badge_shows_connected_on_success[chromium]","tests.e2e","Wed May 13 16:00:39 UTC 2026","passed","Wed May 13 16:00:40 UTC 2026","","test_e2e_connection","",""
"","28","test_velocity_section_hidden_when_section_visibility_false","tests.component","Wed May 13 15:56:05 UTC 2026","passed","Wed May 13 15:56:05 UTC 2026","","test_report_html","",""
"","2","test_jira_schema_name_default","tests.unit","Wed May 13 15:55:57 UTC 2026","passed","Wed May 13 15:55:57 UTC 2026","","test_config","",""
"","0","test_md_has_dau_trend_heading","tests.component","Wed May 13 15:56:04 UTC 2026","passed","Wed May 13 15:56:04 UTC 2026","","test_dau_report","",""
"","1","test_optional_fields_included_when_present","tests.component","Wed May 13 15:56:30 UTC 2026","passed","Wed May 13 15:56:30 UTC 2026","TestGetConfig","test_server_config","",""
"","1","test_multiple_keys_written_in_one_call","tests.component","Wed May 13 15:56:27 UTC 2026","passed","Wed May 13 15:56:27 UTC 2026","TestWriteEnvFields","test_server_config","",""
"","1","test_delete_schema_removes_entry","tests.unit","Wed May 13 15:55:58 UTC 2026","passed","Wed May 13 15:55:58 UTC 2026","","test_schema","",""
"","1","test_env_bool_values[True-True]","tests.unit","Wed May 13 15:55:57 UTC 2026","passed","Wed May 13 15:55:57 UTC 2026","","test_config","",""
"","0","test_non_dau_files_ignored","tests.unit","Wed May 13 15:55:58 UTC 2026","passed","Wed May 13 15:55:58 UTC 2026","","test_dau_normalizer","",""
"On non-Windows platforms, _get_windows_ca_certs must return an empty list.","0","test_get_windows_ca_certs_returns_empty_on_non_windows","tests.unit","Wed May 13 15:55:57 UTC 2026","passed","Wed May 13 15:55:57 UTC 2026","","test_cert_handlers","",""
"POST /api/fetch-cert writes the server cert + certifi CA bundle to disk.","2","test_fetch_cert_saves_full_ca_bundle","tests.component","Wed May 13 15:56:19 UTC 2026","passed","Wed May 13 15:56:19 UTC 2026","","test_server","",""
"","1","test_post_unknown_returns_404","tests.component","Wed May 13 15:56:11 UTC 2026","passed","Wed May 13 15:56:11 UTC 2026","","test_server","",""
"","1","test_metric_toggles_explicit_false","tests.unit","Wed May 13 15:55:57 UTC 2026","passed","Wed May 13 15:55:57 UTC 2026","","test_config","",""
"A username stored in localStorage is pre-filled in the input on load.","51","test_username_restored_from_localstorage_on_page_load[chromium]","tests.e2e","Wed May 13 16:00:34 UTC 2026","passed","Wed May 13 16:00:34 UTC 2026","","test_dau_survey_ui","",""
"Survey form is visible and the confirmation screen is hidden on load.","54","test_form_visible_and_confirmation_hidden_on_load[chromium]","tests.e2e","Wed May 13 16:00:30 UTC 2026","passed","Wed May 13 16:00:30 UTC 2026","","test_dau_survey_ui","",""
"Page loads with correct title and heading.","124","test_page_loads_with_title[chromium]","tests.e2e","Wed May 13 16:01:02 UTC 2026","passed","Wed May 13 16:01:02 UTC 2026","","test_e2e_ui","",""
"","0","test_build_schema_from_fields_detects_story_points_by_name","tests.unit","Wed May 13 15:55:58 UTC 2026","passed","Wed May 13 15:55:58 UTC 2026","","test_schema","",""
"","27","test_velocity_totals_row_present","tests.component","Wed May 13 15:56:04 UTC 2026","passed","Wed May 13 15:56:04 UTC 2026","","test_report_html","",""
"POST /api/filters with report_name stores it; GET returns the same value.","6","test_post_filter_saves_report_name","tests.unit","Wed May 13 15:55:59 UTC 2026","passed","Wed May 13 15:55:59 UTC 2026","","test_server_handlers","",""
"","27","test_html_dau_section_hidden_when_visibility_false","tests.component","Wed May 13 15:56:04 UTC 2026","passed","Wed May 13 15:56:04 UTC 2026","","test_dau_report","",""
"","0","test_ai_trend_explicit_label_overrides_fallback","tests.unit","Wed May 13 15:55:58 UTC 2026","passed","Wed May 13 15:55:58 UTC 2026","","test_metrics","",""
"","1","test_star_token_not_overwritten","tests.component","Wed May 13 15:56:34 UTC 2026","passed","Wed May 13 15:56:34 UTC 2026","TestPostConfig","test_server_config","",""
"","1","test_main_clean_removes_reports","tests.integration","Wed May 13 15:56:04 UTC 2026","passed","Wed May 13 15:56:04 UTC 2026","","test_integration","",""
"","1","test_unknown_keys_not_included_in_response","tests.component","Wed May 13 15:56:31 UTC 2026","passed","Wed May 13 15:56:31 UTC 2026","TestGetConfig","test_server_config","",""
"","1","test_build_metrics_dict_sprint_issue_details_issue_shape","tests.unit","Wed May 13 15:55:58 UTC 2026","passed","Wed May 13 15:55:58 UTC 2026","","test_metrics","",""
"","0","test_md_report_sprint_issues_section_present","tests.component","Wed May 13 15:56:05 UTC 2026","passed","Wed May 13 15:56:05 UTC 2026","","test_report_md","",""
"","0","test_md_table_header_row","tests.component","Wed May 13 15:56:05 UTC 2026","passed","Wed May 13 15:56:05 UTC 2026","","test_report_md","",""
"populated_fields decides between equally-named float fields.","0","test_build_schema_from_fields_populated_fields_breaks_equal_name_score","tests.unit","Wed May 13 15:55:58 UTC 2026","passed","Wed May 13 15:55:58 UTC 2026","","test_schema","",""
"When showDirectoryPicker is undefined the app uses browser download (DAU-F-011).","159","test_fs_api_unavailable_falls_back_to_download[chromium]","tests.e2e","Wed May 13 16:00:35 UTC 2026","passed","Wed May 13 16:00:35 UTC 2026","","test_dau_survey_ui","",""
"Second POST with the same schema_name returns updated:true.","3","test_post_schema_updates_existing","tests.component","Wed May 13 15:56:24 UTC 2026","passed","Wed May 13 15:56:24 UTC 2026","","test_server","",""
"Save stays disabled when token is empty even after a successful test (all fields required).","243","test_save_not_enabled_when_token_missing_despite_success[chromium]","tests.e2e","Wed May 13 16:00:44 UTC 2026","passed","Wed May 13 16:00:44 UTC 2026","","test_e2e_connection","",""
"","0","test_delete_schema_refuses_default","tests.unit","Wed May 13 15:55:58 UTC 2026","passed","Wed May 13 15:55:58 UTC 2026","","test_schema","",""
"Clicking Save sends the correct JIRA_URL, JIRA_EMAIL, JIRA_API_TOKEN to POST /api/config.","411","test_save_posts_correct_payload[chromium]","tests.e2e","Wed May 13 16:00:44 UTC 2026","passed","Wed May 13 16:00:44 UTC 2026","","test_e2e_connection","",""
"Updating one credential must leave others byte-identical.","0","test_partial_update_preserves_untouched_key","tests.component","Wed May 13 15:56:27 UTC 2026","passed","Wed May 13 15:56:27 UTC 2026","TestWriteEnvFields","test_server_config","",""
"Unrecognized LOG_LEVEL values fall back to DEBUG rather than raising.","1","test_setup_logging_unknown_level_falls_back_to_debug","tests.unit","Wed May 13 15:55:58 UTC 2026","passed","Wed May 13 15:55:58 UTC 2026","","test_logging_setup","",""
"","0","test_velocity_value_present","tests.component","Wed May 13 15:56:05 UTC 2026","passed","Wed May 13 15:56:05 UTC 2026","","test_report_md","",""
"Files not matching dau_*.json should not be read.","0","test_non_dau_files_are_ignored","tests.unit","Wed May 13 15:55:57 UTC 2026","passed","Wed May 13 15:55:57 UTC 2026","","test_dau_metrics","",""
"","0","test_get_issues_for_sprint_pagination","tests.unit","Wed May 13 15:55:58 UTC 2026","passed","Wed May 13 15:55:58 UTC 2026","","test_jira_client","",""
"","0","test_ai_usage_no_ai_issues","tests.unit","Wed May 13 15:55:58 UTC 2026","passed","Wed May 13 15:55:58 UTC 2026","","test_metrics","",""
"","1","test_compute_dau_metrics_subdirectory_files","tests.unit","Wed May 13 15:55:57 UTC 2026","passed","Wed May 13 15:55:57 UTC 2026","","test_dau_metrics","",""
"GET /api/reports returns one entry per HTML file, folders sorted newest-first.","2","test_get_reports_returns_sorted_list","tests.component","Wed May 13 15:56:14 UTC 2026","passed","Wed May 13 15:56:14 UTC 2026","","test_server","",""
"","1","test_jira_subclasses_are_jira_client_error[JiraNetworkError]","tests.unit","Wed May 13 15:55:58 UTC 2026","passed","Wed May 13 15:55:58 UTC 2026","","test_exceptions","",""
"GET /api/cert-status with a corrupt (non-PEM) cert file returns exists=True and error key.","1","test_cert_status_with_corrupt_cert_returns_error","tests.component","Wed May 13 15:56:17 UTC 2026","passed","Wed May 13 15:56:17 UTC 2026","","test_server","",""
"status = Done is always emitted regardless of whether JIRA_FILTER_STATUS is present.","6","test_build_jql_status_always_done","tests.unit","Wed May 13 15:55:58 UTC 2026","passed","Wed May 13 15:55:58 UTC 2026","","test_filter_handlers","",""
"MC-FMT-101: velocity bar chart ticks are plain numbers; no % callback on the Y axis.","28","test_velocity_chart_y_axis_has_no_percent_suffix","tests.component","Wed May 13 15:56:05 UTC 2026","passed","Wed May 13 15:56:05 UTC 2026","","test_report_html","",""
"","0","test_success_level_name_registered","tests.unit","Wed May 13 15:55:58 UTC 2026","passed","Wed May 13 15:55:58 UTC 2026","","test_logging_setup","",""
"Clicking the Clear button empties the certificate log.","274","test_btn_clear_cert_log_clears_log_output[chromium]","tests.e2e","Wed May 13 16:00:52 UTC 2026","passed","Wed May 13 16:00:53 UTC 2026","","test_e2e_connection","",""
"","1","test_malformed_json_skipped_no_exception","tests.unit","Wed May 13 15:55:58 UTC 2026","passed","Wed May 13 15:55:58 UTC 2026","","test_dau_normalizer","",""
"","1","test_jira_url_no_trailing_slash_unchanged","tests.unit","Wed May 13 15:55:57 UTC 2026","passed","Wed May 13 15:55:57 UTC 2026","","test_config","",""
"","1","test_import_app_logging_setup","tests.unit","Wed May 13 15:55:58 UTC 2026","passed","Wed May 13 15:55:58 UTC 2026","","test_imports","",""
"_handle_post_filter() succeeds when only JIRA_FILTER_ID is provided (no JIRA_PROJECT).","6","test_post_filter_accepts_filter_id_without_project","tests.unit","Wed May 13 15:55:58 UTC 2026","passed","Wed May 13 15:55:58 UTC 2026","","test_filter_handlers","",""
"","0","test_import_app_report_html","tests.unit","Wed May 13 15:55:58 UTC 2026","passed","Wed May 13 15:55:58 UTC 2026","","test_imports","",""
"","1","test_estimation_type_default_story_points","tests.unit","Wed May 13 15:55:57 UTC 2026","passed","Wed May 13 15:55:57 UTC 2026","","test_config","",""
"","0","test_build_metrics_dict_report_name_defaults_to_none","tests.unit","Wed May 13 15:55:58 UTC 2026","passed","Wed May 13 15:55:58 UTC 2026","","test_metrics","",""
"","27","test_ai_assistance_chart_canvas_present","tests.component","Wed May 13 15:56:04 UTC 2026","passed","Wed May 13 15:56:04 UTC 2026","","test_report_html","",""
"","0","test_get_filter_jql_valid","tests.unit","Wed May 13 15:55:58 UTC 2026","passed","Wed May 13 15:55:58 UTC 2026","","test_jira_client","",""
"","0","test_parse_iso[2026-03-01T10:00:00Z-True]","tests.unit","Wed May 13 15:55:58 UTC 2026","passed","Wed May 13 15:55:58 UTC 2026","","test_metrics","",""
"","0","test_get_active_schema_by_name","tests.unit","Wed May 13 15:55:58 UTC 2026","passed","Wed May 13 15:55:58 UTC 2026","","test_schema","",""
"The User Email label has a visible red asterisk.","194","test_required_star_visible_on_email_label[chromium]","tests.e2e","Wed May 13 16:00:37 UTC 2026","passed","Wed May 13 16:00:37 UTC 2026","","test_e2e_connection","",""
"","1","test_test_connection_invalid_json","tests.component","Wed May 13 15:56:09 UTC 2026","passed","Wed May 13 15:56:09 UTC 2026","","test_server","",""
"GET /api/schemas returns ok:true with a schemas list.","1","test_get_schemas_returns_list","tests.component","Wed May 13 15:56:20 UTC 2026","passed","Wed May 13 15:56:20 UTC 2026","","test_server","",""
"An unrecognised usage string counts as score 0.","0","test_unknown_usage_falls_back_to_zero","tests.unit","Wed May 13 15:55:57 UTC 2026","passed","Wed May 13 15:55:57 UTC 2026","","test_dau_metrics","",""
"Test Connection with empty fields shows error in badge.","217","test_test_connection_missing_fields[chromium]","tests.e2e","Wed May 13 16:01:05 UTC 2026","passed","Wed May 13 16:01:06 UTC 2026","","test_e2e_ui","",""
"","0","test_setup_logging_attaches_file_handler","tests.unit","Wed May 13 15:55:58 UTC 2026","passed","Wed May 13 15:55:58 UTC 2026","","test_logging_setup","",""
"JIRA_API_TOKEN, JIRA_EMAIL, and JIRA_URL values must never appear in logs.","0","test_credentials_not_in_log_output","tests.unit","Wed May 13 15:55:58 UTC 2026","passed","Wed May 13 15:55:58 UTC 2026","","test_logging_setup","",""
"Clicking Test Connection with empty fields shows error badge without hitting the server.","260","test_badge_shows_error_when_fields_empty[chromium]","tests.e2e","Wed May 13 16:00:41 UTC 2026","passed","Wed May 13 16:00:41 UTC 2026","","test_e2e_connection","",""
"Schema Setup tab sits between Jira Connection and Filter Builder.","177","test_schema_tab_visible_between_connection_and_filter[chromium]","tests.e2e","Wed May 13 16:01:00 UTC 2026","passed","Wed May 13 16:01:00 UTC 2026","","test_e2e_schema_ui","",""
"Selecting Default_Jira_Cloud loads its JSON into the editor.","186","test_schema_load_into_editor_on_select[chromium]","tests.e2e","Wed May 13 16:01:00 UTC 2026","passed","Wed May 13 16:01:00 UTC 2026","","test_e2e_schema_ui","",""
"_build_jql_from_params() produces correct JQL clauses for each param combination.","5","test_build_jql_from_params[params0-project = PROJ-None]","tests.unit","Wed May 13 15:55:58 UTC 2026","passed","Wed May 13 15:55:58 UTC 2026","","test_filter_handlers","",""
"","0","test_compact_timestamp_format","tests.unit","Wed May 13 15:55:58 UTC 2026","passed","Wed May 13 15:55:58 UTC 2026","","test_dau_normalizer","",""
"","0","test_domain_errors_caught_by_app_error[JiraAuthError]","tests.unit","Wed May 13 15:55:58 UTC 2026","passed","Wed May 13 15:55:58 UTC 2026","","test_exceptions","",""
"GET /api/cert-status when no cert file exists returns exists=False with path key.","1","test_cert_status_no_cert_returns_exists_false","tests.component","Wed May 13 15:56:16 UTC 2026","passed","Wed May 13 15:56:16 UTC 2026","","test_server","",""
"","28","test_ai_assistance_no_data_message_when_empty","tests.component","Wed May 13 15:56:05 UTC 2026","passed","Wed May 13 15:56:05 UTC 2026","","test_report_html","",""
"2026-04-06 (Monday) starts 2026-W15.","1","test_derive_iso_week_week_boundary","tests.unit","Wed May 13 15:55:58 UTC 2026","passed","Wed May 13 15:55:58 UTC 2026","","test_dau_normalizer","",""
"DELETE /api/filters/no-such-slug returns ok=False with a descriptive error.","2","test_delete_unknown_slug_returns_not_found","tests.component","Wed May 13 15:56:45 UTC 2026","passed","Wed May 13 15:56:45 UTC 2026","","test_server_filters","",""
"","1","test_example_not_modified_after_create","tests.component","Wed May 13 15:56:33 UTC 2026","passed","Wed May 13 15:56:33 UTC 2026","TestPostConfig","test_server_config","",""
"_handle_delete_filter() returns ok=False for an unknown slug.","5","test_delete_unknown_slug_returns_not_found","tests.unit","Wed May 13 15:55:58 UTC 2026","passed","Wed May 13 15:55:58 UTC 2026","","test_filter_handlers","",""
"","0","test_get_field_jql_name_falls_back_to_id","tests.unit","Wed May 13 15:55:58 UTC 2026","passed","Wed May 13 15:55:58 UTC 2026","","test_schema","",""
"Estimation type selection persists across page reloads via localStorage (RG-ET-004).","653","test_estimation_type_persists_in_localstorage[chromium]","tests.e2e","Wed May 13 16:01:19 UTC 2026","passed","Wed May 13 16:01:20 UTC 2026","","test_e2e_ui","",""
"","2","test_jira_url_multiple_trailing_slashes_stripped","tests.unit","Wed May 13 15:55:57 UTC 2026","passed","Wed May 13 15:55:57 UTC 2026","","test_config","",""
"","0","test_three_response_files_counted","tests.unit","Wed May 13 15:55:57 UTC 2026","passed","Wed May 13 15:55:57 UTC 2026","","test_dau_metrics","",""
"DAU_RESPONSES_DIR resolves to <DAU_PATH>/original when DAU_PATH is set.","1","test_dau_path_env_var_drives_responses_dir","tests.unit","Wed May 13 15:55:57 UTC 2026","passed","Wed May 13 15:55:57 UTC 2026","","test_config","",""
"","1","test_board_id_non_numeric","tests.unit","Wed May 13 15:55:57 UTC 2026","passed","Wed May 13 15:55:57 UTC 2026","","test_config","",""
"","27","test_velocity_header_reflects_estimation_type_tickets","tests.component","Wed May 13 15:56:05 UTC 2026","passed","Wed May 13 15:56:05 UTC 2026","","test_report_html","",""
"Active sprint must be index 0 so the template's .reverse() places it rightmost in charts.","0","test_get_sprints_active_sprint_comes_first","tests.unit","Wed May 13 15:55:58 UTC 2026","passed","Wed May 13 15:55:58 UTC 2026","","test_jira_client","",""
"Complete positive user journey: configure → filter → preview → generate.","771","test_positive_end_to_end_flow[chromium]","tests.e2e","Wed May 13 16:01:22 UTC 2026","passed","Wed May 13 16:01:23 UTC 2026","","test_positive_e2e_flow","",""
"","0","test_dedup_empty_list","tests.unit","Wed May 13 15:55:57 UTC 2026","passed","Wed May 13 15:55:57 UTC 2026","","test_dau_metrics","",""
"When JIRA_CLOSED_SPRINTS_ONLY=True period 0 starts on last Monday, not current Monday.","0","test_fetch_kanban_data_closed_sprints_only_excludes_current_week","tests.unit","Wed May 13 15:55:58 UTC 2026","passed","Wed May 13 15:55:58 UTC 2026","","test_jira_client","",""
"Single-character username triggers the 'at least 2 characters' error.","63","test_username_too_short_shows_error[chromium]","tests.e2e","Wed May 13 16:00:32 UTC 2026","passed","Wed May 13 16:00:32 UTC 2026","","test_dau_survey_ui","",""
"","0","test_sprint_issue_details_ai_flag_independent_of_exclusion","tests.unit","Wed May 13 15:55:58 UTC 2026","passed","Wed May 13 15:55:58 UTC 2026","","test_metrics","",""
"","27","test_ai_usage_section_hidden_when_section_visibility_false","tests.component","Wed May 13 15:56:05 UTC 2026","passed","Wed May 13 15:56:05 UTC 2026","","test_report_html","",""
"All three fields are empty when server config returns no values.","200","test_fields_empty_when_config_not_configured[chromium]","tests.e2e","Wed May 13 16:00:39 UTC 2026","passed","Wed May 13 16:00:39 UTC 2026","","test_e2e_connection","",""
"","27","test_ai_assistance_section_hidden_when_section_visibility_false","tests.component","Wed May 13 15:56:05 UTC 2026","passed","Wed May 13 15:56:05 UTC 2026","","test_report_html","",""
"","0","test_ai_usage_details_shape","tests.component","Wed May 13 15:56:03 UTC 2026","passed","Wed May 13 15:56:03 UTC 2026","","test_contracts","",""
"","2","test_env_bool_values[0-False]","tests.unit","Wed May 13 15:55:57 UTC 2026","passed","Wed May 13 15:55:57 UTC 2026","","test_config","",""
"MC-FMT-008: trend row team_avg_pct = (team_avg / 5) * 100.","1","test_compute_dau_trend_team_avg_pct","tests.unit","Wed May 13 15:55:58 UTC 2026","passed","Wed May 13 15:55:58 UTC 2026","","test_dau_metrics","",""
"T-05: usagePieLabels (from AI usage) must not corrupt velocity avg-line labels.","28","test_t05_ai_usage_plus_velocity","tests.component","Wed May 13 15:56:04 UTC 2026","passed","Wed May 13 15:56:04 UTC 2026","","test_cross_section_chart_labels","",""
"","1","test_creates_env_from_example_template","tests.component","Wed May 13 15:56:33 UTC 2026","passed","Wed May 13 15:56:33 UTC 2026","TestPostConfig","test_server_config","",""
"KANBAN week periods with resolved issues (custom status + resolutiondate) count correctly.","0","test_compute_velocity_kanban_periods","tests.unit","Wed May 13 15:55:58 UTC 2026","passed","Wed May 13 15:55:58 UTC 2026","","test_metrics","",""
"","1","test_save_schema_appends_new","tests.unit","Wed May 13 15:55:58 UTC 2026","passed","Wed May 13 15:55:58 UTC 2026","","test_schema","",""
"Project type selection persists across page reloads via localStorage (RG-PT-004).","648","test_project_type_persists_in_localstorage[chromium]","tests.e2e","Wed May 13 16:01:18 UTC 2026","passed","Wed May 13 16:01:19 UTC 2026","","test_e2e_ui","",""
"","1","test_main_returns_1_when_fetch_sprint_data_fails","tests.unit","Wed May 13 15:55:57 UTC 2026","passed","Wed May 13 15:55:57 UTC 2026","","test_cli","",""
"","1","test_get_schema_not_found","tests.unit","Wed May 13 15:55:58 UTC 2026","passed","Wed May 13 15:55:58 UTC 2026","","test_schema","",""
"A new filter POSTed to /api/filters appears in the subsequent GET response.","2","test_post_filter_creates_new_and_get_returns_it","tests.component","Wed May 13 15:56:44 UTC 2026","passed","Wed May 13 15:56:44 UTC 2026","","test_server_filters","",""
"POST with fields not being an object returns 400.","6","test_post_schema_requires_dict_fields","tests.unit","Wed May 13 15:55:59 UTC 2026","passed","Wed May 13 15:55:59 UTC 2026","","test_server_handlers","",""
"If ssl.enum_certificates raises, _get_windows_ca_certs returns [] (never raises).","0","test_get_windows_ca_certs_returns_empty_on_enum_certificates_error","tests.unit","Wed May 13 15:55:57 UTC 2026","passed","Wed May 13 15:55:57 UTC 2026","","test_cert_handlers","",""
"","1","test_validate_config_missing_email","tests.unit","Wed May 13 15:55:57 UTC 2026","passed","Wed May 13 15:55:57 UTC 2026","","test_config","",""
"","0","test_build_schema_from_fields_detects_sprint","tests.unit","Wed May 13 15:55:58 UTC 2026","passed","Wed May 13 15:55:58 UTC 2026","","test_schema","",""
"Deleting a filter leaves its data/dau/<slug>/ folder intact.","11","test_delete_filter_does_not_remove_dau_data","tests.unit","Wed May 13 15:55:58 UTC 2026","passed","Wed May 13 15:55:58 UTC 2026","","test_filter_handlers","",""
"Full positive E2E: absent cert file (neutral badge) is a valid operational state.

    Steps: load Connection tab → badge shows 'No certificate' (neutral) → fill credentials
    → Test Connection succeeds → Save button enabled → save confirmation appears.
    Cert badge must remain neutral throughout — no cert is required for standard Jira Cloud.
    Covers JCR-SSL-007.
    ","410","test_positive_e2e_no_cert_is_acceptable_state[chromium]","tests.e2e","Wed May 13 16:00:53 UTC 2026","passed","Wed May 13 16:00:53 UTC 2026","","test_e2e_connection","",""
"","0","test_load_schemas_missing_file","tests.unit","Wed May 13 15:55:58 UTC 2026","passed","Wed May 13 15:55:58 UTC 2026","","test_schema","",""
"Validate the path fix: templates/ should be at project root, not inside app/.","0","test_templates_dir_not_inside_app","tests.component","Wed May 13 15:56:04 UTC 2026","passed","Wed May 13 15:56:04 UTC 2026","","test_report_html","",""
"","0","test_ai_trend_row_has_required_keys","tests.component","Wed May 13 15:56:03 UTC 2026","passed","Wed May 13 15:56:03 UTC 2026","","test_contracts","",""
"Reset clears role and radio selection; username remains (per DAU-F-003).","206","test_new_survey_button_clears_role_and_usage_but_keeps_username[chromium]","tests.e2e","Wed May 13 16:00:35 UTC 2026","passed","Wed May 13 16:00:35 UTC 2026","","test_dau_survey_ui","",""
"","0","test_import_app_config","tests.unit","Wed May 13 15:55:58 UTC 2026","passed","Wed May 13 15:55:58 UTC 2026","","test_imports","",""
"Editing the URL field after a successful test resets connectedOk and disables Save.","362","test_save_disabled_after_editing_url_following_success[chromium]","tests.e2e","Wed May 13 16:00:42 UTC 2026","passed","Wed May 13 16:00:42 UTC 2026","","test_e2e_connection","",""
"","0","test_template_file_exists","tests.component","Wed May 13 15:56:04 UTC 2026","passed","Wed May 13 15:56:04 UTC 2026","","test_report_html","",""
"","0","test_md_report_diagnostics_jira_config","tests.component","Wed May 13 15:56:05 UTC 2026","passed","Wed May 13 15:56:05 UTC 2026","","test_report_md","",""
"An absolute DAU_PATH is used directly without prepending project root.","2","test_dau_path_absolute_env_var_used_verbatim","tests.unit","Wed May 13 15:55:57 UTC 2026","passed","Wed May 13 15:55:57 UTC 2026","","test_config","",""
"","0","test_get_story_points_integer_stored_as_int","tests.unit","Wed May 13 15:55:58 UTC 2026","passed","Wed May 13 15:55:58 UTC 2026","","test_metrics","",""
"","0","test_app_error_is_exception","tests.unit","Wed May 13 15:55:58 UTC 2026","passed","Wed May 13 15:55:58 UTC 2026","","test_exceptions","",""
"Jira URL must be masked in error messages.","1","test_sanitise_error_replaces_url","tests.unit","Wed May 13 15:55:58 UTC 2026","passed","Wed May 13 15:55:58 UTC 2026","","test_jira_client","",""
"","1","test_jira_ssl_cert_returns_path_when_file_exists","tests.unit","Wed May 13 15:55:57 UTC 2026","passed","Wed May 13 15:55:57 UTC 2026","","test_config","",""
"On page load with an empty filter-name field, the input is set to Default_Jira_Filter_<YYYY-MM-DD>.","272","test_filter_name_prepopulated_on_empty_load[chromium]","tests.e2e","Wed May 13 16:00:54 UTC 2026","passed","Wed May 13 16:00:54 UTC 2026","","test_e2e_filters","",""
"A Windows-style DAU_PATH ('data\dau\foo') is stored with forward slashes.","6","test_post_filter_normalises_backslashes_in_dau_path","tests.unit","Wed May 13 15:55:58 UTC 2026","passed","Wed May 13 15:55:58 UTC 2026","","test_filter_handlers","",""
"","28","test_title_present","tests.component","Wed May 13 15:56:04 UTC 2026","passed","Wed May 13 15:56:04 UTC 2026","","test_report_html","",""
"KANBAN issues that carry a Jira sprint custom field must NOT be dropped.

    Real Jira KANBAN boards (especially those built on top of SCRUM-capable projects)
    return issues whose ``customfield_10020`` carries one or more sprint IDs. The
    SCRUM attribution rule ""drop if owner sprint not in fetched window"" makes the
    entire KANBAN report empty because none of the integer Jira sprint IDs match
    the string period IDs (``week-2026-W17`` etc.) — fall back to placement instead.
    ","0","test_dedup_kanban_keeps_issues_with_sprint_field","tests.unit","Wed May 13 15:55:58 UTC 2026","passed","Wed May 13 15:55:58 UTC 2026","","test_metrics","",""
"","1","test_env_bool_values[true-True]","tests.unit","Wed May 13 15:55:57 UTC 2026","passed","Wed May 13 15:55:57 UTC 2026","","test_config","",""
"A valid alphanumeric username gets the is-valid class and no error text.","65","test_username_valid_input_applies_valid_class[chromium]","tests.e2e","Wed May 13 16:00:31 UTC 2026","passed","Wed May 13 16:00:31 UTC 2026","","test_dau_survey_ui","",""
"","0","test_sprint_issue_details_basic_shape","tests.unit","Wed May 13 15:55:58 UTC 2026","passed","Wed May 13 15:55:58 UTC 2026","","test_metrics","",""
"","0","test_success_level_message_written_to_file","tests.unit","Wed May 13 15:55:58 UTC 2026","passed","Wed May 13 15:55:58 UTC 2026","","test_logging_setup","",""
"Non-AbortError from showDirectoryPicker silently falls back to download (DAU-F-013).","159","test_fs_api_non_abort_error_falls_back_to_download[chromium]","tests.e2e","Wed May 13 16:00:34 UTC 2026","passed","Wed May 13 16:00:35 UTC 2026","","test_dau_survey_ui","",""
"","5","test_delete_schema_returns_404_when_missing","tests.unit","Wed May 13 15:55:59 UTC 2026","passed","Wed May 13 15:55:59 UTC 2026","","test_server_handlers","",""
"","0","test_compute_velocity_no_issues","tests.unit","Wed May 13 15:55:58 UTC 2026","passed","Wed May 13 15:55:58 UTC 2026","","test_metrics","",""
"","1","test_example_file_is_not_modified","tests.component","Wed May 13 15:56:27 UTC 2026","passed","Wed May 13 15:56:27 UTC 2026","TestWriteEnvFields","test_server_config","",""
"","6","test_delete_schema_removes_existing_file","tests.unit","Wed May 13 15:55:59 UTC 2026","passed","Wed May 13 15:55:59 UTC 2026","","test_server_handlers","",""
"A record that already has 'week' keeps it unchanged.","0","test_load_dau_records_preserves_existing_week","tests.unit","Wed May 13 15:55:58 UTC 2026","passed","Wed May 13 15:55:58 UTC 2026","","test_dau_metrics","",""
"Second POST with the same name returns updated=True and replaces the entry in-place.","12","test_post_filter_updates_existing_entry","tests.unit","Wed May 13 15:55:58 UTC 2026","passed","Wed May 13 15:55:58 UTC 2026","","test_filter_handlers","",""
"'New Schema' → edit → Save persists and the new name appears in the dropdown.","356","test_schema_save_round_trip[chromium]","tests.e2e","Wed May 13 16:01:00 UTC 2026","passed","Wed May 13 16:01:01 UTC 2026","","test_e2e_schema_ui","",""
"An explicit DAU_NORMALIZED_DIR wins over the value derived from DAU_PATH.","1","test_dau_normalized_dir_env_overrides_dau_path","tests.unit","Wed May 13 15:55:57 UTC 2026","passed","Wed May 13 15:55:57 UTC 2026","","test_config","",""
"","1","test_estimation_type_jira_tickets","tests.unit","Wed May 13 15:55:57 UTC 2026","passed","Wed May 13 15:55:57 UTC 2026","","test_config","",""
"","1","test_get_unknown_returns_404","tests.component","Wed May 13 15:56:07 UTC 2026","passed","Wed May 13 15:56:07 UTC 2026","","test_server","",""
"Page loads with the correct <title> and <h1>.","67","test_survey_page_loads_with_title[chromium]","tests.e2e","Wed May 13 16:00:30 UTC 2026","passed","Wed May 13 16:00:30 UTC 2026","","test_dau_survey_ui","",""
"","0","test_is_done[Closed-True]","tests.unit","Wed May 13 15:55:58 UTC 2026","passed","Wed May 13 15:55:58 UTC 2026","","test_metrics","",""
"","4","test_dau_responses_dir_env_var_overrides_default","tests.unit","Wed May 13 15:55:57 UTC 2026","passed","Wed May 13 15:55:57 UTC 2026","","test_dau_metrics","",""
"GET /api/filters always includes the default filter, even after all user filters are removed.","4","test_get_filters_always_includes_default_after_user_delete","tests.component","Wed May 13 15:56:43 UTC 2026","passed","Wed May 13 15:56:43 UTC 2026","","test_server_filters","",""
"2026-03-30 (Monday) is in 2026-W14.","0","test_derive_iso_week_monday","tests.unit","Wed May 13 15:55:58 UTC 2026","passed","Wed May 13 15:55:58 UTC 2026","","test_dau_normalizer","",""
"","1","test_breakdown_sorted_descending_by_count","tests.unit","Wed May 13 15:55:57 UTC 2026","passed","Wed May 13 15:55:57 UTC 2026","","test_dau_metrics","",""
"AI labels live per-filter in jira_filters.json — they are not part of
        the global /api/config response, even when present in env files.","1","test_ai_label_fields_never_returned","tests.component","Wed May 13 15:56:40 UTC 2026","passed","Wed May 13 15:56:40 UTC 2026","TestGetConfigExtended","test_server_config","",""
"Selecting a filter that has JIRA_PROJECT auto-expands the JQL Builder section.","217","test_loading_filter_with_project_opens_jql_builder[chromium]","tests.e2e","Wed May 13 16:00:59 UTC 2026","passed","Wed May 13 16:00:59 UTC 2026","","test_e2e_filters","",""
"","1","test_ai_usage_empty_labels","tests.unit","Wed May 13 15:55:58 UTC 2026","passed","Wed May 13 15:55:58 UTC 2026","","test_metrics","",""
"","0","test_build_metrics_dict_has_all_expected_keys","tests.component","Wed May 13 15:56:03 UTC 2026","passed","Wed May 13 15:56:03 UTC 2026","","test_contracts","",""
"","0","test_domain_errors_caught_by_app_error[ConfigError]","tests.unit","Wed May 13 15:55:58 UTC 2026","passed","Wed May 13 15:55:58 UTC 2026","","test_exceptions","",""
"","0","test_parse_iso[2026-03-01T10:00:00+00:00-True]","tests.unit","Wed May 13 15:55:58 UTC 2026","passed","Wed May 13 15:55:58 UTC 2026","","test_metrics","",""
"","1","test_missing_env_file_returns_empty_config","tests.component","Wed May 13 15:56:29 UTC 2026","passed","Wed May 13 15:56:29 UTC 2026","TestGetConfig","test_server_config","",""
"","1","test_md_report_diagnostics_section_present","tests.component","Wed May 13 15:56:05 UTC 2026","passed","Wed May 13 15:56:05 UTC 2026","","test_report_md","",""
"","0","test_md_dau_trend_shows_week","tests.component","Wed May 13 15:56:04 UTC 2026","passed","Wed May 13 15:56:04 UTC 2026","","test_dau_report","",""
"T-01: velocity rendered alone — avg-line labels must be plain numbers, no %.","56","test_t01_velocity_alone_no_pct","tests.component","Wed May 13 15:56:03 UTC 2026","passed","Wed May 13 15:56:03 UTC 2026","","test_cross_section_chart_labels","",""
"DELETE /api/schemas?name=<default> refuses deletion.","1","test_delete_default_schema_returns_400","tests.component","Wed May 13 15:56:25 UTC 2026","passed","Wed May 13 15:56:25 UTC 2026","","test_server","",""
"","1","test_setup_logging_attaches_stream_handler","tests.unit","Wed May 13 15:55:58 UTC 2026","passed","Wed May 13 15:55:58 UTC 2026","","test_logging_setup","",""
"","1","test_get_story_points_none","tests.unit","Wed May 13 15:55:58 UTC 2026","passed","Wed May 13 15:55:58 UTC 2026","","test_metrics","",""
"","0","test_get_sprints_includes_active_when_closed_only_false","tests.unit","Wed May 13 15:55:58 UTC 2026","passed","Wed May 13 15:55:58 UTC 2026","","test_jira_client","",""
"Arbitrary keys in .env must not leak through GET /api/config.","1","test_only_whitelisted_keys_returned","tests.component","Wed May 13 15:56:42 UTC 2026","passed","Wed May 13 15:56:42 UTC 2026","TestGetConfigExtended","test_server_config","",""
"","1","test_board_id_absent_when_not_set","tests.component","Wed May 13 15:56:41 UTC 2026","passed","Wed May 13 15:56:41 UTC 2026","TestGetConfigExtended","test_server_config","",""
"","0","test_compute_velocity_mixed_statuses","tests.unit","Wed May 13 15:55:58 UTC 2026","passed","Wed May 13 15:55:58 UTC 2026","","test_metrics","",""
"Output file must be named dau_<username>_<compact_ts>.json.","1","test_output_filename_format","tests.unit","Wed May 13 15:55:58 UTC 2026","passed","Wed May 13 15:55:58 UTC 2026","","test_dau_normalizer","",""
"","1","test_md_dau_shows_team_avg","tests.component","Wed May 13 15:56:04 UTC 2026","passed","Wed May 13 15:56:04 UTC 2026","","test_dau_report","",""
"_handle_post_filter() appends a new entry and returns updated=False.","6","test_post_filter_creates_new_entry","tests.unit","Wed May 13 15:55:58 UTC 2026","passed","Wed May 13 15:55:58 UTC 2026","","test_filter_handlers","",""
"","6","test_resolve_report_path_rejects_path_traversal","tests.unit","Wed May 13 15:55:59 UTC 2026","passed","Wed May 13 15:55:59 UTC 2026","","test_server_handlers","",""
"Username is persisted in localStorage when submit succeeds.","141","test_username_saved_to_localstorage_after_submit[chromium]","tests.e2e","Wed May 13 16:00:34 UTC 2026","passed","Wed May 13 16:00:34 UTC 2026","","test_dau_survey_ui","",""
"_CLIENT_DISCONNECT must catch BrokenPipeError, ConnectionAbortedError, and ConnectionResetError.","5","test_client_disconnect_tuple_includes_all_error_types","tests.unit","Wed May 13 15:55:59 UTC 2026","passed","Wed May 13 15:55:59 UTC 2026","","test_server_handlers","",""
"MC-V-OUT-003: sprint_id in output equals the id field of the input sprint.","0","test_velocity_row_sprint_id_matches_input","tests.unit","Wed May 13 15:55:58 UTC 2026","passed","Wed May 13 15:55:58 UTC 2026","","test_metrics","",""
"","0","test_md_report_ai_assistance_empty_data","tests.component","Wed May 13 15:56:05 UTC 2026","passed","Wed May 13 15:56:05 UTC 2026","","test_report_md","",""
"After editing a field (disabling Save), running Test Connection again re-enables Save.","504","test_can_re_test_after_field_edit_to_re_enable_save[chromium]","tests.e2e","Wed May 13 16:00:46 UTC 2026","passed","Wed May 13 16:00:47 UTC 2026","","test_e2e_connection","",""
"","1","test_is_done_with_custom_statuses","tests.unit","Wed May 13 15:55:58 UTC 2026","passed","Wed May 13 15:55:58 UTC 2026","","test_metrics","",""
"","0","test_sprint_issue_details_multiple_sprints","tests.unit","Wed May 13 15:55:58 UTC 2026","passed","Wed May 13 15:55:58 UTC 2026","","test_metrics","",""
"All required form inputs carry aria-required='true' (NFR-A-003).","143","test_required_fields_have_aria_required[chromium]","tests.e2e","Wed May 13 16:01:22 UTC 2026","passed","Wed May 13 16:01:22 UTC 2026","","test_e2e_ui","",""
"","0","test_dedup_keeps_latest_per_user_week","tests.unit","Wed May 13 15:55:57 UTC 2026","passed","Wed May 13 15:55:57 UTC 2026","","test_dau_metrics","",""
"Badge shows 'Valid' (success) when cert exists, is valid, and expires in > 7 days.","195","test_cert_badge_shows_valid_when_cert_valid[chromium]","tests.e2e","Wed May 13 16:00:49 UTC 2026","passed","Wed May 13 16:00:49 UTC 2026","","test_e2e_connection","",""
"MC-FMT-107: summary line shows team_avg as 'X / 5' (absolute) and team_avg_pct as '(Y%)'.","27","test_dau_team_avg_shown_in_html","tests.component","Wed May 13 15:56:04 UTC 2026","passed","Wed May 13 15:56:04 UTC 2026","","test_dau_report","",""
"Only fields present in the server config are filled; absent fields remain empty.","182","test_partial_config_populates_only_present_fields[chromium]","tests.e2e","Wed May 13 16:00:39 UTC 2026","passed","Wed May 13 16:00:39 UTC 2026","","test_e2e_connection","",""
"DELETE /api/reports returns 400 for empty or path-traversal params.","2","test_delete_report_rejects_invalid_params","tests.component","Wed May 13 15:56:16 UTC 2026","passed","Wed May 13 15:56:16 UTC 2026","","test_server","",""
"Clicking Fetch Certificate without a Jira URL shows a warning in the cert log.","241","test_fetch_cert_requires_url_to_be_filled[chromium]","tests.e2e","Wed May 13 16:00:51 UTC 2026","passed","Wed May 13 16:00:51 UTC 2026","","test_e2e_connection","",""
"","0","test_fetch_sprint_data_passes_filter_jql_to_each_sprint","tests.unit","Wed May 13 15:55:58 UTC 2026","passed","Wed May 13 15:55:58 UTC 2026","","test_jira_client","",""
"Non-credential env vars (JIRA_BOARD_ID, etc.) must survive credential updates.","1","test_preserves_unrelated_optional_env_vars","tests.component","Wed May 13 15:56:27 UTC 2026","passed","Wed May 13 15:56:27 UTC 2026","TestWriteEnvFields","test_server_config","",""
"All three tab buttons are present in the tab bar.","140","test_all_three_tabs_visible[chromium]","tests.e2e","Wed May 13 16:01:02 UTC 2026","passed","Wed May 13 16:01:02 UTC 2026","","test_e2e_ui","",""
"","0","test_issue_with_labels_factory_matches_get_labels","tests.component","Wed May 13 15:56:03 UTC 2026","passed","Wed May 13 15:56:03 UTC 2026","","test_contracts","",""
"Both the default filter and a user filter appear in the filter list after page load.","176","test_filter_list_displayed_on_load[chromium]","tests.e2e","Wed May 13 16:00:55 UTC 2026","passed","Wed May 13 16:00:55 UTC 2026","","test_e2e_filters","",""
"MC-FMT-006: team_avg is an average days-per-week score on the 0-5 scale, not 0-100.","1","test_compute_dau_metrics_team_avg","tests.unit","Wed May 13 15:55:58 UTC 2026","passed","Wed May 13 15:55:58 UTC 2026","","test_dau_metrics","",""
