"DESCRIPTION","DURATION IN MS","NAME","PARENT SUITE","START TIME","STATUS","STOP TIME","SUB SUITE","SUITE","TEST CLASS","TEST METHOD"
"","0","test_import_app_config","tests.unit","Mon May 11 12:12:59 UTC 2026","passed","Mon May 11 12:12:59 UTC 2026","","test_imports","",""
"Email and API token must be masked.","0","test_sanitise_error_replaces_email_and_token","tests.unit","Mon May 11 12:13:00 UTC 2026","passed","Mon May 11 12:13:00 UTC 2026","","test_jira_client","",""
"","0","test_get_active_schema_by_name","tests.unit","Mon May 11 12:13:00 UTC 2026","passed","Mon May 11 12:13:00 UTC 2026","","test_schema","",""
"","0","test_get_active_schema_hardcoded_uses_builtin_story_points","tests.unit","Mon May 11 12:13:00 UTC 2026","passed","Mon May 11 12:13:00 UTC 2026","","test_schema","",""
"","0","test_import_app_report_md","tests.unit","Mon May 11 12:12:59 UTC 2026","passed","Mon May 11 12:12:59 UTC 2026","","test_imports","",""
"Updating JIRA_URL must not disturb JIRA_EMAIL or JIRA_API_TOKEN.","1","test_preserves_other_credential_keys_when_updating_url","tests.component","Mon May 11 12:13:18 UTC 2026","passed","Mon May 11 12:13:18 UTC 2026","TestWriteEnvFields","test_server_config","",""
"","0","test_is_done[Complete-True]","tests.unit","Mon May 11 12:13:00 UTC 2026","passed","Mon May 11 12:13:00 UTC 2026","","test_metrics","",""
"","0","test_creates_normalized_dir_if_missing","tests.unit","Mon May 11 12:12:59 UTC 2026","passed","Mon May 11 12:12:59 UTC 2026","","test_dau_normalizer","",""
"","1","test_md_report_sprint_issues_absent_when_no_data","tests.component","Mon May 11 12:12:58 UTC 2026","passed","Mon May 11 12:12:58 UTC 2026","","test_report_md","",""
"","1","test_get_unknown_returns_404","tests.component","Mon May 11 12:13:00 UTC 2026","passed","Mon May 11 12:13:00 UTC 2026","","test_server","",""
"POST /api/fetch-cert with empty url and no JIRA_URL fallback returns HTTP 400.","1","test_fetch_cert_missing_url_returns_400","tests.component","Mon May 11 12:13:09 UTC 2026","passed","Mon May 11 12:13:09 UTC 2026","","test_server","",""
"","1","test_creates_env_from_scratch_when_both_absent","tests.component","Mon May 11 12:13:26 UTC 2026","passed","Mon May 11 12:13:26 UTC 2026","TestPostConfig","test_server_config","",""
"","9","test_handle_test_connection_uses_custom_ssl_context","tests.unit","Mon May 11 12:13:00 UTC 2026","passed","Mon May 11 12:13:00 UTC 2026","","test_server_handlers","",""
"GET /api/schemas returns ok:true with a schemas list.","1","test_get_schemas_returns_list","tests.component","Mon May 11 12:13:11 UTC 2026","passed","Mon May 11 12:13:11 UTC 2026","","test_server","",""
"GET /api/reports returns folders sorted newest-first with ts/html_file/md_file keys.","1","test_get_reports_returns_sorted_list","tests.component","Mon May 11 12:13:07 UTC 2026","passed","Mon May 11 12:13:07 UTC 2026","","test_server","",""
"","0","test_sprint_issue_details_empty_sprint","tests.unit","Mon May 11 12:13:00 UTC 2026","passed","Mon May 11 12:13:00 UTC 2026","","test_metrics","",""
"","25","test_file_created","tests.component","Mon May 11 12:12:57 UTC 2026","passed","Mon May 11 12:12:57 UTC 2026","","test_report_html","",""
"","1","test_fetch_sprint_data_skips_sprints_without_id","tests.unit","Mon May 11 12:13:00 UTC 2026","passed","Mon May 11 12:13:00 UTC 2026","","test_jira_client","",""
"POST with fields not being an object returns 400.","8","test_post_schema_requires_dict_fields","tests.unit","Mon May 11 12:13:00 UTC 2026","passed","Mon May 11 12:13:00 UTC 2026","","test_server_handlers","",""
"","0","test_success_level_message_written_to_file","tests.unit","Mon May 11 12:13:00 UTC 2026","passed","Mon May 11 12:13:00 UTC 2026","","test_logging_setup","",""
"","0","test_is_done[Resolved-True]","tests.unit","Mon May 11 12:13:00 UTC 2026","passed","Mon May 11 12:13:00 UTC 2026","","test_metrics","",""
"","0","test_build_metrics_dict_jira_tickets_velocity_uses_issue_count","tests.unit","Mon May 11 12:13:00 UTC 2026","passed","Mon May 11 12:13:00 UTC 2026","","test_metrics","",""
"","1","test_dedup_basic_issue_kept_in_last_sprint","tests.unit","Mon May 11 12:13:00 UTC 2026","passed","Mon May 11 12:13:00 UTC 2026","","test_metrics","",""
"","1","test_dedup_different_users_same_week_both_kept","tests.unit","Mon May 11 12:12:59 UTC 2026","passed","Mon May 11 12:12:59 UTC 2026","","test_dau_normalizer","",""
"","25","test_project_type_shown_in_header","tests.component","Mon May 11 12:12:58 UTC 2026","passed","Mon May 11 12:12:58 UTC 2026","","test_report_html","",""
"POST with a fresh schema_name saves and returns updated:false.","8","test_post_schema_inserts_new_entry","tests.unit","Mon May 11 12:13:00 UTC 2026","passed","Mon May 11 12:13:00 UTC 2026","","test_server_handlers","",""
"","2","test_ai_exclude_labels_empty","tests.unit","Mon May 11 12:12:59 UTC 2026","passed","Mon May 11 12:12:59 UTC 2026","","test_config","",""
"LOG_LEVEL env var (set in config/defaults.env or .env) overrides the default.","0","test_setup_logging_level_configurable_via_env[CRITICAL-50]","tests.unit","Mon May 11 12:13:00 UTC 2026","passed","Mon May 11 12:13:00 UTC 2026","","test_logging_setup","",""
"","2","test_estimation_type_default_story_points","tests.unit","Mon May 11 12:12:59 UTC 2026","passed","Mon May 11 12:12:59 UTC 2026","","test_config","",""
"","25","test_ai_assistance_no_data_message_when_empty","tests.component","Mon May 11 12:12:57 UTC 2026","passed","Mon May 11 12:12:58 UTC 2026","","test_report_html","",""
"POST with empty schema dict returns 400 about schema_name.","8","test_post_schema_requires_schema_name","tests.unit","Mon May 11 12:13:00 UTC 2026","passed","Mon May 11 12:13:00 UTC 2026","","test_server_handlers","",""
"","0","test_get_story_points_nested_value_dict","tests.unit","Mon May 11 12:13:00 UTC 2026","passed","Mon May 11 12:13:00 UTC 2026","","test_metrics","",""
"","1","test_load_dau_records_skips_malformed","tests.unit","Mon May 11 12:12:59 UTC 2026","passed","Mon May 11 12:12:59 UTC 2026","","test_dau_metrics","",""
"","8","test_get_schema_detail_returns_saved_schema_json","tests.unit","Mon May 11 12:13:00 UTC 2026","passed","Mon May 11 12:13:00 UTC 2026","","test_server_handlers","",""
"","1","test_all_not_used_avg_is_zero","tests.unit","Mon May 11 12:12:59 UTC 2026","passed","Mon May 11 12:12:59 UTC 2026","","test_dau_metrics","",""
"MC-FMT-005: mean_days, median_days, min_days, max_days are plain day floats.","0","test_cycle_time_fields_are_absolute_days","tests.unit","Mon May 11 12:13:00 UTC 2026","passed","Mon May 11 12:13:00 UTC 2026","","test_metrics","",""
"_handle_post_filter() succeeds when only JIRA_FILTER_ID is provided (no JIRA_PROJECT).","9","test_post_filter_accepts_filter_id_without_project","tests.unit","Mon May 11 12:12:59 UTC 2026","passed","Mon May 11 12:12:59 UTC 2026","","test_filter_handlers","",""
"","0","test_parse_iso[not-a-date-False]","tests.unit","Mon May 11 12:13:00 UTC 2026","passed","Mon May 11 12:13:00 UTC 2026","","test_metrics","",""
"","0","test_save_schema_creates_file","tests.unit","Mon May 11 12:13:00 UTC 2026","passed","Mon May 11 12:13:00 UTC 2026","","test_schema","",""
"","0","test_get_story_points_with_custom_field","tests.unit","Mon May 11 12:13:00 UTC 2026","passed","Mon May 11 12:13:00 UTC 2026","","test_metrics","",""
"MC-FMT-105: pie chart labels append % to pct values; pct data is present in serialised JSON.","26","test_ai_usage_pie_chart_pct_labels_present","tests.component","Mon May 11 12:12:58 UTC 2026","passed","Mon May 11 12:12:58 UTC 2026","","test_report_html","",""
"GET /api/cert-status when no cert file exists returns exists=False with path key.","1","test_cert_status_no_cert_returns_exists_false","tests.component","Mon May 11 12:13:07 UTC 2026","passed","Mon May 11 12:13:07 UTC 2026","","test_server","",""
"","1","test_is_done[Closed-True]","tests.unit","Mon May 11 12:13:00 UTC 2026","passed","Mon May 11 12:13:00 UTC 2026","","test_metrics","",""
"DELETE /api/schemas?name=<default> refuses deletion.","1","test_delete_default_schema_returns_400","tests.component","Mon May 11 12:13:16 UTC 2026","passed","Mon May 11 12:13:16 UTC 2026","","test_server","",""
"","2","test_subset_of_keys_only_updates_those_keys","tests.component","Mon May 11 12:13:25 UTC 2026","passed","Mon May 11 12:13:25 UTC 2026","TestPostConfig","test_server_config","",""
"GET /api/reports with an empty directory returns {""reports"": []}.","2","test_get_reports_returns_empty_list_when_no_reports","tests.component","Mon May 11 12:13:06 UTC 2026","passed","Mon May 11 12:13:06 UTC 2026","","test_server","",""
"","2","test_jira_url_no_trailing_slash_unchanged","tests.unit","Mon May 11 12:12:58 UTC 2026","passed","Mon May 11 12:12:58 UTC 2026","","test_config","",""
"","0","test_compute_velocity_missing_sprint_id","tests.unit","Mon May 11 12:13:00 UTC 2026","passed","Mon May 11 12:13:00 UTC 2026","","test_metrics","",""
"","25","test_velocity_section_hidden_when_section_visibility_false","tests.component","Mon May 11 12:12:58 UTC 2026","passed","Mon May 11 12:12:58 UTC 2026","","test_report_html","",""
"","0","test_create_client_returns_jira_instance","tests.unit","Mon May 11 12:12:59 UTC 2026","passed","Mon May 11 12:12:59 UTC 2026","","test_jira_client","",""
"","0","test_empty_dir_returns_zero_count","tests.unit","Mon May 11 12:12:59 UTC 2026","passed","Mon May 11 12:12:59 UTC 2026","","test_dau_metrics","",""
"","0","test_bar_chart_present_when_velocity_nonzero","tests.component","Mon May 11 12:12:58 UTC 2026","passed","Mon May 11 12:12:58 UTC 2026","","test_report_md","",""
"","1","test_compute_dau_metrics_subdirectory_files","tests.unit","Mon May 11 12:12:59 UTC 2026","passed","Mon May 11 12:12:59 UTC 2026","","test_dau_metrics","",""
"Certificate expiring in 5 days is still valid=True (not yet expired).

    days_remaining <= 7 is a UI-only warning threshold; validate_cert itself
    has no 7-day cutoff — it only checks days_remaining >= 0.
    ","0","test_validate_cert_expiring_soon","tests.unit","Mon May 11 12:12:58 UTC 2026","passed","Mon May 11 12:12:58 UTC 2026","","test_cert_validation","",""
"Even if Jira's API returns an issue only under sprint 5, the sprint
    field's max ID is the source of truth. If max ID == 6 and 6 is fetched,
    the issue is attributed to 6.","0","test_dedup_attributes_to_latest_sprint_field_id_not_jira_membership","tests.unit","Mon May 11 12:13:00 UTC 2026","passed","Mon May 11 12:13:00 UTC 2026","","test_metrics","",""
"","0","test_velocity_section_hidden_when_section_visibility_false","tests.component","Mon May 11 12:12:58 UTC 2026","passed","Mon May 11 12:12:58 UTC 2026","","test_report_md","",""
"Bug fix: when JIRA_CLOSED_SPRINTS_ONLY=True, the active sprint is not
    fetched. A ticket carried into the active sprint must NOT be attributed
    to the most-recent closed sprint — it should be dropped until the active
    sprint enters the fetch window. Reproduces the user-reported case where
    a ticket in [Sprint 5, Sprint 6, Sprint 7] (Sprint 7 active, not fetched)
    was incorrectly counted in Sprint 6's velocity.
    ","0","test_dedup_drops_issue_owned_by_active_sprint_outside_fetch","tests.unit","Mon May 11 12:13:00 UTC 2026","passed","Mon May 11 12:13:00 UTC 2026","","test_metrics","",""
"","0","test_parse_iso[2026-03-01T10:00:00Z-True]","tests.unit","Mon May 11 12:13:00 UTC 2026","passed","Mon May 11 12:13:00 UTC 2026","","test_metrics","",""
"Files not matching dau_*.json should not be read.","0","test_non_dau_files_are_ignored","tests.unit","Mon May 11 12:12:59 UTC 2026","passed","Mon May 11 12:12:59 UTC 2026","","test_dau_metrics","",""
"","1","test_compute_dau_trend_single_week","tests.unit","Mon May 11 12:12:59 UTC 2026","passed","Mon May 11 12:12:59 UTC 2026","","test_dau_metrics","",""
"LOG_LEVEL env var (set in config/defaults.env or .env) overrides the default.","1","test_setup_logging_level_configurable_via_env[info-20]","tests.unit","Mon May 11 12:13:00 UTC 2026","passed","Mon May 11 12:13:00 UTC 2026","","test_logging_setup","",""
"","8","test_delete_schema_returns_404_when_missing","tests.unit","Mon May 11 12:13:00 UTC 2026","passed","Mon May 11 12:13:00 UTC 2026","","test_server_handlers","",""
"","2","test_metric_toggles_default_true","tests.unit","Mon May 11 12:12:59 UTC 2026","passed","Mon May 11 12:12:59 UTC 2026","","test_config","",""
"","1","test_md_report_sprint_issues_section_present","tests.component","Mon May 11 12:12:58 UTC 2026","passed","Mon May 11 12:12:58 UTC 2026","","test_report_md","",""
"","321","test_test_connection_http_error","tests.component","Mon May 11 12:13:03 UTC 2026","passed","Mon May 11 12:13:03 UTC 2026","","test_server","",""
"","0","test_get_sprints_empty","tests.unit","Mon May 11 12:12:59 UTC 2026","passed","Mon May 11 12:12:59 UTC 2026","","test_jira_client","",""
"_handle_cert_status returns exists=True plus error key when validate_cert fails.","8","test_handle_cert_status_returns_error_key_when_cert_unreadable","tests.unit","Mon May 11 12:13:01 UTC 2026","passed","Mon May 11 12:13:01 UTC 2026","","test_server_handlers","",""
"","0","test_issue_with_labels_factory_matches_get_labels","tests.component","Mon May 11 12:12:56 UTC 2026","passed","Mon May 11 12:12:56 UTC 2026","","test_contracts","",""
"","1","test_line_without_equals_skipped","tests.component","Mon May 11 12:13:22 UTC 2026","passed","Mon May 11 12:13:22 UTC 2026","TestGetConfig","test_server_config","",""
"","0","test_md_report_sprint_issues_hidden_when_toggled_off","tests.component","Mon May 11 12:12:58 UTC 2026","passed","Mon May 11 12:12:58 UTC 2026","","test_report_md","",""
"","1","test_board_id_absent_when_not_set","tests.component","Mon May 11 12:13:32 UTC 2026","passed","Mon May 11 12:13:32 UTC 2026","TestGetConfigExtended","test_server_config","",""
"","3","test_env_bool_values[no-False]","tests.unit","Mon May 11 12:12:59 UTC 2026","passed","Mon May 11 12:12:59 UTC 2026","","test_config","",""
"","0","test_get_story_points_non_numeric_string","tests.unit","Mon May 11 12:13:00 UTC 2026","passed","Mon May 11 12:13:00 UTC 2026","","test_metrics","",""
"LOG_LEVEL env var (set in config/defaults.env or .env) overrides the default.","0","test_setup_logging_level_configurable_via_env[SUCCESS-25]","tests.unit","Mon May 11 12:13:00 UTC 2026","passed","Mon May 11 12:13:00 UTC 2026","","test_logging_setup","",""
"","3","test_validate_config_all_set","tests.unit","Mon May 11 12:12:58 UTC 2026","passed","Mon May 11 12:12:58 UTC 2026","","test_config","",""
"","0","test_md_report_sprint_issues_shows_ai_flag","tests.component","Mon May 11 12:12:58 UTC 2026","passed","Mon May 11 12:12:58 UTC 2026","","test_report_md","",""
"","1","test_ai_trend_fallback_no_labels_yields_zero","tests.unit","Mon May 11 12:13:00 UTC 2026","passed","Mon May 11 12:13:00 UTC 2026","","test_metrics","",""
"","0","test_get_active_schema_falls_back_to_default","tests.unit","Mon May 11 12:13:00 UTC 2026","passed","Mon May 11 12:13:00 UTC 2026","","test_schema","",""
"","0","test_get_sprints_sorted_desc_by_start_date","tests.unit","Mon May 11 12:12:59 UTC 2026","passed","Mon May 11 12:12:59 UTC 2026","","test_jira_client","",""
"Only done_statuses in board_statuses; in_progress falls back to default.","0","test_build_schema_from_fields_partial_board_statuses_only_done","tests.unit","Mon May 11 12:13:00 UTC 2026","passed","Mon May 11 12:13:00 UTC 2026","","test_schema","",""
"MC-FMT-008: trend row team_avg_pct = (team_avg / 5) * 100.","0","test_compute_dau_trend_team_avg_pct","tests.unit","Mon May 11 12:12:59 UTC 2026","passed","Mon May 11 12:12:59 UTC 2026","","test_dau_metrics","",""
"Two responses from same user in same week → response_count is 1, latest score used.","1","test_compute_dau_metrics_dedup_applied","tests.unit","Mon May 11 12:12:59 UTC 2026","passed","Mon May 11 12:12:59 UTC 2026","","test_dau_metrics","",""
"","25","test_chart_script_absent_when_velocity_empty","tests.component","Mon May 11 12:12:57 UTC 2026","passed","Mon May 11 12:12:57 UTC 2026","","test_report_html","",""
"_handle_post_filter() substitutes the schema's team.jql_name in the JQL clause.","9","test_post_filter_uses_schema_team_jql_field","tests.unit","Mon May 11 12:12:59 UTC 2026","passed","Mon May 11 12:12:59 UTC 2026","","test_filter_handlers","",""
"","25","test_filter_name_shown_when_present","tests.component","Mon May 11 12:12:58 UTC 2026","passed","Mon May 11 12:12:58 UTC 2026","","test_report_html","",""
"","0","test_sprint_name_present","tests.component","Mon May 11 12:12:58 UTC 2026","passed","Mon May 11 12:12:58 UTC 2026","","test_report_md","",""
"","0","test_compute_velocity_rounding","tests.unit","Mon May 11 12:13:00 UTC 2026","passed","Mon May 11 12:13:00 UTC 2026","","test_metrics","",""
"2026-04-05 (Sunday) is still in 2026-W14.","0","test_derive_iso_week_sunday","tests.unit","Mon May 11 12:12:59 UTC 2026","passed","Mon May 11 12:12:59 UTC 2026","","test_dau_normalizer","",""
"POST /api/fetch-cert writes the server cert + certifi CA bundle to disk.","3","test_fetch_cert_saves_full_ca_bundle","tests.component","Mon May 11 12:13:10 UTC 2026","passed","Mon May 11 12:13:10 UTC 2026","","test_server","",""
"","1","test_build_schema_from_fields_preserves_team_jql_name","tests.unit","Mon May 11 12:13:00 UTC 2026","passed","Mon May 11 12:13:00 UTC 2026","","test_schema","",""
"Issues are placed into the week period matching their updated date.","1","test_fetch_kanban_data_groups_issues_by_updated_date","tests.unit","Mon May 11 12:12:59 UTC 2026","passed","Mon May 11 12:12:59 UTC 2026","","test_jira_client","",""
"","1","test_get_sprints_empty_name_filter_returns_all","tests.unit","Mon May 11 12:12:59 UTC 2026","passed","Mon May 11 12:12:59 UTC 2026","","test_jira_client","",""
"","1","test_no_velocity_data_message","tests.component","Mon May 11 12:12:58 UTC 2026","passed","Mon May 11 12:12:58 UTC 2026","","test_report_md","",""
"","1","test_setup_logging_attaches_stream_handler","tests.unit","Mon May 11 12:13:00 UTC 2026","passed","Mon May 11 12:13:00 UTC 2026","","test_logging_setup","",""
"","0","test_velocity_value_present","tests.component","Mon May 11 12:12:58 UTC 2026","passed","Mon May 11 12:12:58 UTC 2026","","test_report_md","",""
"","6","test_build_metrics_dict_includes_dau_key","tests.unit","Mon May 11 12:12:59 UTC 2026","passed","Mon May 11 12:12:59 UTC 2026","","test_dau_metrics","",""
"Non-credential env vars (JIRA_BOARD_ID, etc.) must survive credential updates.","1","test_preserves_unrelated_optional_env_vars","tests.component","Mon May 11 12:13:18 UTC 2026","passed","Mon May 11 12:13:18 UTC 2026","TestWriteEnvFields","test_server_config","",""
"","25","test_doctype_present","tests.component","Mon May 11 12:12:57 UTC 2026","passed","Mon May 11 12:12:57 UTC 2026","","test_report_html","",""
"Token values containing '=' must survive a write/read cycle.","1","test_token_with_equals_sign_round_trip","tests.component","Mon May 11 12:13:28 UTC 2026","passed","Mon May 11 12:13:28 UTC 2026","TestPostConfig","test_server_config","",""
"_handle_delete_filter('default_jira_filter') returns ok=False.","9","test_delete_default_filter_is_blocked","tests.unit","Mon May 11 12:12:59 UTC 2026","passed","Mon May 11 12:12:59 UTC 2026","","test_filter_handlers","",""
"_build_jql_from_params() produces correct JQL clauses for each param combination.","8","test_build_jql_from_params[params4-type IN (Story, Bug)-None]","tests.unit","Mon May 11 12:12:59 UTC 2026","passed","Mon May 11 12:12:59 UTC 2026","","test_filter_handlers","",""
"","1","test_invalid_json_returns_400","tests.component","Mon May 11 12:13:26 UTC 2026","passed","Mon May 11 12:13:26 UTC 2026","TestPostConfig","test_server_config","",""
"2026-04-06 (Monday) starts 2026-W15.","0","test_derive_iso_week_week_boundary","tests.unit","Mon May 11 12:12:59 UTC 2026","passed","Mon May 11 12:12:59 UTC 2026","","test_dau_normalizer","",""
"","2","test_validate_config_missing_token","tests.unit","Mon May 11 12:12:58 UTC 2026","passed","Mon May 11 12:12:58 UTC 2026","","test_config","",""
"MC-FMT-007: team_avg_pct = (team_avg / 5) * 100, rounded to 1 dp.","1","test_compute_dau_metrics_team_avg_pct","tests.unit","Mon May 11 12:12:59 UTC 2026","passed","Mon May 11 12:12:59 UTC 2026","","test_dau_metrics","",""
"","1","test_get_index_html_returns_200","tests.component","Mon May 11 12:13:00 UTC 2026","passed","Mon May 11 12:13:00 UTC 2026","","test_server","",""
"_handle_delete_filter() returns ok=False for an unknown slug.","8","test_delete_unknown_slug_returns_not_found","tests.unit","Mon May 11 12:12:59 UTC 2026","passed","Mon May 11 12:12:59 UTC 2026","","test_filter_handlers","",""
"","5","test_dau_responses_dir_env_var_overrides_default","tests.unit","Mon May 11 12:12:59 UTC 2026","passed","Mon May 11 12:12:59 UTC 2026","","test_dau_metrics","",""
"","1","test_dedup_empty_list","tests.unit","Mon May 11 12:12:59 UTC 2026","passed","Mon May 11 12:12:59 UTC 2026","","test_dau_metrics","",""
"","1","test_validate_cert_expired","tests.unit","Mon May 11 12:12:58 UTC 2026","passed","Mon May 11 12:12:58 UTC 2026","","test_cert_validation","",""
"","25","test_html_has_dau_trend_section","tests.component","Mon May 11 12:12:57 UTC 2026","passed","Mon May 11 12:12:57 UTC 2026","","test_dau_report","",""
"","26","test_chart_canvas_present_when_velocity_nonempty","tests.component","Mon May 11 12:12:57 UTC 2026","passed","Mon May 11 12:12:57 UTC 2026","","test_report_html","",""
"","0","test_dedup_issue_without_key_not_moved","tests.unit","Mon May 11 12:13:00 UTC 2026","passed","Mon May 11 12:13:00 UTC 2026","","test_metrics","",""
"KANBAN week periods with resolved issues (custom status + resolutiondate) count correctly.","1","test_compute_velocity_kanban_periods","tests.unit","Mon May 11 12:13:00 UTC 2026","passed","Mon May 11 12:13:00 UTC 2026","","test_metrics","",""
"When resolutiondate is set it takes priority over updated for week grouping.","1","test_fetch_kanban_data_prefers_resolutiondate_over_updated","tests.unit","Mon May 11 12:12:59 UTC 2026","passed","Mon May 11 12:12:59 UTC 2026","","test_jira_client","",""
"validate_cert() returns the full set of keys consumed by _handle_cert_status.","31","test_validate_cert_response_has_all_keys_when_valid","tests.component","Mon May 11 12:12:56 UTC 2026","passed","Mon May 11 12:12:56 UTC 2026","","test_contracts","",""
"","0","test_ai_trend_no_ai_label","tests.unit","Mon May 11 12:13:00 UTC 2026","passed","Mon May 11 12:13:00 UTC 2026","","test_metrics","",""
"","1","test_md_dau_section_absent_when_no_responses","tests.component","Mon May 11 12:12:57 UTC 2026","passed","Mon May 11 12:12:57 UTC 2026","","test_dau_report","",""
"Saving a filter without DAU_PATH populates it as data/dau/<slug>.","9","test_post_filter_defaults_dau_path_from_slug","tests.unit","Mon May 11 12:12:59 UTC 2026","passed","Mon May 11 12:12:59 UTC 2026","","test_filter_handlers","",""
"","0","test_is_done[-False]","tests.unit","Mon May 11 12:13:00 UTC 2026","passed","Mon May 11 12:13:00 UTC 2026","","test_metrics","",""
"MC-FMT-102: velocity table cells show plain numbers; 20.0% must not appear.","25","test_velocity_table_values_have_no_percent_suffix","tests.component","Mon May 11 12:12:58 UTC 2026","passed","Mon May 11 12:12:58 UTC 2026","","test_report_html","",""
"populated_fields decides between equally-named float fields.","1","test_build_schema_from_fields_populated_fields_breaks_equal_name_score","tests.unit","Mon May 11 12:13:00 UTC 2026","passed","Mon May 11 12:13:00 UTC 2026","","test_schema","",""
"POST where fields is not an object returns 400.","1","test_post_schema_rejects_non_dict_fields","tests.component","Mon May 11 12:13:13 UTC 2026","passed","Mon May 11 12:13:13 UTC 2026","","test_server","",""
"","1","test_post_saves_board_id_to_env","tests.component","Mon May 11 12:13:30 UTC 2026","passed","Mon May 11 12:13:30 UTC 2026","TestPostConfig","test_server_config","",""
"","1","test_star_token_not_overwritten","tests.component","Mon May 11 12:13:25 UTC 2026","passed","Mon May 11 12:13:25 UTC 2026","TestPostConfig","test_server_config","",""
"","0","test_build_metrics_dict_report_name_defaults_to_none","tests.unit","Mon May 11 12:13:00 UTC 2026","passed","Mon May 11 12:13:00 UTC 2026","","test_metrics","",""
"An unrecognised usage string counts as score 0.","0","test_unknown_usage_falls_back_to_zero","tests.unit","Mon May 11 12:12:59 UTC 2026","passed","Mon May 11 12:12:59 UTC 2026","","test_dau_metrics","",""
"POST body without top-level 'schema' returns 400.","8","test_post_schema_requires_schema_key","tests.unit","Mon May 11 12:13:00 UTC 2026","passed","Mon May 11 12:13:00 UTC 2026","","test_server_handlers","",""
"","0","test_md_dau_shows_role_in_table","tests.component","Mon May 11 12:12:57 UTC 2026","passed","Mon May 11 12:12:57 UTC 2026","","test_dau_report","",""
"","0","test_get_schema_not_found","tests.unit","Mon May 11 12:13:00 UTC 2026","passed","Mon May 11 12:13:00 UTC 2026","","test_schema","",""
"","8","test_run_defaults_host_to_loopback","tests.unit","Mon May 11 12:13:00 UTC 2026","passed","Mon May 11 12:13:00 UTC 2026","","test_server_handlers","",""
"fetch_kanban_data() uses a single `updated >= oldest` JQL, not per-week resolutiondate ranges.

    Jira workflows (especially team-managed projects) often do not set resolutiondate when an
    issue transitions to Done. Using `updated` ensures issues are captured regardless.
    ","1","test_fetch_kanban_data_jql_uses_updated_not_resolutiondate","tests.unit","Mon May 11 12:12:59 UTC 2026","passed","Mon May 11 12:12:59 UTC 2026","","test_jira_client","",""
"","0","test_ai_trend_explicit_label_overrides_fallback","tests.unit","Mon May 11 12:13:00 UTC 2026","passed","Mon May 11 12:13:00 UTC 2026","","test_metrics","",""
"","0","test_parse_iso[2026-03-01T10:00:00+00:00-True]","tests.unit","Mon May 11 12:13:00 UTC 2026","passed","Mon May 11 12:13:00 UTC 2026","","test_metrics","",""
"A token value that contains '=' characters must be stored verbatim.","1","test_token_with_equals_in_value","tests.component","Mon May 11 12:13:18 UTC 2026","passed","Mon May 11 12:13:18 UTC 2026","TestWriteEnvFields","test_server_config","",""
"","1","test_build_metrics_dict_without_schema_backward_compat","tests.unit","Mon May 11 12:13:00 UTC 2026","passed","Mon May 11 12:13:00 UTC 2026","","test_metrics","",""
"","0","test_get_sprints_name_filter_case_insensitive","tests.unit","Mon May 11 12:12:59 UTC 2026","passed","Mon May 11 12:12:59 UTC 2026","","test_jira_client","",""
"","0","test_build_metrics_dict_generated_at_is_iso","tests.unit","Mon May 11 12:13:00 UTC 2026","passed","Mon May 11 12:13:00 UTC 2026","","test_metrics","",""
"","1","test_success_level_name_registered","tests.unit","Mon May 11 12:13:00 UTC 2026","passed","Mon May 11 12:13:00 UTC 2026","","test_logging_setup","",""
"","1","test_log_file_format","tests.unit","Mon May 11 12:13:00 UTC 2026","passed","Mon May 11 12:13:00 UTC 2026","","test_logging_setup","",""
"","26","test_html_dau_trend_absent_when_empty","tests.component","Mon May 11 12:12:57 UTC 2026","passed","Mon May 11 12:12:57 UTC 2026","","test_dau_report","",""
"","0","test_get_done_statuses_defaults","tests.unit","Mon May 11 12:13:00 UTC 2026","passed","Mon May 11 12:13:00 UTC 2026","","test_schema","",""
"","1","test_md_dau_trend_absent_when_empty","tests.component","Mon May 11 12:12:57 UTC 2026","passed","Mon May 11 12:12:57 UTC 2026","","test_dau_report","",""
"POST with empty 'schema' object returns 400 about schema_name.","1","test_post_schema_missing_name","tests.component","Mon May 11 12:13:13 UTC 2026","passed","Mon May 11 12:13:13 UTC 2026","","test_server","",""
"","327","test_test_connection_valid_creds","tests.component","Mon May 11 12:13:02 UTC 2026","passed","Mon May 11 12:13:02 UTC 2026","","test_server","",""
"_load_filters() returns exactly one default entry with the correct name and params.","8","test_default_filter_entry_is_present_and_correct","tests.unit","Mon May 11 12:12:59 UTC 2026","passed","Mon May 11 12:12:59 UTC 2026","","test_filter_handlers","",""
"main() must use ThreadPoolExecutor(max_workers=2) for parallel report generation.","2","test_main_generates_reports_in_parallel","tests.unit","Mon May 11 12:12:58 UTC 2026","passed","Mon May 11 12:12:58 UTC 2026","","test_cli","",""
"POST then GET should reflect saved values (token masked).","2","test_round_trip_url_email_token","tests.component","Mon May 11 12:13:27 UTC 2026","passed","Mon May 11 12:13:27 UTC 2026","TestPostConfig","test_server_config","",""
"","0","test_import_app_report_html","tests.unit","Mon May 11 12:12:59 UTC 2026","passed","Mon May 11 12:12:59 UTC 2026","","test_imports","",""
"board_statuses overrides the static default status_mapping.","0","test_build_schema_from_fields_applies_board_statuses","tests.unit","Mon May 11 12:13:00 UTC 2026","passed","Mon May 11 12:13:00 UTC 2026","","test_schema","",""
"_handle_post_filter() returns ok=False when both JIRA_PROJECT and JIRA_FILTER_ID are absent.","8","test_post_filter_rejects_blank_project_and_filter_id","tests.unit","Mon May 11 12:12:59 UTC 2026","passed","Mon May 11 12:12:59 UTC 2026","","test_filter_handlers","",""
"POST /api/filters with report_name stores it; GET returns the same value.","9","test_post_filter_saves_report_name","tests.unit","Mon May 11 12:13:00 UTC 2026","passed","Mon May 11 12:13:00 UTC 2026","","test_server_handlers","",""
"","25","test_html_dau_shows_team_avg","tests.component","Mon May 11 12:12:57 UTC 2026","passed","Mon May 11 12:12:57 UTC 2026","","test_dau_report","",""
"","0","test_create_client_uses_config_values","tests.unit","Mon May 11 12:12:59 UTC 2026","passed","Mon May 11 12:12:59 UTC 2026","","test_jira_client","",""
"","2","test_partial_env_returns_configured_false","tests.component","Mon May 11 12:13:19 UTC 2026","passed","Mon May 11 12:13:19 UTC 2026","TestGetConfig","test_server_config","",""
"","1","test_non_dau_files_ignored","tests.unit","Mon May 11 12:12:59 UTC 2026","passed","Mon May 11 12:12:59 UTC 2026","","test_dau_normalizer","",""
"","2","test_ai_assisted_label_custom","tests.unit","Mon May 11 12:12:59 UTC 2026","passed","Mon May 11 12:12:59 UTC 2026","","test_config","",""
"","1","test_dau_section_hidden_when_section_visibility_false","tests.component","Mon May 11 12:12:58 UTC 2026","passed","Mon May 11 12:12:58 UTC 2026","","test_report_md","",""
"","0","test_ai_usage_tool_breakdown","tests.unit","Mon May 11 12:13:00 UTC 2026","passed","Mon May 11 12:13:00 UTC 2026","","test_metrics","",""
"An explicit DAU_RESPONSES_DIR wins over the value derived from DAU_PATH.","2","test_dau_responses_dir_env_overrides_dau_path","tests.unit","Mon May 11 12:12:59 UTC 2026","passed","Mon May 11 12:12:59 UTC 2026","","test_config","",""
"","1","test_sprint_issue_details_excluded_flag","tests.unit","Mon May 11 12:13:00 UTC 2026","passed","Mon May 11 12:13:00 UTC 2026","","test_metrics","",""
"","0","test_dedup_keeps_latest_per_user_week","tests.unit","Mon May 11 12:12:59 UTC 2026","passed","Mon May 11 12:12:59 UTC 2026","","test_dau_metrics","",""
"","0","test_sprint_factory_has_keys_used_by_compute_velocity","tests.component","Mon May 11 12:12:56 UTC 2026","passed","Mon May 11 12:12:56 UTC 2026","","test_contracts","",""
"Parse report.html.j2 for metrics.X references and verify they exist in build_metrics_dict output.","1","test_template_variables_exist_in_metrics_dict","tests.component","Mon May 11 12:12:56 UTC 2026","passed","Mon May 11 12:12:56 UTC 2026","","test_contracts","",""
"","0","test_velocity_header_label_story_points","tests.component","Mon May 11 12:12:58 UTC 2026","passed","Mon May 11 12:12:58 UTC 2026","","test_report_md","",""
"","2","test_creates_env_from_example_template","tests.component","Mon May 11 12:13:24 UTC 2026","passed","Mon May 11 12:13:24 UTC 2026","TestPostConfig","test_server_config","",""
"","0","test_setup_logging_creates_log_directory","tests.unit","Mon May 11 12:13:00 UTC 2026","passed","Mon May 11 12:13:00 UTC 2026","","test_logging_setup","",""
"","1","test_creates_env_from_example_when_env_missing","tests.component","Mon May 11 12:13:18 UTC 2026","passed","Mon May 11 12:13:18 UTC 2026","TestWriteEnvFields","test_server_config","",""
"","1","test_parse_args_clean_flag","tests.unit","Mon May 11 12:13:00 UTC 2026","passed","Mon May 11 12:13:00 UTC 2026","","test_main_helpers","",""
"POST with missing done_statuses returns 400.","1","test_post_schema_rejects_invalid_status_mapping","tests.component","Mon May 11 12:13:14 UTC 2026","passed","Mon May 11 12:13:14 UTC 2026","","test_server","",""
"_build_jql_from_params() produces correct JQL clauses for each param combination.","7","test_build_jql_from_params[params2-""Team[Team]"" = T1-None]","tests.unit","Mon May 11 12:12:59 UTC 2026","passed","Mon May 11 12:12:59 UTC 2026","","test_filter_handlers","",""
"Output subdirectory mirrors the source subdirectory under normalized_dir.","1","test_nested_folder_structure_mirrored","tests.unit","Mon May 11 12:12:59 UTC 2026","passed","Mon May 11 12:12:59 UTC 2026","","test_dau_normalizer","",""
"When closed sprints span multiple pages, the NEWEST sprints are returned, not the oldest.","1","test_get_sprints_returns_newest_when_paginated","tests.unit","Mon May 11 12:12:59 UTC 2026","passed","Mon May 11 12:12:59 UTC 2026","","test_jira_client","",""
"","0","test_is_done[To Do-False]","tests.unit","Mon May 11 12:13:00 UTC 2026","passed","Mon May 11 12:13:00 UTC 2026","","test_metrics","",""
"Second POST with the same name returns updated=True and replaces the entry in-place.","17","test_post_filter_updates_existing_entry","tests.unit","Mon May 11 12:12:59 UTC 2026","passed","Mon May 11 12:12:59 UTC 2026","","test_filter_handlers","",""
"Validate the path fix: templates/ should be at project root, not inside app/.","0","test_templates_dir_not_inside_app","tests.component","Mon May 11 12:12:57 UTC 2026","passed","Mon May 11 12:12:57 UTC 2026","","test_report_html","",""
"LOG_LEVEL env var (set in config/defaults.env or .env) overrides the default.","0","test_setup_logging_level_configurable_via_env[ERROR-40]","tests.unit","Mon May 11 12:13:00 UTC 2026","passed","Mon May 11 12:13:00 UTC 2026","","test_logging_setup","",""
"","287","test_generate_returns_sse_content_type","tests.component","Mon May 11 12:13:05 UTC 2026","passed","Mon May 11 12:13:05 UTC 2026","","test_server","",""
"","1","test_empty_raw_dir_creates_normalized_dir_and_returns_zero","tests.unit","Mon May 11 12:12:59 UTC 2026","passed","Mon May 11 12:12:59 UTC 2026","","test_dau_normalizer","",""
"","2","test_validate_config_missing_email","tests.unit","Mon May 11 12:12:58 UTC 2026","passed","Mon May 11 12:12:58 UTC 2026","","test_config","",""
"","0","test_import_app_logging_setup","tests.unit","Mon May 11 12:12:59 UTC 2026","passed","Mon May 11 12:12:59 UTC 2026","","test_imports","",""
"","0","test_md_report_diagnostics_jira_config","tests.component","Mon May 11 12:12:58 UTC 2026","passed","Mon May 11 12:12:58 UTC 2026","","test_report_md","",""
"","25","test_velocity_totals_row_present","tests.component","Mon May 11 12:12:57 UTC 2026","passed","Mon May 11 12:12:57 UTC 2026","","test_report_html","",""
"DELETE /api/schemas?name=Ghost returns 404.","1","test_delete_nonexistent_schema_returns_404","tests.component","Mon May 11 12:13:17 UTC 2026","passed","Mon May 11 12:13:17 UTC 2026","","test_server","",""
"","1","test_md_dau_shows_team_avg","tests.component","Mon May 11 12:12:57 UTC 2026","passed","Mon May 11 12:12:57 UTC 2026","","test_dau_report","",""
"report_name query param is forwarded as REPORT_NAME env var to main.py.","9","test_generate_exports_report_name_to_subprocess","tests.unit","Mon May 11 12:13:00 UTC 2026","passed","Mon May 11 12:13:00 UTC 2026","","test_server_handlers","",""
"","0","test_issue_factory_matches_is_done_expectations","tests.component","Mon May 11 12:12:56 UTC 2026","passed","Mon May 11 12:12:56 UTC 2026","","test_contracts","",""
"","0","test_md_dau_trend_shows_week","tests.component","Mon May 11 12:12:57 UTC 2026","passed","Mon May 11 12:12:57 UTC 2026","","test_dau_report","",""
"Deleting a filter leaves its data/dau/<slug>/ folder intact.","16","test_delete_filter_does_not_remove_dau_data","tests.unit","Mon May 11 12:12:59 UTC 2026","passed","Mon May 11 12:12:59 UTC 2026","","test_filter_handlers","",""
"On non-Windows platforms, _get_windows_ca_certs must return an empty list.","0","test_get_windows_ca_certs_returns_empty_on_non_windows","tests.unit","Mon May 11 12:12:58 UTC 2026","passed","Mon May 11 12:12:58 UTC 2026","","test_cert_handlers","",""
"_load_filters() creates config/jira_filters.json with the default when the file is absent.","8","test_load_filters_creates_file_when_missing","tests.unit","Mon May 11 12:12:59 UTC 2026","passed","Mon May 11 12:12:59 UTC 2026","","test_filter_handlers","",""
"","0","test_load_schemas_missing_file","tests.unit","Mon May 11 12:13:00 UTC 2026","passed","Mon May 11 12:13:00 UTC 2026","","test_schema","",""
"","0","test_setup_logging_log_filename_matches_pattern","tests.unit","Mon May 11 12:13:00 UTC 2026","passed","Mon May 11 12:13:00 UTC 2026","","test_logging_setup","",""
"Empty/None config values must not cause errors.","1","test_sanitise_error_handles_none_config_values","tests.unit","Mon May 11 12:13:00 UTC 2026","passed","Mon May 11 12:13:00 UTC 2026","","test_jira_client","",""
"JSR-R-004: A non-existent named schema falls back to the default silently.","1","test_get_active_schema_named_fallback_uses_default","tests.unit","Mon May 11 12:13:00 UTC 2026","passed","Mon May 11 12:13:00 UTC 2026","","test_schema","",""
"","0","test_md_report_ai_assistance_table_headers","tests.component","Mon May 11 12:12:58 UTC 2026","passed","Mon May 11 12:12:58 UTC 2026","","test_report_md","",""
"_handle_cert_status returns exists=True plus all validity fields when cert parses OK.","8","test_handle_cert_status_returns_validity_fields_for_valid_cert","tests.unit","Mon May 11 12:13:01 UTC 2026","passed","Mon May 11 12:13:01 UTC 2026","","test_server_handlers","",""
"","0","test_parse_iso[None-False]","tests.unit","Mon May 11 12:13:00 UTC 2026","passed","Mon May 11 12:13:00 UTC 2026","","test_metrics","",""
"","1","test_velocity_header_label_jira_tickets","tests.component","Mon May 11 12:12:58 UTC 2026","passed","Mon May 11 12:12:58 UTC 2026","","test_report_md","",""
"","1","test_md_report_ai_assistance_empty_data","tests.component","Mon May 11 12:12:58 UTC 2026","passed","Mon May 11 12:12:58 UTC 2026","","test_report_md","",""
"","1","test_example_file_is_not_modified","tests.component","Mon May 11 12:13:18 UTC 2026","passed","Mon May 11 12:13:18 UTC 2026","TestWriteEnvFields","test_server_config","",""
"","2","test_validate_config_warns_trailing_slash","tests.unit","Mon May 11 12:12:58 UTC 2026","passed","Mon May 11 12:12:59 UTC 2026","","test_config","",""
"","2","test_env_bool_values[true-True]","tests.unit","Mon May 11 12:12:59 UTC 2026","passed","Mon May 11 12:12:59 UTC 2026","","test_config","",""
"","1","test_malformed_json_file_is_skipped","tests.unit","Mon May 11 12:12:59 UTC 2026","passed","Mon May 11 12:12:59 UTC 2026","","test_dau_metrics","",""
"","1","test_compute_velocity_custom_field_and_statuses","tests.unit","Mon May 11 12:13:00 UTC 2026","passed","Mon May 11 12:13:00 UTC 2026","","test_metrics","",""
"JQL without ORDER BY is returned verbatim.","0","test_get_filter_jql_no_order_by_unchanged","tests.unit","Mon May 11 12:12:59 UTC 2026","passed","Mon May 11 12:12:59 UTC 2026","","test_jira_client","",""
"","0","test_md_report_sprint_issues_shows_issue_keys","tests.component","Mon May 11 12:12:58 UTC 2026","passed","Mon May 11 12:12:58 UTC 2026","","test_report_md","",""
"","0","test_get_story_points_none","tests.unit","Mon May 11 12:13:00 UTC 2026","passed","Mon May 11 12:13:00 UTC 2026","","test_metrics","",""
"","25","test_ai_assistance_section_hidden_when_section_visibility_false","tests.component","Mon May 11 12:12:57 UTC 2026","passed","Mon May 11 12:12:57 UTC 2026","","test_report_html","",""
"","0","test_md_report_diagnostics_cycle_time_stats","tests.component","Mon May 11 12:12:58 UTC 2026","passed","Mon May 11 12:12:58 UTC 2026","","test_report_md","",""
"","1","test_md_report_ai_assistance_shows_pct","tests.component","Mon May 11 12:12:58 UTC 2026","passed","Mon May 11 12:12:58 UTC 2026","","test_report_md","",""
"","0","test_write_creates_newline_terminated_file","tests.component","Mon May 11 12:13:18 UTC 2026","passed","Mon May 11 12:13:18 UTC 2026","TestWriteEnvFields","test_server_config","",""
"T-08: usagePieLabels must not corrupt DAU trend, and DAU trend must not corrupt pies.","25","test_t08_ai_usage_plus_dau_trend","tests.component","Mon May 11 12:12:57 UTC 2026","passed","Mon May 11 12:12:57 UTC 2026","","test_cross_section_chart_labels","",""
"","1","test_sprint_issue_details_excludes_non_done","tests.unit","Mon May 11 12:13:00 UTC 2026","passed","Mon May 11 12:13:00 UTC 2026","","test_metrics","",""
"T-07 + T-10: avgDauLabels must not corrupt velocity AND avgVelocityLabels must not
    corrupt DAU trend when both sections are present simultaneously. This is the
    original bug scenario.","25","test_t07_dau_trend_plus_velocity","tests.component","Mon May 11 12:12:57 UTC 2026","passed","Mon May 11 12:12:57 UTC 2026","","test_cross_section_chart_labels","",""
"T-06: aiPointLabels (from AI trend) must not corrupt velocity avg-line labels.","25","test_t06_ai_trend_plus_velocity","tests.component","Mon May 11 12:12:57 UTC 2026","passed","Mon May 11 12:12:57 UTC 2026","","test_cross_section_chart_labels","",""
"GET /api/cert-status with a corrupt (non-PEM) cert file returns exists=True and error key.","1","test_cert_status_with_corrupt_cert_returns_error","tests.component","Mon May 11 12:13:08 UTC 2026","passed","Mon May 11 12:13:08 UTC 2026","","test_server","",""
"","1","test_get_config_returns_json_content_type","tests.component","Mon May 11 12:13:23 UTC 2026","passed","Mon May 11 12:13:23 UTC 2026","TestGetConfig","test_server_config","",""
"","2","test_env_bool_values[True-True]","tests.unit","Mon May 11 12:12:59 UTC 2026","passed","Mon May 11 12:12:59 UTC 2026","","test_config","",""
"","1","test_md_report_ai_usage_tool_breakdown","tests.component","Mon May 11 12:12:58 UTC 2026","passed","Mon May 11 12:12:58 UTC 2026","","test_report_md","",""
"","0","test_get_field_jql_name_with_explicit_jql_name","tests.unit","Mon May 11 12:13:00 UTC 2026","passed","Mon May 11 12:13:00 UTC 2026","","test_schema","",""
"","2","test_env_bool_values[-True]","tests.unit","Mon May 11 12:12:59 UTC 2026","passed","Mon May 11 12:12:59 UTC 2026","","test_config","",""
"","0","test_is_done[done-True]","tests.unit","Mon May 11 12:13:00 UTC 2026","passed","Mon May 11 12:13:00 UTC 2026","","test_metrics","",""
"","1","test_single_file_without_week_gets_week_derived","tests.unit","Mon May 11 12:12:59 UTC 2026","passed","Mon May 11 12:12:59 UTC 2026","","test_dau_normalizer","",""
"MC-FMT-003: ai_pct = (ai_sp / total_sp) * 100, rounded to 1 dp.","0","test_ai_trend_basic_percentage","tests.unit","Mon May 11 12:13:00 UTC 2026","passed","Mon May 11 12:13:00 UTC 2026","","test_metrics","",""
"","1","test_date_present","tests.component","Mon May 11 12:12:58 UTC 2026","passed","Mon May 11 12:12:58 UTC 2026","","test_report_md","",""
"If ssl.enum_certificates raises, _get_windows_ca_certs returns [] (never raises).","0","test_get_windows_ca_certs_returns_empty_on_enum_certificates_error","tests.unit","Mon May 11 12:12:58 UTC 2026","passed","Mon May 11 12:12:58 UTC 2026","","test_cert_handlers","",""
"","2","test_jira_url_multiple_trailing_slashes_stripped","tests.unit","Mon May 11 12:12:58 UTC 2026","passed","Mon May 11 12:12:58 UTC 2026","","test_config","",""
"","0","test_get_labels_normal","tests.unit","Mon May 11 12:13:00 UTC 2026","passed","Mon May 11 12:13:00 UTC 2026","","test_metrics","",""
"","25","test_ai_assistance_sprint_and_pct_present","tests.component","Mon May 11 12:12:57 UTC 2026","passed","Mon May 11 12:12:57 UTC 2026","","test_report_html","",""
"","0","test_success_level_value","tests.unit","Mon May 11 12:13:00 UTC 2026","passed","Mon May 11 12:13:00 UTC 2026","","test_logging_setup","",""
"","0","test_get_story_points_custom_field_missing","tests.unit","Mon May 11 12:13:00 UTC 2026","passed","Mon May 11 12:13:00 UTC 2026","","test_metrics","",""
"","0","test_sprint_issue_details_basic_shape","tests.unit","Mon May 11 12:13:00 UTC 2026","passed","Mon May 11 12:13:00 UTC 2026","","test_metrics","",""
"","25","test_sprint_name_present","tests.component","Mon May 11 12:12:57 UTC 2026","passed","Mon May 11 12:12:57 UTC 2026","","test_report_html","",""
"T-14: all sections ON — velocity plain, AI trend %, pie %, DAU trend %.","25","test_t14_all_sections_correct_pct_labels","tests.component","Mon May 11 12:12:57 UTC 2026","passed","Mon May 11 12:12:57 UTC 2026","","test_cross_section_chart_labels","",""
"","1","test_test_connection_empty_body","tests.component","Mon May 11 12:13:04 UTC 2026","passed","Mon May 11 12:13:04 UTC 2026","","test_server","",""
"Username and password must be passed as separate kwargs, not embedded anywhere else.","1","test_create_client_credentials_in_auth_kwargs_only","tests.unit","Mon May 11 12:13:00 UTC 2026","passed","Mon May 11 12:13:00 UTC 2026","","test_jira_client","",""
"Two files from same user, same week — only the later one survives.","1","test_dedup_keeps_latest_per_user_week","tests.unit","Mon May 11 12:12:59 UTC 2026","passed","Mon May 11 12:12:59 UTC 2026","","test_dau_normalizer","",""
"LOG_LEVEL env var (set in config/defaults.env or .env) overrides the default.","0","test_setup_logging_level_configurable_via_env[  WARNING  -30]","tests.unit","Mon May 11 12:13:00 UTC 2026","passed","Mon May 11 12:13:00 UTC 2026","","test_logging_setup","",""
"","8","test_handle_generate_emits_error_event_for_nonzero_exit","tests.unit","Mon May 11 12:13:00 UTC 2026","passed","Mon May 11 12:13:00 UTC 2026","","test_server_handlers","",""
"","2","test_sprint_count_default","tests.unit","Mon May 11 12:12:58 UTC 2026","passed","Mon May 11 12:12:58 UTC 2026","","test_config","",""
"Output file must be named dau_<username>_<compact_ts>.json.","1","test_output_filename_format","tests.unit","Mon May 11 12:12:59 UTC 2026","passed","Mon May 11 12:12:59 UTC 2026","","test_dau_normalizer","",""
"","25","test_html_dau_section_absent_when_no_responses","tests.component","Mon May 11 12:12:57 UTC 2026","passed","Mon May 11 12:12:57 UTC 2026","","test_dau_report","",""
"","0","test_md_report_ai_usage_shows_count","tests.component","Mon May 11 12:12:58 UTC 2026","passed","Mon May 11 12:12:58 UTC 2026","","test_report_md","",""
"T-09: aiPointLabels must not corrupt DAU trend labels.","25","test_t09_ai_trend_plus_dau_trend","tests.component","Mon May 11 12:12:57 UTC 2026","passed","Mon May 11 12:12:57 UTC 2026","","test_cross_section_chart_labels","",""
"_load_filters() prepends the default entry at position 0 if the file has no is_default entry.","7","test_load_filters_injects_default_when_absent_from_file","tests.unit","Mon May 11 12:12:59 UTC 2026","passed","Mon May 11 12:12:59 UTC 2026","","test_filter_handlers","",""
"","0","test_options_returns_204_with_cors","tests.component","Mon May 11 12:13:01 UTC 2026","passed","Mon May 11 12:13:01 UTC 2026","","test_server","",""
"_build_jql_from_params() produces correct JQL clauses for each param combination.","7","test_build_jql_from_params[params1-project IN (A, B)-None]","tests.unit","Mon May 11 12:12:59 UTC 2026","passed","Mon May 11 12:12:59 UTC 2026","","test_filter_handlers","",""
"","1","test_build_metrics_dict_keys","tests.unit","Mon May 11 12:13:00 UTC 2026","passed","Mon May 11 12:13:00 UTC 2026","","test_metrics","",""
"","0","test_ai_trend_fallback_uses_tool_labels_when_assisted_label_empty","tests.unit","Mon May 11 12:13:00 UTC 2026","passed","Mon May 11 12:13:00 UTC 2026","","test_metrics","",""
"","0","test_get_labels_missing_key","tests.unit","Mon May 11 12:13:00 UTC 2026","passed","Mon May 11 12:13:00 UTC 2026","","test_metrics","",""
"","26","test_velocity_header_reflects_estimation_type_tickets","tests.component","Mon May 11 12:12:58 UTC 2026","passed","Mon May 11 12:12:58 UTC 2026","","test_report_html","",""
"","1","test_build_metrics_dict_sprint_issue_details_key_present","tests.unit","Mon May 11 12:13:00 UTC 2026","passed","Mon May 11 12:13:00 UTC 2026","","test_metrics","",""
"","0","test_build_metrics_dict_with_schema","tests.unit","Mon May 11 12:13:00 UTC 2026","passed","Mon May 11 12:13:00 UTC 2026","","test_metrics","",""
"","25","test_title_present","tests.component","Mon May 11 12:12:57 UTC 2026","passed","Mon May 11 12:12:57 UTC 2026","","test_report_html","",""
"When JIRA_CLOSED_SPRINTS_ONLY=True period 0 starts on last Monday, not current Monday.","1","test_fetch_kanban_data_closed_sprints_only_excludes_current_week","tests.unit","Mon May 11 12:12:59 UTC 2026","passed","Mon May 11 12:12:59 UTC 2026","","test_jira_client","",""
"5.0 + 3.5 + 1.5 = 10.0 / 3 ≈ 3.33","1","test_mixed_scores_correct_avg","tests.unit","Mon May 11 12:12:59 UTC 2026","passed","Mon May 11 12:12:59 UTC 2026","","test_dau_metrics","",""
"","0","test_estimation_type_shown_in_md_header","tests.component","Mon May 11 12:12:58 UTC 2026","passed","Mon May 11 12:12:58 UTC 2026","","test_report_md","",""
"","1","test_compute_dau_trend_subdirectory_files","tests.unit","Mon May 11 12:12:59 UTC 2026","passed","Mon May 11 12:12:59 UTC 2026","","test_dau_metrics","",""
"","0","test_load_schemas_returns_list_from_file","tests.unit","Mon May 11 12:13:00 UTC 2026","passed","Mon May 11 12:13:00 UTC 2026","","test_schema","",""
"POST with a fresh schema_name inserts and returns updated:false.","2","test_post_schema_creates_new_entry","tests.component","Mon May 11 12:13:14 UTC 2026","passed","Mon May 11 12:13:14 UTC 2026","","test_server","",""
"","0","test_save_schema_updates_existing","tests.unit","Mon May 11 12:13:00 UTC 2026","passed","Mon May 11 12:13:00 UTC 2026","","test_schema","",""
"","2","test_jira_url_empty_string_safe","tests.unit","Mon May 11 12:12:58 UTC 2026","passed","Mon May 11 12:12:58 UTC 2026","","test_config","",""
"","0","test_main_returns_1_when_fetch_sprint_data_fails","tests.unit","Mon May 11 12:12:58 UTC 2026","passed","Mon May 11 12:12:58 UTC 2026","","test_cli","",""
"","0","test_md_report_ai_usage_action_breakdown","tests.component","Mon May 11 12:12:58 UTC 2026","passed","Mon May 11 12:12:58 UTC 2026","","test_report_md","",""
"","1","test_fetch_sprint_data_orchestration","tests.unit","Mon May 11 12:13:00 UTC 2026","passed","Mon May 11 12:13:00 UTC 2026","","test_jira_client","",""
"_handle_post_filter() appends a new entry and returns updated=False.","9","test_post_filter_creates_new_entry","tests.unit","Mon May 11 12:12:59 UTC 2026","passed","Mon May 11 12:12:59 UTC 2026","","test_filter_handlers","",""
"","0","test_get_sprints_includes_active_when_closed_only_false","tests.unit","Mon May 11 12:12:59 UTC 2026","passed","Mon May 11 12:12:59 UTC 2026","","test_jira_client","",""
"POST /api/config must not 404.","1","test_post_config_route_exists","tests.component","Mon May 11 12:13:28 UTC 2026","passed","Mon May 11 12:13:28 UTC 2026","TestPostConfig","test_server_config","",""
"","0","test_sprint_issue_details_issue_fields","tests.unit","Mon May 11 12:13:00 UTC 2026","passed","Mon May 11 12:13:00 UTC 2026","","test_metrics","",""
"","25","test_ai_assistance_chart_canvas_present","tests.component","Mon May 11 12:12:57 UTC 2026","passed","Mon May 11 12:12:57 UTC 2026","","test_report_html","",""
"","1","test_unknown_keys_not_included_in_response","tests.component","Mon May 11 12:13:22 UTC 2026","passed","Mon May 11 12:13:22 UTC 2026","TestGetConfig","test_server_config","",""
"","0","test_missing_dir_returns_zero_count","tests.unit","Mon May 11 12:12:59 UTC 2026","passed","Mon May 11 12:12:59 UTC 2026","","test_dau_metrics","",""
"","0","test_replaces_existing_key","tests.component","Mon May 11 12:13:18 UTC 2026","passed","Mon May 11 12:13:18 UTC 2026","TestWriteEnvFields","test_server_config","",""
"When names are ambiguous, populated_fields presence breaks the tie.","1","test_build_schema_from_fields_uses_populated_fields_for_disambiguation","tests.unit","Mon May 11 12:13:00 UTC 2026","passed","Mon May 11 12:13:00 UTC 2026","","test_schema","",""
"","0","test_compute_velocity_sprint_absent_from_issues_dict","tests.unit","Mon May 11 12:13:00 UTC 2026","passed","Mon May 11 12:13:00 UTC 2026","","test_metrics","",""
"fetch_kanban_data() combines JIRA_FILTER_JQL with updated constraint when JIRA_FILTER_ID absent.","1","test_fetch_kanban_data_uses_config_filter_jql_as_fallback","tests.unit","Mon May 11 12:13:00 UTC 2026","passed","Mon May 11 12:13:00 UTC 2026","","test_jira_client","",""
"","0","test_sprint_issue_details_multiple_sprints","tests.unit","Mon May 11 12:13:00 UTC 2026","passed","Mon May 11 12:13:00 UTC 2026","","test_metrics","",""
"","2","test_jira_filter_jql_default_empty","tests.unit","Mon May 11 12:12:59 UTC 2026","passed","Mon May 11 12:12:59 UTC 2026","","test_config","",""
"","2","test_jira_ssl_cert_returns_true_when_no_file","tests.unit","Mon May 11 12:12:58 UTC 2026","passed","Mon May 11 12:12:58 UTC 2026","","test_config","",""
"T-11: all three globally-promoted/registered plugins active simultaneously.
    The original combination that exposed the bug.","25","test_t11_ai_usage_plus_velocity_plus_dau_trend","tests.component","Mon May 11 12:12:57 UTC 2026","passed","Mon May 11 12:12:57 UTC 2026","","test_cross_section_chart_labels","",""
"","1","test_overwrites_existing_env_fields","tests.component","Mon May 11 12:13:23 UTC 2026","passed","Mon May 11 12:13:23 UTC 2026","TestPostConfig","test_server_config","",""
"","0","test_md_table_separator_row","tests.component","Mon May 11 12:12:58 UTC 2026","passed","Mon May 11 12:12:58 UTC 2026","","test_report_md","",""
"","26","test_html_has_dau_section_when_data_present","tests.component","Mon May 11 12:12:57 UTC 2026","passed","Mon May 11 12:12:57 UTC 2026","","test_dau_report","",""
"","0","test_compute_velocity_all_done","tests.unit","Mon May 11 12:13:00 UTC 2026","passed","Mon May 11 12:13:00 UTC 2026","","test_metrics","",""
"","3","test_jira_ssl_cert_returns_path_when_file_exists","tests.unit","Mon May 11 12:12:58 UTC 2026","passed","Mon May 11 12:12:58 UTC 2026","","test_config","",""
"","0","test_dedup_different_weeks_kept_separate","tests.unit","Mon May 11 12:12:59 UTC 2026","passed","Mon May 11 12:12:59 UTC 2026","","test_dau_metrics","",""
"","2","test_jira_schema_name_default","tests.unit","Mon May 11 12:12:59 UTC 2026","passed","Mon May 11 12:12:59 UTC 2026","","test_config","",""
"MC-FMT-002 + MC-FMT-003: when every done issue is AI-assisted, ai_sp == total_sp and ai_pct == 100.0.","0","test_ai_trend_all_done_ai_assisted","tests.unit","Mon May 11 12:13:00 UTC 2026","passed","Mon May 11 12:13:00 UTC 2026","","test_metrics","",""
"","0","test_test_connection_invalid_json","tests.component","Mon May 11 12:13:02 UTC 2026","passed","Mon May 11 12:13:02 UTC 2026","","test_server","",""
"","2","test_jira_filter_jql_from_env","tests.unit","Mon May 11 12:12:59 UTC 2026","passed","Mon May 11 12:12:59 UTC 2026","","test_config","",""
"When get_filter_jql() returns a JQL, config.JIRA_FILTER_JQL is not used.","1","test_fetch_kanban_data_filter_id_jql_takes_precedence_over_config_jql","tests.unit","Mon May 11 12:13:00 UTC 2026","passed","Mon May 11 12:13:00 UTC 2026","","test_jira_client","",""
"POST /api/fetch-cert saves the PEM file with LF-only line endings (no CRLF on Windows).

    Ensures the write_bytes fix is effective: ssl.get_server_certificate returns a PEM
    string with \n endings; the saved bytes must not contain \r\n sequences, which would
    make cryptography fail to parse the cert on Windows.
    ","3","test_fetch_cert_saves_pem_without_crlf_line_endings","tests.component","Mon May 11 12:13:17 UTC 2026","passed","Mon May 11 12:13:17 UTC 2026","","test_server","",""
"MC-FMT-006 + MC-FMT-007: both team_avg and team_avg_pct are None when there are no responses.","1","test_compute_dau_metrics_no_data","tests.unit","Mon May 11 12:12:59 UTC 2026","passed","Mon May 11 12:12:59 UTC 2026","","test_dau_metrics","",""
"A Windows-style DAU_PATH ('data\dau\foo') is stored with forward slashes.","9","test_post_filter_normalises_backslashes_in_dau_path","tests.unit","Mon May 11 12:12:59 UTC 2026","passed","Mon May 11 12:12:59 UTC 2026","","test_filter_handlers","",""
"","2","test_estimation_type_invalid_falls_back","tests.unit","Mon May 11 12:12:59 UTC 2026","passed","Mon May 11 12:12:59 UTC 2026","","test_config","",""
"Updating one credential must leave others byte-identical.","1","test_partial_update_preserves_untouched_key","tests.component","Mon May 11 12:13:18 UTC 2026","passed","Mon May 11 12:13:18 UTC 2026","TestWriteEnvFields","test_server_config","",""
"When JIRA_CLOSED_SPRINTS_ONLY=False period 0 is the current partial week (active state).","1","test_fetch_kanban_data_open_sprints_includes_current_week","tests.unit","Mon May 11 12:12:59 UTC 2026","passed","Mon May 11 12:12:59 UTC 2026","","test_jira_client","",""
"Import main.py via importlib without executing it — confirms 'from app import ...' resolves.","1","test_main_imports_resolve","tests.unit","Mon May 11 12:12:59 UTC 2026","passed","Mon May 11 12:12:59 UTC 2026","","test_imports","",""
"","35","test_validate_cert_valid_future","tests.unit","Mon May 11 12:12:58 UTC 2026","passed","Mon May 11 12:12:58 UTC 2026","","test_cert_validation","",""
"","0","test_build_metrics_dict_has_all_expected_keys","tests.component","Mon May 11 12:12:56 UTC 2026","passed","Mon May 11 12:12:56 UTC 2026","","test_contracts","",""
"","0","test_dedup_no_duplicates_unchanged","tests.unit","Mon May 11 12:13:00 UTC 2026","passed","Mon May 11 12:13:00 UTC 2026","","test_metrics","",""
"JFM-P-011: /api/generate?filter=<slug> exports filter.params.schema_name as JIRA_SCHEMA_NAME.

    The filter's schema_name must win over defaults.env values and be visible to main.py.
    ","9","test_generate_exports_filter_schema_name_to_subprocess","tests.unit","Mon May 11 12:13:00 UTC 2026","passed","Mon May 11 12:13:00 UTC 2026","","test_server_handlers","",""
"","0","test_is_done[Done-True]","tests.unit","Mon May 11 12:13:00 UTC 2026","passed","Mon May 11 12:13:00 UTC 2026","","test_metrics","",""
"","0","test_compute_velocity_preserves_sprint_name","tests.unit","Mon May 11 12:13:00 UTC 2026","passed","Mon May 11 12:13:00 UTC 2026","","test_metrics","",""
"","0","test_logger_has_success_method","tests.unit","Mon May 11 12:13:00 UTC 2026","passed","Mon May 11 12:13:00 UTC 2026","","test_logging_setup","",""
"","2","test_validate_config_all_missing","tests.unit","Mon May 11 12:12:58 UTC 2026","passed","Mon May 11 12:12:58 UTC 2026","","test_config","",""
"","25","test_ai_usage_cases_canvas_present","tests.component","Mon May 11 12:12:58 UTC 2026","passed","Mon May 11 12:12:58 UTC 2026","","test_report_html","",""
"POST every supported field, then GET and verify each one.

        AI labels are intentionally excluded — they live per-filter in
        config/jira_filters.json, not in the global config endpoint.
        ","2","test_round_trip_all_fields","tests.component","Mon May 11 12:13:30 UTC 2026","passed","Mon May 11 12:13:30 UTC 2026","TestPostConfig","test_server_config","",""
"","0","test_md_report_ai_assistance_section_present","tests.component","Mon May 11 12:12:58 UTC 2026","passed","Mon May 11 12:12:58 UTC 2026","","test_report_md","",""
"MC-V-OUT-002: start_date/end_date are ISO-8601 strings when the sprint has dates, None when absent.","0","test_velocity_row_start_end_date_are_iso_or_none","tests.unit","Mon May 11 12:13:00 UTC 2026","passed","Mon May 11 12:13:00 UTC 2026","","test_metrics","",""
"","0","test_ai_usage_explicit_label_overrides_fallback","tests.unit","Mon May 11 12:13:00 UTC 2026","passed","Mon May 11 12:13:00 UTC 2026","","test_metrics","",""
"","0","test_dedup_three_sprints_kept_in_last","tests.unit","Mon May 11 12:13:00 UTC 2026","passed","Mon May 11 12:13:00 UTC 2026","","test_metrics","",""
"Saving a filter creates <DAU_PATH>/original/.gitkeep on disk.","8","test_post_filter_creates_dau_original_folder_with_gitkeep","tests.unit","Mon May 11 12:12:59 UTC 2026","passed","Mon May 11 12:12:59 UTC 2026","","test_filter_handlers","",""
"GET /api/schemas?name=Nonexistent returns 404.","1","test_get_schema_not_found","tests.component","Mon May 11 12:13:12 UTC 2026","passed","Mon May 11 12:13:12 UTC 2026","","test_server","",""
"Re-run removes stale normalized files from nested output subdirectories.","2","test_stale_nested_normalized_files_cleared_on_rerun","tests.unit","Mon May 11 12:12:59 UTC 2026","passed","Mon May 11 12:12:59 UTC 2026","","test_dau_normalizer","",""
"","2","test_metric_toggles_explicit_false","tests.unit","Mon May 11 12:12:59 UTC 2026","passed","Mon May 11 12:12:59 UTC 2026","","test_config","",""
"","0","test_get_story_points_integer_stored_as_int","tests.unit","Mon May 11 12:13:00 UTC 2026","passed","Mon May 11 12:13:00 UTC 2026","","test_metrics","",""
"","1","test_compact_timestamp_midnight","tests.unit","Mon May 11 12:12:59 UTC 2026","passed","Mon May 11 12:12:59 UTC 2026","","test_dau_normalizer","",""
"","1","test_commented_out_lines_not_returned","tests.component","Mon May 11 12:13:20 UTC 2026","passed","Mon May 11 12:13:20 UTC 2026","TestGetConfig","test_server_config","",""
"When no report_name query param is given, the filter's stored report_name is used.","8","test_generate_uses_stored_report_name_when_no_param","tests.unit","Mon May 11 12:13:00 UTC 2026","passed","Mon May 11 12:13:00 UTC 2026","","test_server_handlers","",""
"When a filter has a non-empty jql field, JIRA_FILTER_JQL is forwarded to the subprocess env.","3","test_generate_passes_filter_jql_env_var","tests.component","Mon May 11 12:13:06 UTC 2026","passed","Mon May 11 12:13:06 UTC 2026","","test_server","",""
"","0","test_get_story_points_missing_field","tests.unit","Mon May 11 12:13:00 UTC 2026","passed","Mon May 11 12:13:00 UTC 2026","","test_metrics","",""
"DAU_RESPONSES_DIR resolves to <DAU_PATH>/original when DAU_PATH is set.","2","test_dau_path_env_var_drives_responses_dir","tests.unit","Mon May 11 12:12:59 UTC 2026","passed","Mon May 11 12:12:59 UTC 2026","","test_config","",""
"","8","test_delete_schema_removes_existing_file","tests.unit","Mon May 11 12:13:00 UTC 2026","passed","Mon May 11 12:13:00 UTC 2026","","test_server_handlers","",""
"T-03: AI assistance trend rendered alone — ai_pct must be displayed with %.","25","test_t03_ai_trend_alone_pct","tests.component","Mon May 11 12:12:57 UTC 2026","passed","Mon May 11 12:12:57 UTC 2026","","test_cross_section_chart_labels","",""
"POST /api/fetch-cert for an unreachable host returns 200 with ok=False.","28","test_fetch_cert_unreachable_host_returns_error","tests.component","Mon May 11 12:13:10 UTC 2026","passed","Mon May 11 12:13:10 UTC 2026","","test_server","",""
"GET /api/cert-status with a valid cert PEM returns all validity fields.","2","test_cert_status_with_valid_cert_returns_enriched_fields","tests.component","Mon May 11 12:13:08 UTC 2026","passed","Mon May 11 12:13:08 UTC 2026","","test_server","",""
"End-to-end regression for the user-reported bug:

    Sprint 6's velocity should be 18, not 23. The 5-point ticket whose sprint
    field includes Sprint 7 (active, not fetched) must not inflate Sprint 6.
    ","1","test_velocity_excludes_ticket_carried_to_unfetched_active_sprint","tests.unit","Mon May 11 12:13:00 UTC 2026","passed","Mon May 11 12:13:00 UTC 2026","","test_metrics","",""
"","0","test_file_created","tests.component","Mon May 11 12:12:58 UTC 2026","passed","Mon May 11 12:12:58 UTC 2026","","test_report_md","",""
"Second POST for the same name returns updated:true.","16","test_post_schema_updates_existing_entry","tests.unit","Mon May 11 12:13:00 UTC 2026","passed","Mon May 11 12:13:00 UTC 2026","","test_server_handlers","",""
"","0","test_md_has_dau_heading_when_data_present","tests.component","Mon May 11 12:12:57 UTC 2026","passed","Mon May 11 12:12:57 UTC 2026","","test_dau_report","",""
"","26","test_ai_usage_details_section_present","tests.component","Mon May 11 12:12:58 UTC 2026","passed","Mon May 11 12:12:58 UTC 2026","","test_report_html","",""
"","1","test_example_not_modified_after_create","tests.component","Mon May 11 12:13:24 UTC 2026","passed","Mon May 11 12:13:24 UTC 2026","TestPostConfig","test_server_config","",""
"MC-FMT-107: summary line shows team_avg as 'X / 5' (absolute) and team_avg_pct as '(Y%)'.","25","test_dau_team_avg_shown_in_html","tests.component","Mon May 11 12:12:57 UTC 2026","passed","Mon May 11 12:12:57 UTC 2026","","test_dau_report","",""
"","24","test_get_root_returns_200","tests.component","Mon May 11 12:12:59 UTC 2026","passed","Mon May 11 12:12:59 UTC 2026","","test_server","",""
"","2","test_ai_exclude_labels_parsed","tests.unit","Mon May 11 12:12:59 UTC 2026","passed","Mon May 11 12:12:59 UTC 2026","","test_config","",""
"","0","test_ai_usage_fallback_uses_tool_or_action_labels","tests.unit","Mon May 11 12:13:00 UTC 2026","passed","Mon May 11 12:13:00 UTC 2026","","test_metrics","",""
"","2","test_env_bool_values[yes-True]","tests.unit","Mon May 11 12:12:59 UTC 2026","passed","Mon May 11 12:12:59 UTC 2026","","test_config","",""
"When estimation_type=JiraTickets, each done issue counts as 1 regardless of SP.","0","test_ai_trend_jira_tickets_mode_counts_issues_not_story_points","tests.unit","Mon May 11 12:13:00 UTC 2026","passed","Mon May 11 12:13:00 UTC 2026","","test_metrics","",""
"GET /api/schemas?name=<default> returns the full schema.","2","test_get_schema_by_name","tests.component","Mon May 11 12:13:11 UTC 2026","passed","Mon May 11 12:13:11 UTC 2026","","test_server","",""
"A second run replaces previously normalized files.","2","test_stale_normalized_files_cleared_on_rerun","tests.unit","Mon May 11 12:12:59 UTC 2026","passed","Mon May 11 12:12:59 UTC 2026","","test_dau_normalizer","",""
"","2","test_ai_assisted_label_default","tests.unit","Mon May 11 12:12:59 UTC 2026","passed","Mon May 11 12:12:59 UTC 2026","","test_config","",""
"","1","test_three_response_files_counted","tests.unit","Mon May 11 12:12:59 UTC 2026","passed","Mon May 11 12:12:59 UTC 2026","","test_dau_metrics","",""
"","0","test_parse_args_no_args","tests.unit","Mon May 11 12:13:00 UTC 2026","passed","Mon May 11 12:13:00 UTC 2026","","test_main_helpers","",""
"","1","test_compact_timestamp_format","tests.unit","Mon May 11 12:12:59 UTC 2026","passed","Mon May 11 12:12:59 UTC 2026","","test_dau_normalizer","",""
"","1","test_get_active_schema_no_file_returns_hardcoded_default","tests.unit","Mon May 11 12:13:00 UTC 2026","passed","Mon May 11 12:13:00 UTC 2026","","test_schema","",""
"","1","test_ai_trend_no_done_issues","tests.unit","Mon May 11 12:13:00 UTC 2026","passed","Mon May 11 12:13:00 UTC 2026","","test_metrics","",""
"","1","test_crlf_file_does_not_crash","tests.component","Mon May 11 12:13:18 UTC 2026","passed","Mon May 11 12:13:18 UTC 2026","TestWriteEnvFields","test_server_config","",""
"","0","test_template_file_exists","tests.component","Mon May 11 12:12:57 UTC 2026","passed","Mon May 11 12:12:57 UTC 2026","","test_report_html","",""
"","1","test_by_role_correct_avg_and_count","tests.unit","Mon May 11 12:12:59 UTC 2026","passed","Mon May 11 12:12:59 UTC 2026","","test_dau_metrics","",""
"Same user, different weeks → two records written.","1","test_dedup_different_weeks_both_kept","tests.unit","Mon May 11 12:12:59 UTC 2026","passed","Mon May 11 12:12:59 UTC 2026","","test_dau_normalizer","",""
"","2","test_jira_schema_name_custom","tests.unit","Mon May 11 12:12:59 UTC 2026","passed","Mon May 11 12:12:59 UTC 2026","","test_config","",""
"","9","test_read_env_credentials_reads_values_from_env_file","tests.unit","Mon May 11 12:13:00 UTC 2026","passed","Mon May 11 12:13:00 UTC 2026","","test_server_handlers","",""
"status = Done is always emitted regardless of whether JIRA_FILTER_STATUS is present.","7","test_build_jql_status_always_done","tests.unit","Mon May 11 12:12:59 UTC 2026","passed","Mon May 11 12:12:59 UTC 2026","","test_filter_handlers","",""
"","1","test_project_type_default_scrum","tests.unit","Mon May 11 12:12:59 UTC 2026","passed","Mon May 11 12:12:59 UTC 2026","","test_config","",""
"","1","test_compute_velocity_no_issues","tests.unit","Mon May 11 12:13:00 UTC 2026","passed","Mon May 11 12:13:00 UTC 2026","","test_metrics","",""
"Custom terminal status name without resolutiondate is not considered done.","0","test_is_done_no_resolutiondate_custom_status","tests.unit","Mon May 11 12:13:00 UTC 2026","passed","Mon May 11 12:13:00 UTC 2026","","test_metrics","",""
"","0","test_import_app_cert_utils","tests.unit","Mon May 11 12:12:59 UTC 2026","passed","Mon May 11 12:12:59 UTC 2026","","test_imports","",""
"","0","test_md_report_ai_assistance_hidden_when_toggled_off","tests.component","Mon May 11 12:12:58 UTC 2026","passed","Mon May 11 12:12:58 UTC 2026","","test_report_md","",""
"","1","test_get_story_points_numeric_float","tests.unit","Mon May 11 12:13:00 UTC 2026","passed","Mon May 11 12:13:00 UTC 2026","","test_metrics","",""
"","1","test_get_in_progress_statuses","tests.unit","Mon May 11 12:13:00 UTC 2026","passed","Mon May 11 12:13:00 UTC 2026","","test_schema","",""
"","0","test_build_schema_from_fields_preserves_defaults_for_missing","tests.unit","Mon May 11 12:13:00 UTC 2026","passed","Mon May 11 12:13:00 UTC 2026","","test_schema","",""
"","2","test_board_id_numeric","tests.unit","Mon May 11 12:12:58 UTC 2026","passed","Mon May 11 12:12:58 UTC 2026","","test_config","",""
"","2","test_main_keeps_running_when_filter_name_lookup_fails","tests.unit","Mon May 11 12:12:58 UTC 2026","passed","Mon May 11 12:12:58 UTC 2026","","test_cli","",""
"","2","test_env_bool_values[1-True]","tests.unit","Mon May 11 12:12:59 UTC 2026","passed","Mon May 11 12:12:59 UTC 2026","","test_config","",""
"","2","test_env_bool_values[0-False]","tests.unit","Mon May 11 12:12:59 UTC 2026","passed","Mon May 11 12:12:59 UTC 2026","","test_config","",""
"","1","test_md_has_dau_trend_heading","tests.component","Mon May 11 12:12:57 UTC 2026","passed","Mon May 11 12:12:57 UTC 2026","","test_dau_report","",""
"","0","test_creates_env_from_scratch_when_both_absent","tests.component","Mon May 11 12:13:18 UTC 2026","passed","Mon May 11 12:13:18 UTC 2026","TestWriteEnvFields","test_server_config","",""
"","0","test_get_story_points_custom_field","tests.unit","Mon May 11 12:13:00 UTC 2026","passed","Mon May 11 12:13:00 UTC 2026","","test_metrics","",""
"Comments and blank lines must not be removed by _write_env_fields.","0","test_preserves_comment_lines_and_blanks","tests.component","Mon May 11 12:13:18 UTC 2026","passed","Mon May 11 12:13:18 UTC 2026","TestWriteEnvFields","test_server_config","",""
"","0","test_get_sprints_filtered_by_name_substring","tests.unit","Mon May 11 12:12:59 UTC 2026","passed","Mon May 11 12:12:59 UTC 2026","","test_jira_client","",""
"","1","test_delete_schema_removes_entry","tests.unit","Mon May 11 12:13:00 UTC 2026","passed","Mon May 11 12:13:00 UTC 2026","","test_schema","",""
"validate_cert() on a missing file returns the error-shape consumed by _handle_cert_status.","0","test_validate_cert_response_has_all_keys_when_missing","tests.component","Mon May 11 12:12:56 UTC 2026","passed","Mon May 11 12:12:56 UTC 2026","","test_contracts","",""
"LOG_LEVEL env var (set in config/defaults.env or .env) overrides the default.","1","test_setup_logging_level_configurable_via_env[WARNING-30]","tests.unit","Mon May 11 12:13:00 UTC 2026","passed","Mon May 11 12:13:00 UTC 2026","","test_logging_setup","",""
"","25","test_ai_usage_section_hidden_when_section_visibility_false","tests.component","Mon May 11 12:12:58 UTC 2026","passed","Mon May 11 12:12:58 UTC 2026","","test_report_html","",""
"","8","test_slugify_returns_safe_filename[!!!-schema]","tests.unit","Mon May 11 12:13:00 UTC 2026","passed","Mon May 11 12:13:00 UTC 2026","","test_server_handlers","",""
"_build_jql_from_params() produces correct JQL clauses for each param combination.","8","test_build_jql_from_params[params3-project = PROJ-sprint in closedSprints()]","tests.unit","Mon May 11 12:12:59 UTC 2026","passed","Mon May 11 12:12:59 UTC 2026","","test_filter_handlers","",""
"","0","test_md_report_ai_assistance_shows_label","tests.component","Mon May 11 12:12:58 UTC 2026","passed","Mon May 11 12:12:58 UTC 2026","","test_report_md","",""
"Issues without a sprint field (legacy / unusual data) fall back to
    most-recent-membership attribution.","0","test_dedup_falls_back_when_sprint_field_missing","tests.unit","Mon May 11 12:13:00 UTC 2026","passed","Mon May 11 12:13:00 UTC 2026","","test_metrics","",""
"MC-FMT-101: velocity bar chart ticks are plain numbers; no % callback on the Y axis.","25","test_velocity_chart_y_axis_has_no_percent_suffix","tests.component","Mon May 11 12:12:58 UTC 2026","passed","Mon May 11 12:12:58 UTC 2026","","test_report_html","",""
"","2","test_project_type_kanban","tests.unit","Mon May 11 12:12:59 UTC 2026","passed","Mon May 11 12:12:59 UTC 2026","","test_config","",""
"","2","test_returns_configured_true_when_all_fields_set","tests.component","Mon May 11 12:13:18 UTC 2026","passed","Mon May 11 12:13:18 UTC 2026","TestGetConfig","test_server_config","",""
"AI labels live per-filter in jira_filters.json — they are not part of
        the global /api/config response, even when present in env files.","2","test_ai_label_fields_never_returned","tests.component","Mon May 11 12:13:31 UTC 2026","passed","Mon May 11 12:13:31 UTC 2026","TestGetConfigExtended","test_server_config","",""
"Issues with resolutiondate are done regardless of status name (covers KANBAN custom statuses).","0","test_is_done_resolutiondate_fallback","tests.unit","Mon May 11 12:13:00 UTC 2026","passed","Mon May 11 12:13:00 UTC 2026","","test_metrics","",""
"","0","test_is_done_custom_statuses_case_insensitive","tests.unit","Mon May 11 12:13:00 UTC 2026","passed","Mon May 11 12:13:00 UTC 2026","","test_metrics","",""
"","1","test_md_report_diagnostics_section_present","tests.component","Mon May 11 12:12:58 UTC 2026","passed","Mon May 11 12:12:58 UTC 2026","","test_report_md","",""
"","0","test_get_done_statuses","tests.unit","Mon May 11 12:13:00 UTC 2026","passed","Mon May 11 12:13:00 UTC 2026","","test_schema","",""
"","0","test_build_schema_from_fields_detects_sprint","tests.unit","Mon May 11 12:13:00 UTC 2026","passed","Mon May 11 12:13:00 UTC 2026","","test_schema","",""
"","0","test_get_field_jql_name_falls_back_to_id","tests.unit","Mon May 11 12:13:00 UTC 2026","passed","Mon May 11 12:13:00 UTC 2026","","test_schema","",""
"","1","test_post_unknown_returns_404","tests.component","Mon May 11 12:13:04 UTC 2026","passed","Mon May 11 12:13:04 UTC 2026","","test_server","",""
"","7","test_get_schema_detail_rejects_path_traversal","tests.unit","Mon May 11 12:13:00 UTC 2026","passed","Mon May 11 12:13:00 UTC 2026","","test_server_handlers","",""
"","1","test_setup_logging_attaches_file_handler","tests.unit","Mon May 11 12:13:00 UTC 2026","passed","Mon May 11 12:13:00 UTC 2026","","test_logging_setup","",""
"","26","test_date_present","tests.component","Mon May 11 12:12:57 UTC 2026","passed","Mon May 11 12:12:57 UTC 2026","","test_report_html","",""
"","1","test_filter_id_numeric","tests.unit","Mon May 11 12:12:58 UTC 2026","passed","Mon May 11 12:12:58 UTC 2026","","test_config","",""
"","0","test_create_client_passes_verify_ssl","tests.unit","Mon May 11 12:12:59 UTC 2026","passed","Mon May 11 12:12:59 UTC 2026","","test_jira_client","",""
"DAU_NORMALIZED_DIR resolves to <DAU_PATH>/normalized when DAU_PATH is set.","2","test_dau_path_env_var_drives_normalized_dir","tests.unit","Mon May 11 12:12:59 UTC 2026","passed","Mon May 11 12:12:59 UTC 2026","","test_config","",""
"","25","test_html_dau_section_hidden_when_visibility_false","tests.component","Mon May 11 12:12:57 UTC 2026","passed","Mon May 11 12:12:57 UTC 2026","","test_dau_report","",""
"","1","test_compute_dau_trend_multiple_weeks_sorted","tests.unit","Mon May 11 12:12:59 UTC 2026","passed","Mon May 11 12:12:59 UTC 2026","","test_dau_metrics","",""
"2026-03-30 (Monday) is in 2026-W14.","0","test_derive_iso_week_monday","tests.unit","Mon May 11 12:12:59 UTC 2026","passed","Mon May 11 12:12:59 UTC 2026","","test_dau_normalizer","",""
"","0","test_ai_usage_empty_labels","tests.unit","Mon May 11 12:13:00 UTC 2026","passed","Mon May 11 12:13:00 UTC 2026","","test_metrics","",""
"Entries written by _save_filters() are returned by a fresh _load_filters() call.","15","test_filter_data_persists_across_loads","tests.unit","Mon May 11 12:12:59 UTC 2026","passed","Mon May 11 12:12:59 UTC 2026","","test_filter_handlers","",""
"","1","test_optional_fields_included_when_present","tests.component","Mon May 11 12:13:21 UTC 2026","passed","Mon May 11 12:13:21 UTC 2026","TestGetConfig","test_server_config","",""
"Second POST with the same schema_name returns updated:true.","2","test_post_schema_updates_existing","tests.component","Mon May 11 12:13:15 UTC 2026","passed","Mon May 11 12:13:15 UTC 2026","","test_server","",""
"","0","test_delete_schema_refuses_default","tests.unit","Mon May 11 12:13:00 UTC 2026","passed","Mon May 11 12:13:00 UTC 2026","","test_schema","",""
"","0","test_validate_cert_missing_file","tests.unit","Mon May 11 12:12:58 UTC 2026","passed","Mon May 11 12:12:58 UTC 2026","","test_cert_validation","",""
"","9","test_handle_test_connection_returns_user_details_on_success","tests.unit","Mon May 11 12:13:00 UTC 2026","passed","Mon May 11 12:13:00 UTC 2026","","test_server_handlers","",""
"","1","test_ai_trend_fallback_uses_action_labels_when_assisted_label_empty","tests.unit","Mon May 11 12:13:00 UTC 2026","passed","Mon May 11 12:13:00 UTC 2026","","test_metrics","",""
"Credentials must NOT appear embedded in the url parameter.","1","test_create_client_no_credentials_in_url_kwarg","tests.unit","Mon May 11 12:13:00 UTC 2026","passed","Mon May 11 12:13:00 UTC 2026","","test_jira_client","",""
"T-12: aiPointLabels + avgVelocityLabels + avgDauLabels all active.","25","test_t12_ai_trend_plus_velocity_plus_dau_trend","tests.component","Mon May 11 12:12:57 UTC 2026","passed","Mon May 11 12:12:57 UTC 2026","","test_cross_section_chart_labels","",""
"MC-FMT-002: ai_sp and total_sp are plain story-point sums, not normalised to 0-100.","0","test_compute_ai_trend_basic","tests.unit","Mon May 11 12:13:00 UTC 2026","passed","Mon May 11 12:13:00 UTC 2026","","test_metrics","",""
"","0","test_get_labels_missing_fields","tests.unit","Mon May 11 12:13:00 UTC 2026","passed","Mon May 11 12:13:00 UTC 2026","","test_metrics","",""
"An explicit DAU_NORMALIZED_DIR wins over the value derived from DAU_PATH.","2","test_dau_normalized_dir_env_overrides_dau_path","tests.unit","Mon May 11 12:12:59 UTC 2026","passed","Mon May 11 12:12:59 UTC 2026","","test_config","",""
"","8","test_slugify_returns_safe_filename[  Team Schema v2  -team_schema_v2]","tests.unit","Mon May 11 12:13:00 UTC 2026","passed","Mon May 11 12:13:00 UTC 2026","","test_server_handlers","",""
"","1","test_title_present","tests.component","Mon May 11 12:12:58 UTC 2026","passed","Mon May 11 12:12:58 UTC 2026","","test_report_md","",""
"","0","test_is_done[In Progress-False]","tests.unit","Mon May 11 12:13:00 UTC 2026","passed","Mon May 11 12:13:00 UTC 2026","","test_metrics","",""
"create_client() must pass timeout=55 to the Jira constructor.","1","test_create_client_passes_timeout","tests.unit","Mon May 11 12:13:00 UTC 2026","passed","Mon May 11 12:13:00 UTC 2026","","test_jira_client","",""
"","0","test_timestamp_folder_name_valid_iso","tests.unit","Mon May 11 12:13:00 UTC 2026","passed","Mon May 11 12:13:00 UTC 2026","","test_main_helpers","",""
"","25","test_velocity_value_present","tests.component","Mon May 11 12:12:57 UTC 2026","passed","Mon May 11 12:12:57 UTC 2026","","test_report_html","",""
"","1","test_get_in_progress_statuses_defaults","tests.unit","Mon May 11 12:13:00 UTC 2026","passed","Mon May 11 12:13:00 UTC 2026","","test_schema","",""
"A trailing ORDER BY clause is dropped so the JQL is composable with parens + AND.","0","test_get_filter_jql_strips_trailing_order_by","tests.unit","Mon May 11 12:12:59 UTC 2026","passed","Mon May 11 12:12:59 UTC 2026","","test_jira_client","",""
"","1","test_malformed_json_skipped_no_exception","tests.unit","Mon May 11 12:12:59 UTC 2026","passed","Mon May 11 12:12:59 UTC 2026","","test_dau_normalizer","",""
"","2","test_project_type_invalid_falls_back","tests.unit","Mon May 11 12:12:59 UTC 2026","passed","Mon May 11 12:12:59 UTC 2026","","test_config","",""
"","0","test_load_dau_records_empty_dir","tests.unit","Mon May 11 12:12:59 UTC 2026","passed","Mon May 11 12:12:59 UTC 2026","","test_dau_metrics","",""
"Files in a nested subdirectory of raw_dir are discovered and processed.","1","test_nested_folders_are_traversed","tests.unit","Mon May 11 12:12:59 UTC 2026","passed","Mon May 11 12:12:59 UTC 2026","","test_dau_normalizer","",""
"MC-FMT-006: team_avg is an average days-per-week score on the 0-5 scale, not 0-100.","0","test_compute_dau_metrics_team_avg","tests.unit","Mon May 11 12:12:59 UTC 2026","passed","Mon May 11 12:12:59 UTC 2026","","test_dau_metrics","",""
"","0","test_build_metrics_dict_sprint_issue_details_issue_shape","tests.unit","Mon May 11 12:13:00 UTC 2026","passed","Mon May 11 12:13:00 UTC 2026","","test_metrics","",""
"","0","test_compute_velocity_mixed_statuses","tests.unit","Mon May 11 12:13:00 UTC 2026","passed","Mon May 11 12:13:00 UTC 2026","","test_metrics","",""
"A record that already has 'week' keeps it unchanged.","0","test_load_dau_records_preserves_existing_week","tests.unit","Mon May 11 12:12:59 UTC 2026","passed","Mon May 11 12:12:59 UTC 2026","","test_dau_metrics","",""
"","2","test_jira_url_trailing_slash_stripped","tests.unit","Mon May 11 12:12:58 UTC 2026","passed","Mon May 11 12:12:58 UTC 2026","","test_config","",""
"","2","test_missing_env_file_returns_empty_config","tests.component","Mon May 11 12:13:20 UTC 2026","passed","Mon May 11 12:13:20 UTC 2026","TestGetConfig","test_server_config","",""
"","0","test_get_board_id_from_config","tests.unit","Mon May 11 12:12:59 UTC 2026","passed","Mon May 11 12:12:59 UTC 2026","","test_jira_client","",""
"","0","test_md_report_ai_usage_hidden_when_toggled_off","tests.component","Mon May 11 12:12:58 UTC 2026","passed","Mon May 11 12:12:58 UTC 2026","","test_report_md","",""
"","1","test_main_returns_1_when_config_invalid","tests.unit","Mon May 11 12:12:58 UTC 2026","passed","Mon May 11 12:12:58 UTC 2026","","test_cli","",""
"MC-FMT-004: tool pct = count / ai_assisted_issue_count * 100.","1","test_ai_usage_details_tool_breakdown_pct","tests.unit","Mon May 11 12:13:00 UTC 2026","passed","Mon May 11 12:13:00 UTC 2026","","test_metrics","",""
"","0","test_velocity_row_has_required_keys","tests.component","Mon May 11 12:12:56 UTC 2026","passed","Mon May 11 12:12:56 UTC 2026","","test_contracts","",""
"","0","test_ai_usage_no_ai_issues","tests.unit","Mon May 11 12:13:00 UTC 2026","passed","Mon May 11 12:13:00 UTC 2026","","test_metrics","",""
"","1","test_empty_value_not_included","tests.component","Mon May 11 12:13:21 UTC 2026","passed","Mon May 11 12:13:21 UTC 2026","TestGetConfig","test_server_config","",""
"","0","test_get_labels_empty_list","tests.unit","Mon May 11 12:13:00 UTC 2026","passed","Mon May 11 12:13:00 UTC 2026","","test_metrics","",""
"ORDER BY stripping is case-insensitive.","0","test_get_filter_jql_strips_order_by_case_insensitive","tests.unit","Mon May 11 12:12:59 UTC 2026","passed","Mon May 11 12:12:59 UTC 2026","","test_jira_client","",""
"KANBAN issues that carry a Jira sprint custom field must NOT be dropped.

    Real Jira KANBAN boards (especially those built on top of SCRUM-capable projects)
    return issues whose ``customfield_10020`` carries one or more sprint IDs. The
    SCRUM attribution rule ""drop if owner sprint not in fetched window"" makes the
    entire KANBAN report empty because none of the integer Jira sprint IDs match
    the string period IDs (``week-2026-W17`` etc.) — fall back to placement instead.
    ","1","test_dedup_kanban_keeps_issues_with_sprint_field","tests.unit","Mon May 11 12:13:00 UTC 2026","passed","Mon May 11 12:13:00 UTC 2026","","test_metrics","",""
"_serve_file must suppress all _CLIENT_DISCONNECT exceptions during write.","8","test_serve_file_catches_client_disconnect[BrokenPipeError]","tests.unit","Mon May 11 12:13:00 UTC 2026","passed","Mon May 11 12:13:00 UTC 2026","","test_server_handlers","",""
"","0","test_timestamp_folder_name_none","tests.unit","Mon May 11 12:13:00 UTC 2026","passed","Mon May 11 12:13:00 UTC 2026","","test_main_helpers","",""
"","0","test_setup_logging_creates_log_file","tests.unit","Mon May 11 12:13:00 UTC 2026","passed","Mon May 11 12:13:00 UTC 2026","","test_logging_setup","",""
"","2","test_ai_tool_labels_parsed","tests.unit","Mon May 11 12:12:59 UTC 2026","passed","Mon May 11 12:12:59 UTC 2026","","test_config","",""
"","0","test_build_metrics_dict_story_points_velocity_unchanged","tests.unit","Mon May 11 12:13:00 UTC 2026","passed","Mon May 11 12:13:00 UTC 2026","","test_metrics","",""
"","1","test_token_always_masked_as_stars","tests.component","Mon May 11 12:13:19 UTC 2026","passed","Mon May 11 12:13:19 UTC 2026","TestGetConfig","test_server_config","",""
"","0","test_sprint_issue_details_ai_flag_independent_of_exclusion","tests.unit","Mon May 11 12:13:00 UTC 2026","passed","Mon May 11 12:13:00 UTC 2026","","test_metrics","",""
"","0","test_ai_trend_row_has_required_keys","tests.component","Mon May 11 12:12:56 UTC 2026","passed","Mon May 11 12:12:56 UTC 2026","","test_contracts","",""
"","1","test_get_board_id_raises_when_not_configured","tests.unit","Mon May 11 12:12:59 UTC 2026","passed","Mon May 11 12:12:59 UTC 2026","","test_jira_client","",""
"","1","test_test_connection_missing_fields","tests.component","Mon May 11 12:13:01 UTC 2026","passed","Mon May 11 12:13:01 UTC 2026","","test_server","",""
"_build_jql_from_params() produces correct JQL clauses for each param combination.","8","test_build_jql_from_params[params0-project = PROJ-None]","tests.unit","Mon May 11 12:12:59 UTC 2026","passed","Mon May 11 12:12:59 UTC 2026","","test_filter_handlers","",""
"","2","test_post_saves_filter_fields_to_env","tests.component","Mon May 11 12:13:29 UTC 2026","passed","Mon May 11 12:13:29 UTC 2026","TestPostConfig","test_server_config","",""
"jira_client returns sprints newest-first; dedup must still attribute to the most recent sprint.","1","test_dedup_newest_first_input_still_keeps_issue_in_most_recent","tests.unit","Mon May 11 12:13:00 UTC 2026","passed","Mon May 11 12:13:00 UTC 2026","","test_metrics","",""
"","0","test_breakdown_sorted_descending_by_count","tests.unit","Mon May 11 12:12:59 UTC 2026","passed","Mon May 11 12:12:59 UTC 2026","","test_dau_metrics","",""
"","274","test_generate_ends_with_close_event","tests.component","Mon May 11 12:13:06 UTC 2026","passed","Mon May 11 12:13:06 UTC 2026","","test_server","",""
"_CLIENT_DISCONNECT must catch BrokenPipeError, ConnectionAbortedError, and ConnectionResetError.","8","test_client_disconnect_tuple_includes_all_error_types","tests.unit","Mon May 11 12:13:00 UTC 2026","passed","Mon May 11 12:13:00 UTC 2026","","test_server_handlers","",""
"When LOG_LEVEL is unset, root logger defaults to DEBUG.","0","test_setup_logging_default_level_is_debug","tests.unit","Mon May 11 12:13:00 UTC 2026","passed","Mon May 11 12:13:00 UTC 2026","","test_logging_setup","",""
"When DAU_PATH env is unset, the default filter's DAU_PATH (data/dau/default) is used.","2","test_dau_path_falls_back_to_default_filter_when_env_unset","tests.unit","Mon May 11 12:12:59 UTC 2026","passed","Mon May 11 12:12:59 UTC 2026","","test_config","",""
"LOG_LEVEL env var (set in config/defaults.env or .env) overrides the default.","1","test_setup_logging_level_configurable_via_env[INFO-20]","tests.unit","Mon May 11 12:13:00 UTC 2026","passed","Mon May 11 12:13:00 UTC 2026","","test_logging_setup","",""
"_serve_file must suppress all _CLIENT_DISCONNECT exceptions during write.","8","test_serve_file_catches_client_disconnect[ConnectionAbortedError]","tests.unit","Mon May 11 12:13:01 UTC 2026","passed","Mon May 11 12:13:01 UTC 2026","","test_server_handlers","",""
"","0","test_fetch_sprint_data_passes_filter_jql_to_each_sprint","tests.unit","Mon May 11 12:13:00 UTC 2026","passed","Mon May 11 12:13:00 UTC 2026","","test_jira_client","",""
"The default filter exposes params.DAU_PATH = data/dau/default.","9","test_default_filter_carries_dau_path","tests.unit","Mon May 11 12:12:59 UTC 2026","passed","Mon May 11 12:12:59 UTC 2026","","test_filter_handlers","",""
"","2","test_estimation_type_jira_tickets","tests.unit","Mon May 11 12:12:59 UTC 2026","passed","Mon May 11 12:12:59 UTC 2026","","test_config","",""
"","2","test_ai_action_labels_parsed","tests.unit","Mon May 11 12:12:59 UTC 2026","passed","Mon May 11 12:12:59 UTC 2026","","test_config","",""
"","0","test_import_app_jira_client","tests.unit","Mon May 11 12:12:59 UTC 2026","passed","Mon May 11 12:12:59 UTC 2026","","test_imports","",""
"","1","test_import_app_metrics","tests.unit","Mon May 11 12:12:59 UTC 2026","passed","Mon May 11 12:12:59 UTC 2026","","test_imports","",""
"","8","test_resolve_report_path_rejects_path_traversal","tests.unit","Mon May 11 12:13:00 UTC 2026","passed","Mon May 11 12:13:00 UTC 2026","","test_server_handlers","",""
"","1","test_load_schemas_invalid_json","tests.unit","Mon May 11 12:13:00 UTC 2026","passed","Mon May 11 12:13:00 UTC 2026","","test_schema","",""
"","8","test_resolve_report_path_allows_files_under_reports","tests.unit","Mon May 11 12:13:00 UTC 2026","passed","Mon May 11 12:13:00 UTC 2026","","test_server_handlers","",""
"","0","test_md_report_diagnostics_hidden_when_toggled_off","tests.component","Mon May 11 12:12:58 UTC 2026","passed","Mon May 11 12:12:58 UTC 2026","","test_report_md","",""
"Float custom type is detected as story_points.","0","test_build_schema_from_fields_detects_story_points_by_float_type","tests.unit","Mon May 11 12:13:00 UTC 2026","passed","Mon May 11 12:13:00 UTC 2026","","test_schema","",""
"POST with missing in_progress_statuses returns 400.","9","test_post_schema_requires_status_mapping_lists","tests.unit","Mon May 11 12:13:00 UTC 2026","passed","Mon May 11 12:13:00 UTC 2026","","test_server_handlers","",""
"","0","test_load_dau_records_returns_list","tests.unit","Mon May 11 12:12:59 UTC 2026","passed","Mon May 11 12:12:59 UTC 2026","","test_dau_metrics","",""
"DELETE /api/schemas without ?name= returns 400.","1","test_delete_schema_no_name_returns_400","tests.component","Mon May 11 12:13:16 UTC 2026","passed","Mon May 11 12:13:16 UTC 2026","","test_server","",""
"POST with no top-level 'schema' returns 400.","1","test_post_schema_missing_schema_key","tests.component","Mon May 11 12:13:12 UTC 2026","passed","Mon May 11 12:13:12 UTC 2026","","test_server","",""
"","0","test_get_filter_jql_none","tests.unit","Mon May 11 12:12:59 UTC 2026","passed","Mon May 11 12:12:59 UTC 2026","","test_jira_client","",""
"Accepts timestamps using the 'Z' suffix (via fromisoformat on Python 3.11+).","0","test_derive_iso_week_zulu_suffix","tests.unit","Mon May 11 12:12:59 UTC 2026","passed","Mon May 11 12:12:59 UTC 2026","","test_dau_normalizer","",""
"","0","test_md_table_header_row","tests.component","Mon May 11 12:12:58 UTC 2026","passed","Mon May 11 12:12:58 UTC 2026","","test_report_md","",""
"","0","test_is_done_with_custom_statuses","tests.unit","Mon May 11 12:13:00 UTC 2026","passed","Mon May 11 12:13:00 UTC 2026","","test_metrics","",""
"Editing schema_name to match an existing entry overwrites that entry (upsert).","4","test_post_schema_rename_collision_overwrites","tests.component","Mon May 11 12:13:15 UTC 2026","passed","Mon May 11 12:13:15 UTC 2026","","test_server","",""
"","0","test_compute_dau_trend_empty_dir","tests.unit","Mon May 11 12:12:59 UTC 2026","passed","Mon May 11 12:12:59 UTC 2026","","test_dau_metrics","",""
"","25","test_ai_usage_tools_canvas_present","tests.component","Mon May 11 12:12:58 UTC 2026","passed","Mon May 11 12:12:58 UTC 2026","","test_report_html","",""
"","2","test_filter_id_empty","tests.unit","Mon May 11 12:12:58 UTC 2026","passed","Mon May 11 12:12:58 UTC 2026","","test_config","",""
"","25","test_project_key_shown_when_present","tests.component","Mon May 11 12:12:58 UTC 2026","passed","Mon May 11 12:12:58 UTC 2026","","test_report_html","",""
"","0","test_save_schema_appends_new","tests.unit","Mon May 11 12:13:00 UTC 2026","passed","Mon May 11 12:13:00 UTC 2026","","test_schema","",""
"","0","test_sprint_factory_has_keys_used_by_ai_trend","tests.component","Mon May 11 12:12:56 UTC 2026","passed","Mon May 11 12:12:56 UTC 2026","","test_contracts","",""
"When board_statuses is None the default status_mapping is preserved.","1","test_build_schema_from_fields_none_board_statuses_uses_defaults","tests.unit","Mon May 11 12:13:00 UTC 2026","passed","Mon May 11 12:13:00 UTC 2026","","test_schema","",""
"","1","test_dedup_mixed_unique_and_duplicate","tests.unit","Mon May 11 12:13:00 UTC 2026","passed","Mon May 11 12:13:00 UTC 2026","","test_metrics","",""
"","1","test_get_field_id","tests.unit","Mon May 11 12:13:00 UTC 2026","passed","Mon May 11 12:13:00 UTC 2026","","test_schema","",""
"A local JIRA_FILTER_JQL with ORDER BY is normalised before being wrapped in parens.","1","test_fetch_kanban_data_strips_order_by_from_local_filter_jql","tests.unit","Mon May 11 12:13:00 UTC 2026","passed","Mon May 11 12:13:00 UTC 2026","","test_jira_client","",""
"","0","test_is_done[Released-False]","tests.unit","Mon May 11 12:13:00 UTC 2026","passed","Mon May 11 12:13:00 UTC 2026","","test_metrics","",""
"","0","test_templates_dir_exists","tests.component","Mon May 11 12:12:57 UTC 2026","passed","Mon May 11 12:12:57 UTC 2026","","test_report_html","",""
"","0","test_parse_iso[-False]","tests.unit","Mon May 11 12:13:00 UTC 2026","passed","Mon May 11 12:13:00 UTC 2026","","test_metrics","",""
"A record without 'week' gets it derived from 'timestamp'.","0","test_load_dau_records_derives_week_from_timestamp","tests.unit","Mon May 11 12:12:59 UTC 2026","passed","Mon May 11 12:12:59 UTC 2026","","test_dau_metrics","",""
"Unrecognized LOG_LEVEL values fall back to DEBUG rather than raising.","1","test_setup_logging_unknown_level_falls_back_to_debug","tests.unit","Mon May 11 12:13:00 UTC 2026","passed","Mon May 11 12:13:00 UTC 2026","","test_logging_setup","",""
"T-13: three sections with % labels; no velocity chart present as a cross-contamination target.","25","test_t13_ai_usage_plus_ai_trend_plus_dau_trend","tests.component","Mon May 11 12:12:57 UTC 2026","passed","Mon May 11 12:12:57 UTC 2026","","test_cross_section_chart_labels","",""
"","0","test_ai_usage_action_breakdown","tests.unit","Mon May 11 12:13:00 UTC 2026","passed","Mon May 11 12:13:00 UTC 2026","","test_metrics","",""
"Active sprint must be index 0 so the template's .reverse() places it rightmost in charts.","1","test_get_sprints_active_sprint_comes_first","tests.unit","Mon May 11 12:12:59 UTC 2026","passed","Mon May 11 12:12:59 UTC 2026","","test_jira_client","",""
"","2","test_sprint_count_custom","tests.unit","Mon May 11 12:12:58 UTC 2026","passed","Mon May 11 12:12:58 UTC 2026","","test_config","",""
"","1","test_get_sprints_excludes_active_when_closed_only","tests.unit","Mon May 11 12:12:59 UTC 2026","passed","Mon May 11 12:12:59 UTC 2026","","test_jira_client","",""
"","0","test_dedup_kanban_string_sprint_ids","tests.unit","Mon May 11 12:13:00 UTC 2026","passed","Mon May 11 12:13:00 UTC 2026","","test_metrics","",""
"","0","test_load_dau_records_reads_from_subdirectory","tests.unit","Mon May 11 12:12:59 UTC 2026","passed","Mon May 11 12:12:59 UTC 2026","","test_dau_metrics","",""
"T-01: velocity rendered alone — avg-line labels must be plain numbers, no %.","37","test_t01_velocity_alone_no_pct","tests.component","Mon May 11 12:12:56 UTC 2026","passed","Mon May 11 12:12:56 UTC 2026","","test_cross_section_chart_labels","",""
"MC-FMT-004: action pct can exceed 100% when an issue carries multiple action labels.","0","test_ai_usage_details_action_breakdown_pct","tests.unit","Mon May 11 12:13:00 UTC 2026","passed","Mon May 11 12:13:00 UTC 2026","","test_metrics","",""
"","8","test_delete_schema_rejects_invalid_filename","tests.unit","Mon May 11 12:13:00 UTC 2026","passed","Mon May 11 12:13:00 UTC 2026","","test_server_handlers","",""
"","0","test_is_done_missing_fields","tests.unit","Mon May 11 12:13:00 UTC 2026","passed","Mon May 11 12:13:00 UTC 2026","","test_metrics","",""
"","0","test_ai_usage_dedup_across_sprints","tests.unit","Mon May 11 12:13:00 UTC 2026","passed","Mon May 11 12:13:00 UTC 2026","","test_metrics","",""
"Same (username, week) in two different subdirs both survive — dedup is per-directory.","2","test_dedup_per_directory_independent","tests.unit","Mon May 11 12:12:59 UTC 2026","passed","Mon May 11 12:12:59 UTC 2026","","test_dau_normalizer","",""
"JIRA_API_TOKEN, JIRA_EMAIL, and JIRA_URL values must never appear in logs.","1","test_credentials_not_in_log_output","tests.unit","Mon May 11 12:13:00 UTC 2026","passed","Mon May 11 12:13:00 UTC 2026","","test_logging_setup","",""
"Jira URL must be masked in error messages.","0","test_sanitise_error_replaces_url","tests.unit","Mon May 11 12:13:00 UTC 2026","passed","Mon May 11 12:13:00 UTC 2026","","test_jira_client","",""
"_serve_file must suppress all _CLIENT_DISCONNECT exceptions during write.","7","test_serve_file_catches_client_disconnect[ConnectionResetError]","tests.unit","Mon May 11 12:13:01 UTC 2026","passed","Mon May 11 12:13:01 UTC 2026","","test_server_handlers","",""
"","0","test_multiple_keys_written_in_one_call","tests.component","Mon May 11 12:13:18 UTC 2026","passed","Mon May 11 12:13:18 UTC 2026","TestWriteEnvFields","test_server_config","",""
"","0","test_md_report_ai_usage_section_present","tests.component","Mon May 11 12:12:58 UTC 2026","passed","Mon May 11 12:12:58 UTC 2026","","test_report_md","",""
"","1","test_timestamp_folder_name_empty_string","tests.unit","Mon May 11 12:13:00 UTC 2026","passed","Mon May 11 12:13:00 UTC 2026","","test_main_helpers","",""
"","25","test_estimation_type_shown_in_header","tests.component","Mon May 11 12:12:58 UTC 2026","passed","Mon May 11 12:12:58 UTC 2026","","test_report_html","",""
"","1","test_md_report_diagnostics_no_cycle_time_message","tests.component","Mon May 11 12:12:58 UTC 2026","passed","Mon May 11 12:12:58 UTC 2026","","test_report_md","",""
"","2","test_board_id_non_numeric","tests.unit","Mon May 11 12:12:58 UTC 2026","passed","Mon May 11 12:12:58 UTC 2026","","test_config","",""
"T-05: usagePieLabels (from AI usage) must not corrupt velocity avg-line labels.","25","test_t05_ai_usage_plus_velocity","tests.component","Mon May 11 12:12:57 UTC 2026","passed","Mon May 11 12:12:57 UTC 2026","","test_cross_section_chart_labels","",""
"Two responses from same user in same week → only latest counts.","0","test_compute_dau_trend_dedup_applied","tests.unit","Mon May 11 12:12:59 UTC 2026","passed","Mon May 11 12:12:59 UTC 2026","","test_dau_metrics","",""
"","8","test_handle_generate_emits_error_when_main_file_missing","tests.unit","Mon May 11 12:13:00 UTC 2026","passed","Mon May 11 12:13:00 UTC 2026","","test_server_handlers","",""
"","0","test_project_type_shown_in_md_header","tests.component","Mon May 11 12:12:58 UTC 2026","passed","Mon May 11 12:12:58 UTC 2026","","test_report_md","",""
"","1","test_board_id_returned_when_present","tests.component","Mon May 11 12:13:32 UTC 2026","passed","Mon May 11 12:13:32 UTC 2026","TestGetConfigExtended","test_server_config","",""
"","1","test_single_file_with_existing_week_keeps_it","tests.unit","Mon May 11 12:12:59 UTC 2026","passed","Mon May 11 12:12:59 UTC 2026","","test_dau_normalizer","",""
"","0","test_delete_schema_not_found","tests.unit","Mon May 11 12:13:00 UTC 2026","passed","Mon May 11 12:13:00 UTC 2026","","test_schema","",""
"","0","test_get_issues_for_sprint_pagination","tests.unit","Mon May 11 12:12:59 UTC 2026","passed","Mon May 11 12:12:59 UTC 2026","","test_jira_client","",""
"MC-V-OUT-003: sprint_id in output equals the id field of the input sprint.","0","test_velocity_row_sprint_id_matches_input","tests.unit","Mon May 11 12:13:00 UTC 2026","passed","Mon May 11 12:13:00 UTC 2026","","test_metrics","",""
"","1","test_get_sprints_capped_at_sprint_count","tests.unit","Mon May 11 12:12:59 UTC 2026","passed","Mon May 11 12:12:59 UTC 2026","","test_jira_client","",""
"The 'url' keyword passed to Jira() must be exactly the configured JIRA_URL.","0","test_create_client_url_kwarg_matches_config_exactly","tests.unit","Mon May 11 12:13:00 UTC 2026","passed","Mon May 11 12:13:00 UTC 2026","","test_jira_client","",""
"","25","test_html_dau_trend_hidden_when_visibility_false","tests.component","Mon May 11 12:12:57 UTC 2026","passed","Mon May 11 12:12:57 UTC 2026","","test_dau_report","",""
"","1","test_validate_config_missing_url","tests.unit","Mon May 11 12:12:58 UTC 2026","passed","Mon May 11 12:12:58 UTC 2026","","test_config","",""
"","0","test_appends_missing_key","tests.component","Mon May 11 12:13:18 UTC 2026","passed","Mon May 11 12:13:18 UTC 2026","TestWriteEnvFields","test_server_config","",""
"","0","test_ai_trend_ai_labeled_done_issues","tests.unit","Mon May 11 12:13:00 UTC 2026","passed","Mon May 11 12:13:00 UTC 2026","","test_metrics","",""
"","1","test_md_table_data_row","tests.component","Mon May 11 12:12:58 UTC 2026","passed","Mon May 11 12:12:58 UTC 2026","","test_report_md","",""
"JSR-AD-005: Null or structurally incomplete entries in the Jira fields response are tolerated.","0","test_build_schema_from_fields_tolerates_null_and_incomplete_entries","tests.unit","Mon May 11 12:13:00 UTC 2026","passed","Mon May 11 12:13:00 UTC 2026","","test_schema","",""
"T-02: AI usage rendered alone — pie slice labels must include %.","40","test_t02_ai_usage_alone_pie_pct","tests.component","Mon May 11 12:12:56 UTC 2026","passed","Mon May 11 12:12:56 UTC 2026","","test_cross_section_chart_labels","",""
"","1","test_get_schema_found","tests.unit","Mon May 11 12:13:00 UTC 2026","passed","Mon May 11 12:13:00 UTC 2026","","test_schema","",""
"","0","test_validate_cert_corrupt_file","tests.unit","Mon May 11 12:12:58 UTC 2026","passed","Mon May 11 12:12:58 UTC 2026","","test_cert_validation","",""
"AI labels are per-filter (in jira_filters.json), not global config —
        POST /api/config must not write them to defaults.env.","1","test_post_ignores_ai_labels","tests.component","Mon May 11 12:13:29 UTC 2026","passed","Mon May 11 12:13:29 UTC 2026","TestPostConfig","test_server_config","",""
"","25","test_empty_velocity_shows_no_data_message","tests.component","Mon May 11 12:12:57 UTC 2026","passed","Mon May 11 12:12:57 UTC 2026","","test_report_html","",""
"","1","test_get_filter_jql_api_error","tests.unit","Mon May 11 12:12:59 UTC 2026","passed","Mon May 11 12:12:59 UTC 2026","","test_jira_client","",""
"An absolute DAU_PATH is used directly without prepending project root.","2","test_dau_path_absolute_env_var_used_verbatim","tests.unit","Mon May 11 12:12:59 UTC 2026","passed","Mon May 11 12:12:59 UTC 2026","","test_config","",""
"","1","test_empty_body_is_noop_and_returns_ok","tests.component","Mon May 11 12:13:27 UTC 2026","passed","Mon May 11 12:13:27 UTC 2026","TestPostConfig","test_server_config","",""
"","0","test_get_filter_jql_valid","tests.unit","Mon May 11 12:12:59 UTC 2026","passed","Mon May 11 12:12:59 UTC 2026","","test_jira_client","",""
"","2","test_env_bool_values[false-False]","tests.unit","Mon May 11 12:12:59 UTC 2026","passed","Mon May 11 12:12:59 UTC 2026","","test_config","",""
"POST /api/fetch-cert with an unparseable hostname returns HTTP 400.","1","test_fetch_cert_invalid_url_returns_400","tests.component","Mon May 11 12:13:09 UTC 2026","passed","Mon May 11 12:13:09 UTC 2026","","test_server","",""
"","1","test_by_role_sorted_alphabetically","tests.unit","Mon May 11 12:12:59 UTC 2026","passed","Mon May 11 12:12:59 UTC 2026","","test_dau_metrics","",""
"","1","test_ai_trend_exclude_labels","tests.unit","Mon May 11 12:13:00 UTC 2026","passed","Mon May 11 12:13:00 UTC 2026","","test_metrics","",""
"Unknown keys in the POST body must not be written to .env.","1","test_post_config_ignores_unknown_keys","tests.component","Mon May 11 12:13:31 UTC 2026","passed","Mon May 11 12:13:31 UTC 2026","TestPostConfig","test_server_config","",""
"","25","test_ai_assistance_section_present","tests.component","Mon May 11 12:12:57 UTC 2026","passed","Mon May 11 12:12:57 UTC 2026","","test_report_html","",""
"T-04: DAU trend rendered alone — avg-line labels must include %.","25","test_t04_dau_trend_alone_pct","tests.component","Mon May 11 12:12:57 UTC 2026","passed","Mon May 11 12:12:57 UTC 2026","","test_cross_section_chart_labels","",""
"","0","test_ai_usage_details_shape","tests.component","Mon May 11 12:12:56 UTC 2026","passed","Mon May 11 12:12:56 UTC 2026","","test_contracts","",""
"","1","test_duplicate_key_only_first_occurrence_replaced","tests.component","Mon May 11 12:13:18 UTC 2026","passed","Mon May 11 12:13:18 UTC 2026","TestWriteEnvFields","test_server_config","",""
"","0","test_setup_logging_returns_logger_and_path","tests.unit","Mon May 11 12:13:00 UTC 2026","passed","Mon May 11 12:13:00 UTC 2026","","test_logging_setup","",""
"When multiple float fields exist the best-named one is chosen for story_points.","0","test_build_schema_from_fields_disambiguates_float_fields_by_name","tests.unit","Mon May 11 12:13:00 UTC 2026","passed","Mon May 11 12:13:00 UTC 2026","","test_schema","",""
"_handle_generate() merges the selected filter's JIRA_PROJECT and JIRA_TEAM_ID into env.","8","test_generate_applies_filter_params_to_subprocess_env","tests.unit","Mon May 11 12:12:59 UTC 2026","passed","Mon May 11 12:12:59 UTC 2026","","test_filter_handlers","",""
"","3","test_env_bool_values[YES-True]","tests.unit","Mon May 11 12:12:59 UTC 2026","passed","Mon May 11 12:12:59 UTC 2026","","test_config","",""
"When report_name is omitted from POST body, it defaults to the filter name.","9","test_post_filter_report_name_defaults_to_filter_name","tests.unit","Mon May 11 12:13:00 UTC 2026","passed","Mon May 11 12:13:00 UTC 2026","","test_server_handlers","",""
"Mirror of the bug fix: when the active sprint IS in the fetch
    (JIRA_CLOSED_SPRINTS_ONLY=False), the ticket lands in the active sprint.","0","test_dedup_keeps_issue_in_active_sprint_when_fetched","tests.unit","Mon May 11 12:13:00 UTC 2026","passed","Mon May 11 12:13:00 UTC 2026","","test_metrics","",""
"","4","test_env_path_points_to_project_root","tests.unit","Mon May 11 12:12:58 UTC 2026","passed","Mon May 11 12:12:58 UTC 2026","","test_config","",""
"","0","test_get_issues_for_sprint_empty","tests.unit","Mon May 11 12:12:59 UTC 2026","passed","Mon May 11 12:12:59 UTC 2026","","test_jira_client","",""
"","0","test_get_issues_for_sprint_single_page","tests.unit","Mon May 11 12:12:59 UTC 2026","passed","Mon May 11 12:12:59 UTC 2026","","test_jira_client","",""
"build_metrics_dict + generate_html + generate_md finish in under 5 s.","29","test_report_generation_completes_within_time_limit","tests.component","Mon May 11 12:12:58 UTC 2026","passed","Mon May 11 12:12:58 UTC 2026","","test_report_performance","",""
"","1","test_uncomments_commented_key","tests.component","Mon May 11 12:13:18 UTC 2026","passed","Mon May 11 12:13:18 UTC 2026","TestWriteEnvFields","test_server_config","",""
"","0","test_build_schema_from_fields_detects_story_points_by_name","tests.unit","Mon May 11 12:13:00 UTC 2026","passed","Mon May 11 12:13:00 UTC 2026","","test_schema","",""
"LOG_LEVEL env var (set in config/defaults.env or .env) overrides the default.","0","test_setup_logging_level_configurable_via_env[DEBUG-10]","tests.unit","Mon May 11 12:13:00 UTC 2026","passed","Mon May 11 12:13:00 UTC 2026","","test_logging_setup","",""
"","0","test_ai_trend_multiple_sprints","tests.unit","Mon May 11 12:13:00 UTC 2026","passed","Mon May 11 12:13:00 UTC 2026","","test_metrics","",""
